CrashSeverity,Latitude,Longitude
Serious Injury Suspected,40.963504,-82.109569
Injury Possible,40.824979,-81.938435
Property Damage Only,40.843275,-81.944139
Minor Injury Suspected,40.832695,-81.915515
Property Damage Only,40.834744,-81.932864
Property Damage Only,40.852195,-81.926222
Property Damage Only,40.841783,-81.939616
Property Damage Only,40.8225,-81.934167
Property Damage Only,40.776713,-81.929211
Property Damage Only,40.800325,-81.934393
Property Damage Only,40.834153,-81.929498
Injury Possible,40.822424,-81.921639
Property Damage Only,40.828549,-81.926788
Property Damage Only,40.843423,-81.942543
Injury Possible,40.800834,-81.969722
Property Damage Only,40.857907,-81.928128
Property Damage Only,40.828434,-81.911209
Property Damage Only,40.793364,-81.953536
Minor Injury Suspected,40.817618,-81.929382
Injury Possible,40.796975,-81.939604
Property Damage Only,40.806002,-81.953672
Property Damage Only,40.850919,-81.947204
Property Damage Only,40.809722,-81.934722
Property Damage Only,40.81391,-81.938821
Property Damage Only,40.8048,-81.938362
Property Damage Only,40.804939,-81.938364
Property Damage Only,40.748447,-81.944281
Property Damage Only,40.828498,-81.925269
Serious Injury Suspected,40.784293,-81.932318
Property Damage Only,40.828498,-81.925269
Property Damage Only,40.804805,-81.938476
Property Damage Only,40.82819,-81.92519
Property Damage Only,40.831695,-81.923342
Minor Injury Suspected,40.81601,-81.91825
Minor Injury Suspected,40.843282,-81.939904
Property Damage Only,40.850302,-81.946262
Property Damage Only,40.828617,-81.938789
Property Damage Only,40.843412,-81.945928
Property Damage Only,40.826704,-81.921418
Property Damage Only,40.801708,-81.922847
Property Damage Only,40.803513,-81.941278
Property Damage Only,40.841444,-81.939531
Property Damage Only,40.826426,-81.908381
Property Damage Only,40.816269,-81.912017
Property Damage Only,40.80579,-81.93175
Minor Injury Suspected,40.79885,-81.92705
Property Damage Only,40.813885,-81.939676
Property Damage Only,40.855433,-81.925822
Property Damage Only,40.828509,-81.915552
Property Damage Only,40.814032,-81.948958
Property Damage Only,40.791919,-81.935958
Injury Possible,40.825665,-81.933062
Property Damage Only,40.84371,-81.935131
Property Damage Only,40.828417,-81.915517
Serious Injury Suspected,40.823783,-81.921843
Property Damage Only,40.849113,-81.945312
Property Damage Only,40.799333,-81.965679
Property Damage Only,40.850819,-81.926532
Property Damage Only,40.79937,-81.940298
Property Damage Only,40.828339,-81.909471
Property Damage Only,40.83682,-81.92929
Property Damage Only,40.800114,-81.943721
Property Damage Only,40.808155,-81.915847
Property Damage Only,40.845676,-81.944051
Property Damage Only,40.801012,-81.94074
Property Damage Only,40.813782,-81.924448
Property Damage Only,40.809584,-81.914812
Property Damage Only,40.796683,-81.93472
Property Damage Only,40.843031,-81.941036
Property Damage Only,40.821944,-81.959167
Minor Injury Suspected,40.847514,-81.945144
Property Damage Only,40.801625,-81.93518
Injury Possible,40.813861,-81.923146
Minor Injury Suspected,40.80477,-81.93688
Property Damage Only,40.798152,-81.939905
Property Damage Only,40.806236,-81.941177
Property Damage Only,40.839964,-81.939646
Property Damage Only,40.812142,-81.963463
Injury Possible,40.834494,-81.929482
Injury Possible,40.857375,-81.926282
Injury Possible,40.807076,-81.93363
Property Damage Only,40.804946,-81.934354
Property Damage Only,40.796863,-81.936302
Injury Possible,40.802477,-81.936152
Property Damage Only,40.813511,-81.963269
Property Damage Only,40.788333,-81.934167
Property Damage Only,40.839202,-81.940428
Property Damage Only,40.843296,-81.941931
Property Damage Only,40.791984,-81.936033
Property Damage Only,40.808756,-81.938311
Property Damage Only,40.819366,-81.935965
Property Damage Only,40.831182,-81.9389
Injury Possible,40.857705,-81.924739
Property Damage Only,40.828445,-81.900709
Injury Possible,40.838283,-81.929771
Property Damage Only,40.798963,-81.94186
Property Damage Only,40.84298,-81.942159
Property Damage Only,40.81988,-81.95356
Property Damage Only,40.804481,-81.94153
Property Damage Only,40.813902,-81.938309
Property Damage Only,40.803278,-81.934471
Property Damage Only,40.793493,-81.938976
Property Damage Only,40.825,-81.956389
Property Damage Only,40.828428,-81.931824
Minor Injury Suspected,40.843261,-81.942311
Property Damage Only,40.843116,-81.934364
Property Damage Only,40.799511,-81.945975
Property Damage Only,40.820574,-81.956385
Property Damage Only,40.784462,-81.928253
Property Damage Only,40.804859,-81.928619
Property Damage Only,40.836038,-81.929496
Minor Injury Suspected,40.832048,-81.925484
Property Damage Only,40.798657,-81.936737
Property Damage Only,40.801743,-81.932052
Property Damage Only,40.79627,-81.944238
Property Damage Only,40.828663,-81.93176
Property Damage Only,40.807171,-81.941151
Property Damage Only,40.857777,-81.927327
Property Damage Only,40.798742,-81.936242
Property Damage Only,40.798387,-81.93695
Property Damage Only,40.843232,-81.942018
Property Damage Only,40.796566,-81.939599
Property Damage Only,40.856156,-81.925157
Property Damage Only,40.842882,-81.943568
Minor Injury Suspected,40.803889,-81.955556
Property Damage Only,40.789431,-81.930529
Property Damage Only,40.798152,-81.940441
Property Damage Only,40.804841,-81.938337
Property Damage Only,40.819338,-81.935902
Property Damage Only,40.841531,-81.939438
Property Damage Only,40.789312,-81.941039
Injury Possible,40.798183,-81.939923
Property Damage Only,40.855586,-81.925237
Property Damage Only,40.825,-81.930833
Property Damage Only,40.842662,-81.930766
Property Damage Only,40.802088,-81.935027
Property Damage Only,40.798513,-81.93671
Property Damage Only,40.800341,-81.943794
Property Damage Only,40.797181,-81.936414
Property Damage Only,40.79464,-81.940624
Injury Possible,40.857488,-81.926324
Injury Possible,40.79901,-81.936706
Property Damage Only,40.843234,-81.945552
Minor Injury Suspected,40.84029,-81.93987
Property Damage Only,40.790756,-81.93488
Property Damage Only,40.843261,-81.942537
Property Damage Only,40.826478,-81.921378
Property Damage Only,40.832757,-81.949833
Property Damage Only,40.79988,-81.9386
Property Damage Only,40.828509,-81.909136
Property Damage Only,40.842527,-81.928801
Property Damage Only,40.798026,-81.924807
Property Damage Only,40.799408,-81.940105
Injury Possible,40.828561,-81.931772
Injury Possible,40.857723,-81.924242
Property Damage Only,40.824526,-81.933487
Property Damage Only,40.807597,-81.941025
Property Damage Only,40.83741,-81.915592
Injury Possible,40.857761,-81.924242
Property Damage Only,40.80257,-81.93185
Property Damage Only,40.838636,-81.929381
Minor Injury Suspected,40.85418,-81.92573
Property Damage Only,40.84746,-81.94506
Property Damage Only,40.80413,-81.931294
Property Damage Only,40.822377,-81.934353
Property Damage Only,40.797418,-81.943033
Minor Injury Suspected,40.841797,-81.939639
Property Damage Only,40.799722,-81.945833
Property Damage Only,40.85775,-81.951569
Property Damage Only,40.801449,-81.934166
Property Damage Only,40.799888,-81.937126
Property Damage Only,40.781086,-81.931597
Property Damage Only,40.841813,-81.939638
Property Damage Only,40.845668,-81.943911
Property Damage Only,40.843308,-81.942644
Property Damage Only,40.850955,-81.9479
Property Damage Only,40.803889,-81.941667
Injury Possible,40.82856,-81.915025
Property Damage Only,40.843769,-81.939925
Property Damage Only,40.82856,-81.915025
Minor Injury Suspected,40.841229,-81.929491
Injury Possible,40.824424,-81.932842
Minor Injury Suspected,40.797278,-81.946
Property Damage Only,40.798606,-81.936725
Property Damage Only,40.826587,-81.938755
Property Damage Only,40.812508,-81.934278
Property Damage Only,40.797701,-81.94318
Property Damage Only,40.793411,-81.949803
Minor Injury Suspected,40.804685,-81.95365
Property Damage Only,40.797715,-81.941456
Property Damage Only,40.835914,-81.939415
Property Damage Only,40.794683,-81.935905
Property Damage Only,40.828427,-81.913565
Minor Injury Suspected,40.796505,-81.942762
Property Damage Only,40.804658,-81.953639
Injury Possible,40.835225,-81.926678
Property Damage Only,40.825864,-81.921318
Property Damage Only,40.843881,-81.939961
Minor Injury Suspected,40.84029,-81.93987
Property Damage Only,40.8433,-81.942319
Property Damage Only,40.804707,-81.953679
Property Damage Only,40.843332,-81.942186
Property Damage Only,40.857972,-81.951616
Property Damage Only,40.8048,-81.94084
Property Damage Only,40.807609,-81.915088
Minor Injury Suspected,40.795924,-81.938458
Property Damage Only,40.845878,-81.944079
Property Damage Only,40.843128,-81.94237
Injury Possible,40.799346,-81.940489
Injury Possible,40.830977,-81.930723
Property Damage Only,40.813899,-81.938307
Property Damage Only,40.805082,-81.93843
Property Damage Only,40.79833,-81.936539
Property Damage Only,40.852552,-81.948308
Injury Possible,40.847482,-81.945129
Property Damage Only,40.80341,-81.966536
Property Damage Only,40.84355,-81.939901
Property Damage Only,40.802499,-81.94427
Property Damage Only,40.804944,-81.934384
Minor Injury Suspected,40.804775,-81.938418
Property Damage Only,40.798401,-81.93426
Property Damage Only,40.801398,-81.935138
Property Damage Only,40.842642,-81.915739
Property Damage Only,40.81497,-81.938217
Property Damage Only,40.815347,-81.937998
Injury Possible,40.85777,-81.92466
Property Damage Only,40.857611,-81.95125
Property Damage Only,40.80275,-81.932076
Property Damage Only,40.797778,-81.941111
Property Damage Only,40.797666,-81.934924
Property Damage Only,40.798092,-81.941578
Property Damage Only,40.841329,-81.930057
Property Damage Only,40.814839,-81.938342
Property Damage Only,40.857667,-81.922528
Property Damage Only,40.793368,-81.936083
Property Damage Only,40.857631,-81.918095
Property Damage Only,40.799633,-81.934539
Property Damage Only,40.79354,-81.9384
Property Damage Only,40.821686,-81.934853
Property Damage Only,40.800556,-81.949722
Minor Injury Suspected,40.810904,-81.940473
Property Damage Only,40.811427,-81.916682
Property Damage Only,40.806667,-81.944444
Property Damage Only,40.843233,-81.944178
Property Damage Only,40.799441,-81.950066
Property Damage Only,40.791967,-81.93611
Property Damage Only,40.841474,-81.939544
Property Damage Only,40.828476,-81.914529
Property Damage Only,40.799763,-81.95042
Property Damage Only,40.841292,-81.929882
Property Damage Only,40.820639,-81.938549
Property Damage Only,40.821861,-81.954824
Property Damage Only,40.831402,-81.930446
Property Damage Only,40.795353,-81.942575
Property Damage Only,40.797615,-81.925086
Property Damage Only,40.857739,-81.924755
Property Damage Only,40.856216,-81.925095
Injury Possible,40.798639,-81.936554
Injury Possible,40.799014,-81.949573
Property Damage Only,40.799177,-81.941657
Property Damage Only,40.843262,-81.945184
Injury Possible,40.829331,-81.922844
Property Damage Only,40.797939,-81.941522
Injury Possible,40.804789,-81.938372
Property Damage Only,40.799759,-81.936974
Minor Injury Suspected,40.792247,-81.952355
Property Damage Only,40.825269,-81.921105
Property Damage Only,40.80867,-81.93596
Property Damage Only,40.811514,-81.915925
Property Damage Only,40.796528,-81.942749
Property Damage Only,40.802064,-81.932064
Property Damage Only,40.836219,-81.933603
Injury Possible,40.837283,-81.929335
Property Damage Only,40.814956,-81.9188
Property Damage Only,40.857708,-81.924735
Property Damage Only,40.788417,-81.9345
Minor Injury Suspected,40.806592,-81.924744
Property Damage Only,40.833866,-81.903896
Property Damage Only,40.814364,-81.912478
Fatal,40.843085,-81.929176
Property Damage Only,40.803635,-81.939719
Property Damage Only,40.819558,-81.934291
Minor Injury Suspected,40.831142,-81.938966
Property Damage Only,40.801222,-81.940631
Property Damage Only,40.828426,-81.915422
Property Damage Only,40.799856,-81.9346
Injury Possible,40.842028,-81.939698
Property Damage Only,40.851336,-81.946593
Property Damage Only,40.795978,-81.937895
Property Damage Only,40.809545,-81.914568
Property Damage Only,40.831785,-81.923705
Property Damage Only,40.79896,-81.9394
Property Damage Only,40.791745,-81.936331
Minor Injury Suspected,40.857714,-81.92477
Injury Possible,40.7907,-81.935951
Property Damage Only,40.79567,-81.948158
Property Damage Only,40.797494,-81.945963
Property Damage Only,40.84499,-81.943444
Property Damage Only,40.827835,-81.908566
Property Damage Only,40.837175,-81.929564
Property Damage Only,40.842267,-81.939728
Injury Possible,40.804759,-81.953633
Property Damage Only,40.845512,-81.940152
Property Damage Only,40.816094,-81.934253
Serious Injury Suspected,40.79701,-81.93014
Property Damage Only,40.835963,-81.941233
Property Damage Only,40.796926,-81.93632
Property Damage Only,40.864259,-81.92306
Property Damage Only,40.802818,-81.93434
Property Damage Only,40.796186,-81.924744
Property Damage Only,40.82528,-81.935
Injury Possible,40.793686,-81.94986
Property Damage Only,40.799593,-81.93877
Property Damage Only,40.857791,-81.951292
Injury Possible,40.820091,-81.962807
Property Damage Only,40.834335,-81.9344
Property Damage Only,40.804446,-81.924661
Property Damage Only,40.821896,-81.953876
Property Damage Only,40.792415,-81.95229
Property Damage Only,40.749622,-81.9362
Property Damage Only,40.827604,-81.919921
Minor Injury Suspected,40.83825,-81.929488
Serious Injury Suspected,40.81958,-81.934254
Property Damage Only,40.840778,-81.939532
Property Damage Only,40.835901,-81.941245
Injury Possible,40.838782,-81.897144
Property Damage Only,40.797787,-81.941498
Minor Injury Suspected,40.785977,-81.948549
Property Damage Only,40.800192,-81.934302
Property Damage Only,40.823497,-81.939125
Property Damage Only,40.808424,-81.915777
Property Damage Only,40.796151,-81.942727
Property Damage Only,40.79776,-81.947541
Property Damage Only,40.798865,-81.94341
Property Damage Only,40.842366,-81.941417
Property Damage Only,40.828364,-81.90411
Property Damage Only,40.802639,-81.929484
Property Damage Only,40.802707,-81.969929
Property Damage Only,40.828716,-81.924013
Injury Possible,40.821084,-81.96277
Injury Possible,40.804759,-81.953633
Property Damage Only,40.813824,-81.92961
Property Damage Only,40.845512,-81.940145
Property Damage Only,40.845731,-81.945132
Minor Injury Suspected,40.792284,-81.952353
Property Damage Only,40.799024,-81.943483
Property Damage Only,40.857808,-81.9284
Injury Possible,40.792246,-81.952388
Property Damage Only,40.813903,-81.938299
Minor Injury Suspected,40.82861,-81.944758
Property Damage Only,40.790538,-81.92522
Property Damage Only,40.798153,-81.939943
Property Damage Only,40.804411,-81.924731
Injury Possible,40.809588,-81.914857
Property Damage Only,40.843327,-81.949784
Property Damage Only,40.828444,-81.909267
Property Damage Only,40.809886,-81.932018
Property Damage Only,40.79712,-81.9484
Property Damage Only,40.797501,-81.94595
Property Damage Only,40.840634,-81.926277
Property Damage Only,40.841623,-81.930315
Property Damage Only,40.843084,-81.94219
Injury Possible,40.851253,-81.941393
Minor Injury Suspected,40.841242,-81.92952
Property Damage Only,40.79543,-81.9488
Injury Possible,40.843343,-81.944252
Property Damage Only,40.843254,-81.945587
Property Damage Only,40.804722,-81.934167
Minor Injury Suspected,40.841806,-81.941513
Property Damage Only,40.85083,-81.92639
Property Damage Only,40.804646,-81.942399
Property Damage Only,40.798949,-81.943458
Minor Injury Suspected,40.804897,-81.928917
Minor Injury Suspected,40.803323,-81.953545
Property Damage Only,40.799242,-81.943502
Property Damage Only,40.80032,-81.934336
Property Damage Only,40.813552,-81.963221
Property Damage Only,40.828416,-81.915383
Injury Possible,40.838575,-81.898763
Property Damage Only,40.843451,-81.942536
Property Damage Only,40.846111,-81.949722
Minor Injury Suspected,40.78868,-81.934684
Property Damage Only,40.799377,-81.966858
Property Damage Only,40.843289,-81.936011
Property Damage Only,40.84329,-81.938181
Minor Injury Suspected,40.841286,-81.929566
Injury Possible,40.804744,-81.953663
Property Damage Only,40.825941,-81.932927
Property Damage Only,40.828647,-81.938841
Property Damage Only,40.806497,-81.953028
Injury Possible,40.800471,-81.94055
Property Damage Only,40.821389,-81.943056
Property Damage Only,40.792215,-81.922697
Minor Injury Suspected,40.788267,-81.934389
Property Damage Only,40.8468,-81.944663
Injury Possible,40.791965,-81.952693
Property Damage Only,40.797791,-81.936533
Injury Possible,40.845504,-81.940095
Property Damage Only,40.797791,-81.936533
Injury Possible,40.84173,-81.939283
Property Damage Only,40.836076,-81.923149
Property Damage Only,40.809339,-81.914936
Property Damage Only,40.80275,-81.932098
Property Damage Only,40.843437,-81.764107
Property Damage Only,40.85451,-81.787113
Property Damage Only,40.840758,-81.776544
Property Damage Only,40.834549,-81.765294
Property Damage Only,40.841533,-81.766108
Property Damage Only,40.843468,-81.763088
Injury Possible,40.843587,-81.764195
Property Damage Only,40.834691,-81.774466
Property Damage Only,40.834632,-81.771105
Property Damage Only,40.833508,-81.774533
Injury Possible,40.840744,-81.78317
Property Damage Only,40.843424,-81.763099
Property Damage Only,40.843482,-81.763089
Property Damage Only,40.830466,-81.764683
Property Damage Only,40.844402,-81.764153
Property Damage Only,40.8384,-81.763276
Injury Possible,40.854468,-81.784309
Property Damage Only,40.84228,-81.766708
Property Damage Only,40.843647,-81.769675
Property Damage Only,40.842296,-81.769812
Injury Possible,40.972487,-82.109632
Serious Injury Suspected,40.840681,-81.774449
Property Damage Only,40.844402,-81.785514
Property Damage Only,,
Property Damage Only,40.849714,-81.765334
Injury Possible,40.849244,-81.784419
Minor Injury Suspected,40.843473,-81.763084
Property Damage Only,40.840677,-81.779251
Property Damage Only,40.850165,-81.768667
Property Damage Only,40.838424,-81.764363
Minor Injury Suspected,40.843485,-81.76554
Injury Possible,40.840706,-81.771918
Property Damage Only,40.841481,-81.764268
Property Damage Only,40.843327,-81.766147
Property Damage Only,40.843424,-81.764079
Injury Possible,40.836793,-81.765791
Property Damage Only,40.843779,-81.771818
Property Damage Only,40.840088,-81.774419
Property Damage Only,40.843469,-81.764154
Property Damage Only,40.862829,-81.763646
Property Damage Only,40.859201,-81.788253
Property Damage Only,40.843492,-81.763094
Property Damage Only,40.84345,-81.76418
Property Damage Only,40.838562,-81.764281
Property Damage Only,40.844206,-81.780927
Property Damage Only,40.847791,-81.76407
Property Damage Only,40.840716,-81.764407
Property Damage Only,40.841251,-81.771056
Property Damage Only,40.865149,-81.758165
Property Damage Only,40.839931,-81.764201
Property Damage Only,40.834849,-81.76451
Property Damage Only,40.834497,-81.763439
Property Damage Only,40.843619,-81.769749
Property Damage Only,40.834646,-81.772551
Property Damage Only,40.844196,-81.75879
Property Damage Only,40.843871,-81.774439
Property Damage Only,40.84057,-81.764139
Property Damage Only,40.843193,-81.764181
Property Damage Only,40.836817,-81.767817
Property Damage Only,40.853528,-81.763852
Property Damage Only,40.839703,-81.770479
Property Damage Only,40.834715,-81.774483
Serious Injury Suspected,40.843751,-81.772733
Property Damage Only,40.856137,-81.763737
Property Damage Only,40.843491,-81.764
Property Damage Only,40.834463,-81.764638
Property Damage Only,40.840685,-81.768574
Property Damage Only,40.83774,-81.76598
Property Damage Only,40.834506,-81.765872
Property Damage Only,,
Injury Possible,40.971903,-82.110588
Property Damage Only,40.854916,-81.784208
Property Damage Only,40.840872,-81.764264
Property Damage Only,40.853601,-81.76378
Minor Injury Suspected,40.837978,-81.763297
Property Damage Only,40.843449,-81.764017
Serious Injury Suspected,40.836767,-81.764502
Property Damage Only,40.841448,-81.764316
Property Damage Only,40.844009,-81.742609
Property Damage Only,40.84354,-81.765577
Property Damage Only,40.843864,-81.775582
Property Damage Only,40.841851,-81.769778
Property Damage Only,40.853538,-81.764171
Property Damage Only,40.835122,-81.76494
Property Damage Only,40.829692,-81.77386
Property Damage Only,40.840696,-81.764751
Property Damage Only,40.844236,-81.784491
Property Damage Only,40.837337,-81.768351
Property Damage Only,40.843479,-81.763138
Property Damage Only,40.843765,-81.77273
Property Damage Only,40.843596,-81.764171
Property Damage Only,40.829724,-81.764665
Injury Possible,40.843876,-81.775732
Property Damage Only,40.843848,-81.774407
Property Damage Only,40.851806,-81.787145
Injury Possible,40.859861,-81.76375
Property Damage Only,40.970172,-82.112836
Minor Injury Suspected,40.869658,-81.849206
Injury Possible,40.98847,-81.709566
Property Damage Only,40.912196,-81.648492
Property Damage Only,40.909679,-81.648544
Property Damage Only,40.872878,-82.024066
Property Damage Only,40.723893,-82.0544
Injury Possible,40.690136,-81.952004
Minor Injury Suspected,40.811816,-81.844077
Property Damage Only,40.916316,-81.648154
Injury Possible,40.762335,-81.931877
Property Damage Only,40.915655,-81.910543
Minor Injury Suspected,40.958094,-81.898846
Injury Possible,40.988817,-81.664056
Minor Injury Suspected,40.942147,-81.657695
Minor Injury Suspected,40.838798,-81.896896
Property Damage Only,40.952023,-81.657106
Fatal,40.939661,-81.704973
Injury Possible,40.796455,-81.765401
Property Damage Only,40.684563,-81.984359
Serious Injury Suspected,40.822159,-81.765011
Property Damage Only,40.893474,-81.762907
Minor Injury Suspected,40.940087,-81.992914
Property Damage Only,40.700779,-81.885607
Property Damage Only,40.797135,-81.765406
Property Damage Only,40.726331,-81.842757
Property Damage Only,40.798673,-81.88782
Injury Possible,40.79157,-81.790238
Minor Injury Suspected,40.792884,-81.983092
Injury Possible,40.945822,-81.848195
Property Damage Only,40.76402,-81.691429
Property Damage Only,40.748953,-81.691519
Property Damage Only,40.885365,-81.823453
Property Damage Only,40.79479,-82.052421
Property Damage Only,40.771831,-81.963259
Property Damage Only,40.940786,-81.99325
Property Damage Only,40.944832,-81.936136
Minor Injury Suspected,40.981094,-81.855469
Property Damage Only,40.950205,-81.658006
Property Damage Only,40.807014,-81.810207
Property Damage Only,40.804257,-82.013235
Property Damage Only,40.793803,-81.808719
Property Damage Only,40.829938,-81.786912
Property Damage Only,40.926075,-81.762653
Minor Injury Suspected,40.987377,-81.986124
Minor Injury Suspected,40.984781,-81.980732
Minor Injury Suspected,40.697447,-81.765274
Minor Injury Suspected,40.988022,-81.679748
Property Damage Only,40.799222,-82.009828
Property Damage Only,40.784795,-81.940318
Property Damage Only,40.786999,-81.902229
Minor Injury Suspected,40.711544,-81.842614
Property Damage Only,40.945097,-81.993946
Property Damage Only,40.961207,-81.725533
Property Damage Only,40.930595,-81.654225
Property Damage Only,40.961253,-82.109681
Injury Possible,40.810142,-81.841291
Property Damage Only,40.963359,-82.121809
Property Damage Only,40.988299,-81.745097
Property Damage Only,40.815107,-81.80364
Property Damage Only,40.97132,-81.660981
Minor Injury Suspected,40.977685,-82.102111
Property Damage Only,40.934951,-82.024074
Property Damage Only,40.784533,-81.881013
Property Damage Only,40.941641,-81.859275
Injury Possible,40.982477,-81.843238
Property Damage Only,40.79564,-81.694525
Property Damage Only,40.849288,-81.815508
Serious Injury Suspected,40.766858,-81.792735
Property Damage Only,40.79565,-81.69458
Property Damage Only,40.700233,-81.691637
Property Damage Only,40.739683,-81.9333
Property Damage Only,40.825582,-81.700369
Property Damage Only,40.969088,-81.821872
Property Damage Only,40.974056,-81.957984
Property Damage Only,40.9251,-82.124683
Minor Injury Suspected,40.902368,-81.704253
Property Damage Only,40.748875,-81.929094
Property Damage Only,40.882856,-82.10847
Property Damage Only,40.836173,-81.971156
Property Damage Only,40.84374,-81.947534
Injury Possible,40.799465,-82.014626
Property Damage Only,40.842201,-81.96353
Property Damage Only,40.963852,-81.659761
Injury Possible,40.87719,-82.105531
Minor Injury Suspected,40.774145,-81.923173
Property Damage Only,40.736308,-81.72874
Property Damage Only,40.988257,-81.679666
Property Damage Only,40.968273,-82.052951
Injury Possible,40.878298,-81.834975
Property Damage Only,40.829267,-81.846975
Injury Possible,40.829406,-81.826226
Property Damage Only,40.763283,-81.931515
Property Damage Only,40.826212,-82.02444
Injury Possible,40.705914,-82.014465
Minor Injury Suspected,40.803781,-81.913478
Injury Possible,40.973177,-81.743533
Property Damage Only,40.843326,-82.10931
Property Damage Only,40.900857,-82.072583
Property Damage Only,40.841564,-81.76451
Minor Injury Suspected,40.869979,-81.758763
Property Damage Only,40.738874,-82.027652
Injury Possible,40.954147,-82.109749
Property Damage Only,40.811452,-81.916395
Injury Possible,40.869104,-81.921982
Property Damage Only,40.684239,-81.713643
Property Damage Only,40.696603,-81.693025
Property Damage Only,40.983041,-81.761235
Property Damage Only,40.719529,-81.746226
Property Damage Only,40.720846,-81.774736
Property Damage Only,40.865148,-81.66719
Minor Injury Suspected,40.820567,-82.007696
Property Damage Only,40.922655,-81.985314
Property Damage Only,40.671242,-81.949846
Property Damage Only,40.902019,-81.781522
Property Damage Only,40.81449,-81.728508
Minor Injury Suspected,40.814145,-81.699849
Property Damage Only,40.986977,-82.035149
Property Damage Only,40.982353,-81.856306
Minor Injury Suspected,40.705404,-81.731062
Property Damage Only,40.901872,-81.802951
Property Damage Only,40.769189,-81.723835
Minor Injury Suspected,40.699497,-81.950784
Property Damage Only,40.963262,-81.753852
Property Damage Only,40.911482,-81.795391
Property Damage Only,40.942627,-81.657845
Property Damage Only,40.683068,-81.672426
Property Damage Only,40.827825,-82.025443
Property Damage Only,40.811566,-82.033318
Property Damage Only,40.725823,-81.894567
Property Damage Only,40.786275,-81.786267
Property Damage Only,40.873773,-81.842398
Property Damage Only,40.821746,-81.764597
Property Damage Only,40.797478,-81.915523
Property Damage Only,40.762758,-81.793964
Property Damage Only,40.794602,-81.99576
Property Damage Only,40.740087,-81.653872
Property Damage Only,40.932025,-81.651878
Minor Injury Suspected,40.839273,-82.100207
Property Damage Only,40.788813,-82.117563
Property Damage Only,40.858086,-81.98316
Minor Injury Suspected,40.923831,-82.125926
Minor Injury Suspected,40.945758,-81.763618
Minor Injury Suspected,40.945904,-81.763679
Property Damage Only,40.702411,-81.658465
Property Damage Only,40.848342,-82.120802
Minor Injury Suspected,40.856325,-82.103157
Property Damage Only,40.925739,-81.936696
Property Damage Only,40.79092,-81.793223
Fatal,40.915734,-81.78979
Property Damage Only,40.985911,-82.036242
Minor Injury Suspected,40.972048,-82.049389
Minor Injury Suspected,40.931861,-81.651771
Property Damage Only,40.797475,-81.664594
Property Damage Only,40.931726,-81.651751
Property Damage Only,40.978823,-82.042871
Minor Injury Suspected,40.933104,-82.113633
Property Damage Only,40.988575,-82.033385
Property Damage Only,40.696956,-81.883803
Property Damage Only,40.741348,-81.76547
Property Damage Only,40.913524,-81.73387
Property Damage Only,40.930728,-82.119353
Minor Injury Suspected,40.935687,-81.705798
Property Damage Only,40.980615,-81.705805
Property Damage Only,40.90826,-81.937692
Property Damage Only,40.850011,-81.877601
Property Damage Only,40.839995,-82.102025
Property Damage Only,40.684457,-81.676273
Property Damage Only,40.878631,-82.108541
Property Damage Only,40.777835,-81.775201
Property Damage Only,40.97995,-82.042233
Property Damage Only,40.711169,-81.746398
Property Damage Only,40.697139,-81.78415
Property Damage Only,40.942185,-82.006647
Property Damage Only,40.917467,-82.108692
Property Damage Only,40.683812,-81.733083
Property Damage Only,40.938312,-82.103415
Property Damage Only,40.988665,-81.680677
Property Damage Only,40.98836,-81.735704
Property Damage Only,40.967193,-82.054224
Property Damage Only,40.761175,-81.931633
Property Damage Only,40.838025,-81.966778
Property Damage Only,40.836149,-81.969256
Property Damage Only,40.798528,-81.894137
Minor Injury Suspected,40.808614,-82.022762
Property Damage Only,40.829223,-81.838011
Property Damage Only,40.916938,-81.763435
Property Damage Only,40.814555,-81.839941
Minor Injury Suspected,40.988559,-81.663737
Minor Injury Suspected,40.898151,-81.732954
Property Damage Only,40.955605,-81.994699
Property Damage Only,40.89499,-81.656142
Injury Possible,40.97827,-81.761868
Property Damage Only,40.767786,-82.023385
Minor Injury Suspected,40.960074,-81.660105
Property Damage Only,40.755834,-81.745166
Injury Possible,40.86695,-81.957118
Property Damage Only,40.844118,-81.738593
Serious Injury Suspected,40.966151,-81.821903
Property Damage Only,40.908768,-82.00629
Injury Possible,40.887111,-81.821139
Property Damage Only,40.943885,-81.695693
Minor Injury Suspected,40.946004,-81.763724
Minor Injury Suspected,40.731296,-82.024356
Property Damage Only,40.899565,-82.108589
Property Damage Only,40.798871,-81.912602
Property Damage Only,40.929707,-81.73152
Property Damage Only,40.916617,-81.786127
Serious Injury Suspected,40.898998,-82.108525
Minor Injury Suspected,40.795815,-81.897923
Property Damage Only,40.691575,-81.704578
Property Damage Only,40.825045,-81.861341
Property Damage Only,40.804304,-81.765418
Minor Injury Suspected,40.741388,-81.745078
Minor Injury Suspected,40.887202,-81.821037
Minor Injury Suspected,40.724521,-81.784928
Property Damage Only,40.732063,-81.944217
Minor Injury Suspected,40.952272,-81.682999
Property Damage Only,40.784331,-81.900527
Property Damage Only,40.793661,-81.807662
Property Damage Only,40.822224,-81.774578
Injury Possible,40.842586,-81.691615
Property Damage Only,40.801089,-81.725979
Property Damage Only,40.712489,-82.00786
Property Damage Only,40.967889,-81.708996
Injury Possible,40.820747,-82.016137
Property Damage Only,40.753256,-81.979759
Serious Injury Suspected,40.711007,-81.899761
Minor Injury Suspected,40.693534,-81.745932
Property Damage Only,40.915631,-81.927487
Property Damage Only,40.797063,-81.746297
Injury Possible,40.799316,-81.738934
Property Damage Only,40.798329,-81.8932
Property Damage Only,40.960343,-81.658844
Property Damage Only,40.913663,-82.108834
Property Damage Only,40.800775,-81.913593
Property Damage Only,40.78815,-81.939283
Property Damage Only,40.990887,-82.082684
Property Damage Only,40.887623,-81.820501
Minor Injury Suspected,40.841331,-82.017613
Minor Injury Suspected,40.858551,-81.983176
Minor Injury Suspected,40.960848,-81.86433
Minor Injury Suspected,40.711469,-81.892035
Property Damage Only,40.693087,-82.112078
Minor Injury Suspected,40.704432,-82.09422
Minor Injury Suspected,40.73405,-82.082992
Property Damage Only,40.797778,-81.765178
Property Damage Only,40.763106,-81.690796
Property Damage Only,40.944594,-81.946183
Property Damage Only,40.724698,-82.053022
Minor Injury Suspected,40.756999,-81.930966
Property Damage Only,40.811902,-81.844486
Minor Injury Suspected,40.948465,-82.081763
Property Damage Only,40.940303,-82.099787
Property Damage Only,40.797561,-81.666505
Property Damage Only,40.802239,-82.001386
Property Damage Only,40.737555,-81.817394
Property Damage Only,40.802622,-82.009538
Property Damage Only,40.733809,-81.809707
Property Damage Only,40.695854,-82.107582
Minor Injury Suspected,40.693557,-82.110943
Minor Injury Suspected,40.809838,-81.692354
Property Damage Only,40.696348,-81.883048
Minor Injury Suspected,40.92508,-81.648612
Property Damage Only,40.686055,-81.818024
Minor Injury Suspected,40.964272,-82.120342
Property Damage Only,40.877765,-82.108503
Property Damage Only,40.797548,-81.87717
Property Damage Only,40.879879,-81.943856
Property Damage Only,40.925422,-81.986549
Property Damage Only,40.985587,-81.663319
Property Damage Only,40.879241,-81.919501
Minor Injury Suspected,40.847785,-81.86161
Fatal,40.879386,-81.919575
Minor Injury Suspected,40.820276,-81.932759
Property Damage Only,40.736921,-81.886012
Minor Injury Suspected,40.935476,-82.109299
Minor Injury Suspected,40.936013,-82.109451
Minor Injury Suspected,40.845378,-81.974247
Property Damage Only,40.724242,-81.784186
Property Damage Only,40.755522,-81.848567
Property Damage Only,40.895027,-81.655859
Serious Injury Suspected,40.757311,-81.877288
Property Damage Only,40.777241,-81.882322
Serious Injury Suspected,40.97198,-81.671023
Property Damage Only,40.701548,-82.005094
Minor Injury Suspected,40.792224,-81.873428
Property Damage Only,40.762765,-81.690877
Property Damage Only,40.673614,-81.731005
Property Damage Only,40.844467,-81.799303
Property Damage Only,40.796491,-81.765336
Minor Injury Suspected,40.79768,-81.668497
Minor Injury Suspected,40.763209,-81.984542
Minor Injury Suspected,40.922636,-81.763203
Property Damage Only,40.881401,-81.763184
Property Damage Only,40.822334,-81.779671
Serious Injury Suspected,40.668641,-82.05287
Property Damage Only,40.785177,-81.951837
Fatal,40.818491,-82.04789
Property Damage Only,40.98051,-81.855222
Property Damage Only,40.965285,-82.086811
Property Damage Only,40.974776,-81.996639
Property Damage Only,40.83066,-81.842344
Property Damage Only,40.831842,-81.964897
Property Damage Only,40.76309,-81.931755
Property Damage Only,40.753811,-81.930385
Minor Injury Suspected,40.717228,-81.696793
Property Damage Only,40.796642,-81.766016
Minor Injury Suspected,40.794639,-81.791677
Injury Possible,40.828938,-81.842217
Property Damage Only,40.934851,-81.743187
Property Damage Only,40.722717,-81.745304
Injury Possible,40.901047,-81.973327
Property Damage Only,40.968314,-81.821916
Property Damage Only,40.938709,-82.014385
Property Damage Only,40.731641,-81.803753
Minor Injury Suspected,40.869761,-81.763512
Minor Injury Suspected,40.710942,-81.745964
Minor Injury Suspected,40.942364,-81.903564
Minor Injury Suspected,40.822022,-81.728182
Serious Injury Suspected,40.859103,-81.793704
Property Damage Only,40.765725,-81.901811
Property Damage Only,40.987792,-81.96877
Property Damage Only,40.828985,-81.842416
Minor Injury Suspected,40.686325,-81.854849
Property Damage Only,40.945783,-81.877129
Property Damage Only,40.721804,-81.823136
Injury Possible,40.797297,-81.667598
Property Damage Only,40.921623,-81.770027
Property Damage Only,40.982371,-81.838178
Property Damage Only,40.758109,-81.843681
Injury Possible,40.9834,-81.715479
Injury Possible,40.760596,-81.82412
Property Damage Only,40.795613,-81.913771
Property Damage Only,40.874029,-81.763333
Property Damage Only,40.7081,-81.835081
Minor Injury Suspected,40.872853,-81.76337
Minor Injury Suspected,40.797018,-81.678443
Property Damage Only,40.667421,-81.923782
Minor Injury Suspected,40.925968,-81.763364
Property Damage Only,40.927923,-82.121683
Property Damage Only,40.684681,-81.745754
Property Damage Only,40.917936,-81.782421
Property Damage Only,40.68934,-81.952476
Property Damage Only,40.816039,-81.774922
Property Damage Only,40.799057,-81.863191
Minor Injury Suspected,40.989738,-81.994857
Property Damage Only,40.872657,-81.844372
Property Damage Only,40.79552,-81.704936
Minor Injury Suspected,40.79648,-81.755447
Property Damage Only,40.95396,-81.76347
Property Damage Only,40.958099,-81.937694
Injury Possible,40.767148,-81.904803
Property Damage Only,40.711048,-81.90582
Property Damage Only,40.718159,-81.765579
Injury Possible,40.842936,-81.955984
Property Damage Only,40.814747,-81.822429
Injury Possible,40.790449,-82.072171
Property Damage Only,40.871905,-81.7037
Minor Injury Suspected,40.742103,-81.745008
Property Damage Only,40.902331,-81.782205
Property Damage Only,40.978873,-82.042836
Injury Possible,40.770601,-81.67004
Property Damage Only,40.931623,-82.116942
Property Damage Only,40.813606,-82.038637
Property Damage Only,40.822304,-81.779463
Property Damage Only,40.699988,-82.018268
Minor Injury Suspected,40.96482,-81.795895
Property Damage Only,40.777569,-81.976609
Minor Injury Suspected,40.857877,-81.939902
Minor Injury Suspected,40.711499,-81.944151
Property Damage Only,40.988607,-81.665289
Property Damage Only,40.932183,-82.115978
Property Damage Only,40.824798,-82.023274
Property Damage Only,40.857822,-81.885262
Property Damage Only,40.76317,-81.745137
Property Damage Only,40.741365,-81.944208
Minor Injury Suspected,40.886815,-81.821634
Minor Injury Suspected,40.818408,-81.774747
Injury Possible,40.888426,-81.729548
Minor Injury Suspected,40.809783,-81.873583
Property Damage Only,40.760038,-81.884375
Minor Injury Suspected,40.858087,-81.973642
Property Damage Only,40.797067,-81.748132
Property Damage Only,40.670876,-82.098087
Property Damage Only,40.960322,-81.847735
Minor Injury Suspected,40.836206,-82.002573
Injury Possible,40.98743,-82.020968
Property Damage Only,40.978119,-81.815585
Property Damage Only,40.940937,-82.116707
Property Damage Only,40.797772,-81.876443
Property Damage Only,40.9733,-82.047924
Property Damage Only,40.988468,-82.033446
Property Damage Only,40.72381,-82.054736
Property Damage Only,40.796978,-81.76361
Property Damage Only,40.79614,-81.818835
Property Damage Only,40.988415,-81.706033
Minor Injury Suspected,40.978476,-82.100865
Property Damage Only,40.876232,-81.763376
Property Damage Only,40.671294,-81.87718
Minor Injury Suspected,40.974807,-81.998615
Property Damage Only,40.865683,-81.956294
Property Damage Only,40.696554,-81.706028
Minor Injury Suspected,40.858023,-82.041203
Property Damage Only,40.800425,-81.785103
Minor Injury Suspected,40.950894,-82.074166
Property Damage Only,40.796458,-81.762831
Minor Injury Suspected,40.974684,-81.995994
Property Damage Only,40.916578,-81.789258
Minor Injury Suspected,40.857782,-81.877946
Property Damage Only,40.873779,-81.720123
Property Damage Only,40.888412,-81.762689
Property Damage Only,40.945282,-81.744574
Property Damage Only,40.719118,-81.960881
Minor Injury Suspected,40.947364,-81.847822
Property Damage Only,40.795371,-81.687699
Minor Injury Suspected,40.810014,-81.693209
Minor Injury Suspected,40.947008,-82.083239
Serious Injury Suspected,40.81186,-81.844239
Property Damage Only,40.973673,-81.970826
Property Damage Only,40.682212,-82.021291
Minor Injury Suspected,40.924235,-81.765469
Minor Injury Suspected,40.671408,-81.734446
Minor Injury Suspected,40.887054,-81.891527
Property Damage Only,40.921127,-81.909112
Property Damage Only,40.694497,-81.703198
Minor Injury Suspected,40.873825,-81.842366
Minor Injury Suspected,40.941567,-81.993642
Serious Injury Suspected,40.695869,-81.739341
Property Damage Only,40.794946,-81.918839
Property Damage Only,40.924948,-81.76423
Property Damage Only,40.937611,-81.656066
Property Damage Only,40.682241,-81.842386
Property Damage Only,40.69866,-81.692137
Minor Injury Suspected,40.756679,-81.863616
Property Damage Only,40.880788,-81.896781
Property Damage Only,40.857898,-81.934629
Fatal,40.821981,-82.056466
Property Damage Only,40.741018,-81.816112
Property Damage Only,40.897143,-81.807633
Property Damage Only,40.8947,-82.011542
Property Damage Only,40.888717,-81.729661
Minor Injury Suspected,40.941951,-81.975868
Minor Injury Suspected,40.854276,-81.942032
Injury Possible,40.942972,-81.764123
Property Damage Only,40.764062,-81.983172
Minor Injury Suspected,40.778193,-81.963295
Property Damage Only,40.842805,-81.953292
Property Damage Only,40.798433,-81.887542
Property Damage Only,40.857714,-81.897335
Property Damage Only,40.81154,-81.991329
Minor Injury Suspected,40.974758,-81.914162
Serious Injury Suspected,40.894215,-81.916178
Minor Injury Suspected,40.867388,-81.976697
Minor Injury Suspected,40.955672,-81.736213
Minor Injury Suspected,40.908206,-81.936173
Property Damage Only,40.795744,-81.904271
Property Damage Only,40.767033,-82.02814
Property Damage Only,40.965045,-81.713143
Property Damage Only,40.685264,-81.711917
Injury Possible,40.873347,-82.108576
Injury Possible,40.796234,-81.745662
Property Damage Only,40.723768,-82.054831
Property Damage Only,40.96209,-81.722619
Minor Injury Suspected,40.970311,-81.661185
Minor Injury Suspected,40.836511,-81.715107
Minor Injury Suspected,40.797585,-81.84389
Property Damage Only,40.797896,-81.652143
Property Damage Only,40.731523,-81.803464
Minor Injury Suspected,40.915284,-81.763412
Property Damage Only,40.901087,-81.975808
Serious Injury Suspected,40.981318,-81.855355
Property Damage Only,40.926957,-82.109038
Property Damage Only,40.798266,-82.00321
Property Damage Only,40.859139,-81.80399
Minor Injury Suspected,40.672669,-81.950069
Property Damage Only,40.799988,-81.718894
Minor Injury Suspected,40.806938,-81.812845
Injury Possible,40.944464,-81.954232
Property Damage Only,40.675393,-81.864424
Property Damage Only,40.963695,-82.058356
Fatal,40.668129,-82.087172
Property Damage Only,40.79359,-81.982201
Minor Injury Suspected,40.830074,-82.126324
Minor Injury Suspected,40.771286,-81.972982
Property Damage Only,40.988417,-81.730259
Injury Possible,40.875198,-81.840116
Injury Possible,40.882649,-81.918876
Property Damage Only,40.970103,-81.661279
Injury Possible,40.974266,-81.855355
Minor Injury Suspected,40.973726,-81.95791
Property Damage Only,40.938412,-82.015988
Property Damage Only,40.765988,-81.980277
Property Damage Only,40.798651,-81.648161
Property Damage Only,40.982401,-81.855949
Serious Injury Suspected,40.95786,-81.899195
Minor Injury Suspected,40.693863,-81.745956
Property Damage Only,40.98793,-81.753747
Property Damage Only,40.901155,-81.976432
Property Damage Only,40.711698,-81.784376
Property Damage Only,40.844051,-81.725941
Minor Injury Suspected,40.97822,-81.761732
Fatal,40.962769,-81.850716
Minor Injury Suspected,40.857533,-82.109771
Property Damage Only,40.796591,-81.837093
Injury Possible,40.873571,-81.749952
Property Damage Only,40.799069,-81.708296
Property Damage Only,40.829523,-81.804272
Property Damage Only,40.916681,-81.782757
Property Damage Only,40.791308,-81.794024
Property Damage Only,40.806335,-81.905634
Minor Injury Suspected,40.902136,-81.703481
Property Damage Only,40.799552,-81.735357
Property Damage Only,40.784597,-81.889194
Minor Injury Suspected,40.925576,-81.763196
Property Damage Only,40.802144,-82.019233
Injury Possible,40.858341,-81.983179
Property Damage Only,40.794067,-81.808536
Property Damage Only,40.944878,-81.743556
Property Damage Only,40.722886,-82.073281
Property Damage Only,40.79299,-81.978542
Property Damage Only,40.828978,-81.859449
Minor Injury Suspected,40.800897,-81.725782
Property Damage Only,40.940519,-81.704398
Property Damage Only,40.858306,-81.877765
Minor Injury Suspected,40.836802,-81.676726
Injury Possible,40.944958,-81.993698
Minor Injury Suspected,40.726331,-81.823694
Property Damage Only,40.768958,-82.004059
Property Damage Only,40.756912,-81.871821
Property Damage Only,40.943995,-82.088989
Property Damage Only,40.887904,-81.820076
Property Damage Only,40.8302,-82.027975
Property Damage Only,40.675244,-81.822512
Minor Injury Suspected,40.767699,-81.745297
Property Damage Only,40.971063,-82.050019
Minor Injury Suspected,40.85805,-82.108453
Property Damage Only,40.882177,-81.918878
Property Damage Only,40.944543,-81.967459
Minor Injury Suspected,40.908956,-81.979249
Property Damage Only,40.784763,-81.963852
Injury Possible,40.849991,-81.80395
Property Damage Only,40.798489,-81.755219
Property Damage Only,40.772079,-81.843676
Property Damage Only,40.829392,-81.877558
Minor Injury Suspected,40.885853,-81.822805
Minor Injury Suspected,40.740462,-82.02467
Property Damage Only,40.952167,-82.084242
Serious Injury Suspected,40.675926,-82.004759
Property Damage Only,40.951996,-81.739515
Property Damage Only,40.851679,-81.800148
Serious Injury Suspected,40.783266,-81.965674
Property Damage Only,40.71688,-82.068473
Injury Possible,40.71236,-82.007921
Minor Injury Suspected,40.936275,-82.010567
Property Damage Only,40.940088,-82.098214
Property Damage Only,40.796637,-81.750829
Injury Possible,40.718347,-81.915504
Minor Injury Suspected,40.829004,-81.715477
Minor Injury Suspected,40.795433,-81.915157
Property Damage Only,40.87261,-81.76347
Property Damage Only,40.868206,-81.763559
Minor Injury Suspected,40.868206,-81.763559
Property Damage Only,40.807736,-82.021215
Property Damage Only,40.898278,-81.681312
Property Damage Only,40.82297,-81.76507
Property Damage Only,40.792999,-81.961259
Serious Injury Suspected,40.790387,-81.934482
Property Damage Only,40.728193,-81.662402
Minor Injury Suspected,40.878574,-82.108101
Property Damage Only,40.942102,-81.657291
Property Damage Only,40.982051,-81.856912
Property Damage Only,40.829352,-81.837537
Property Damage Only,40.799208,-82.022602
Minor Injury Suspected,40.796916,-81.755318
Injury Possible,40.824389,-82.061809
Property Damage Only,40.930788,-82.11822
Property Damage Only,40.79662,-81.755099
Property Damage Only,40.794354,-81.919866
Serious Injury Suspected,40.741121,-81.778311
Minor Injury Suspected,40.792965,-81.98253
Property Damage Only,40.817733,-82.046079
Injury Possible,40.935878,-82.108178
Property Damage Only,40.982078,-81.914139
Property Damage Only,40.87888,-82.108471
Property Damage Only,40.783511,-81.69264
Injury Possible,40.802308,-82.009613
Injury Possible,40.855891,-81.74463
Property Damage Only,40.724768,-82.053107
Injury Possible,40.844361,-82.11162
Property Damage Only,40.763557,-81.89615
Property Damage Only,40.755261,-81.895822
Property Damage Only,40.841992,-82.017892
Property Damage Only,40.814445,-81.845807
Injury Possible,40.988343,-81.663621
Injury Possible,40.796694,-81.763947
Injury Possible,40.981998,-81.681154
Property Damage Only,40.701316,-81.950221
Injury Possible,40.925446,-82.124241
Property Damage Only,40.961375,-82.061356
Injury Possible,40.964477,-81.831032
Minor Injury Suspected,40.857539,-82.109843
Property Damage Only,40.795547,-81.91406
Property Damage Only,40.909354,-81.781967
Injury Possible,40.762833,-81.987573
Property Damage Only,40.855521,-81.65364
Property Damage Only,40.9152,-81.763143
Property Damage Only,40.932972,-82.114737
Property Damage Only,40.766102,-81.670835
Serious Injury Suspected,40.94415,-82.081991
Minor Injury Suspected,40.796488,-81.757554
Injury Possible,40.981905,-82.078408
Property Damage Only,40.945373,-81.744481
Property Damage Only,40.789043,-81.895813
Property Damage Only,40.85443,-81.897224
Property Damage Only,40.741247,-81.815238
Property Damage Only,40.734737,-81.991244
Minor Injury Suspected,40.949461,-81.937518
Property Damage Only,40.797313,-81.746293
Minor Injury Suspected,40.788458,-81.934549
Property Damage Only,40.987665,-82.034506
Property Damage Only,40.841329,-81.930022
Minor Injury Suspected,40.764357,-82.081966
Property Damage Only,40.924042,-81.671998
Property Damage Only,40.679864,-81.669402
Minor Injury Suspected,40.808393,-81.755707
Minor Injury Suspected,40.970872,-81.661127
Minor Injury Suspected,40.839544,-82.101131
Minor Injury Suspected,40.733531,-81.938597
Property Damage Only,40.953766,-82.070411
Property Damage Only,40.795915,-81.895591
Property Damage Only,40.7495,-81.80445
Minor Injury Suspected,40.75331,-81.93004
Minor Injury Suspected,40.796408,-81.677856
Minor Injury Suspected,40.97362,-81.977973
Minor Injury Suspected,40.836444,-81.715647
Property Damage Only,40.719155,-81.674542
Minor Injury Suspected,40.923677,-81.705357
Injury Possible,40.894993,-82.008578
Property Damage Only,40.878998,-82.1088
Minor Injury Suspected,40.689574,-81.784147
Minor Injury Suspected,40.740951,-81.815858
Minor Injury Suspected,40.713038,-81.746184
Serious Injury Suspected,40.688907,-81.905399
Minor Injury Suspected,40.808697,-81.882291
Minor Injury Suspected,40.682685,-81.924929
Minor Injury Suspected,40.675677,-81.663798
Minor Injury Suspected,40.785748,-82.023038
Property Damage Only,40.874217,-81.961641
Minor Injury Suspected,40.733313,-81.685804
Minor Injury Suspected,40.942774,-82.003471
Property Damage Only,40.980412,-81.996632
Property Damage Only,40.916615,-81.782182
Property Damage Only,40.780892,-81.755036
Injury Possible,40.694132,-81.701895
Property Damage Only,40.985797,-82.037006
Property Damage Only,40.802653,-82.010531
Property Damage Only,40.858927,-81.825666
Minor Injury Suspected,40.902133,-81.783125
Serious Injury Suspected,40.92048,-81.705256
Property Damage Only,40.948362,-82.081466
Property Damage Only,40.869777,-81.679427
Property Damage Only,40.797513,-81.84404
Property Damage Only,40.90924,-81.797511
Serious Injury Suspected,40.960231,-81.668153
Minor Injury Suspected,40.916594,-81.782704
Property Damage Only,40.980208,-82.042247
Property Damage Only,40.916903,-81.782403
Minor Injury Suspected,40.722706,-81.74485
Property Damage Only,40.914366,-82.011611
Property Damage Only,40.82217,-81.774803
Property Damage Only,40.81413,-81.866892
Injury Possible,40.75914,-81.895901
Property Damage Only,40.775264,-81.914081
Property Damage Only,40.796593,-81.765326
Property Damage Only,40.94596,-82.085821
Minor Injury Suspected,40.741361,-81.766627
Property Damage Only,40.780329,-82.098783
Serious Injury Suspected,40.796798,-81.765625
Property Damage Only,40.733611,-81.656017
Injury Possible,40.91668,-81.780134
Property Damage Only,40.956743,-81.937698
Serious Injury Suspected,40.938177,-81.675143
Property Damage Only,40.720107,-81.674052
Property Damage Only,40.926333,-81.763252
Serious Injury Suspected,40.794182,-81.783748
Property Damage Only,40.987739,-81.730135
Property Damage Only,40.770535,-81.97291
Property Damage Only,40.934891,-82.081731
Minor Injury Suspected,40.859028,-81.804149
Minor Injury Suspected,40.783132,-81.692607
Property Damage Only,40.945987,-81.783364
Property Damage Only,40.800792,-81.72574
Property Damage Only,40.888974,-82.109113
Property Damage Only,40.755752,-81.804035
Property Damage Only,40.796471,-81.755245
Injury Possible,40.810401,-81.91701
Property Damage Only,40.752237,-81.944234
Property Damage Only,40.71104,-81.905667
Injury Possible,40.873642,-81.80359
Property Damage Only,40.829021,-81.861431
Property Damage Only,40.756312,-81.858697
Property Damage Only,40.98389,-81.894966
Minor Injury Suspected,40.842671,-81.956336
Property Damage Only,40.98682,-81.858149
Property Damage Only,40.829549,-81.806167
Minor Injury Suspected,40.810163,-81.844164
Property Damage Only,40.909298,-81.7978
Property Damage Only,40.959854,-82.062626
Minor Injury Suspected,40.881925,-81.705876
Property Damage Only,40.693882,-81.703265
Minor Injury Suspected,40.822417,-81.783622
Property Damage Only,40.798872,-81.911117
Property Damage Only,40.969194,-82.108732
Property Damage Only,40.711323,-81.891818
Property Damage Only,40.754971,-81.843479
Property Damage Only,40.757415,-81.930839
Injury Possible,40.79539,-81.797744
Minor Injury Suspected,40.814321,-81.652526
Property Damage Only,40.972175,-82.109889
Property Damage Only,40.799327,-82.032787
Injury Possible,40.949561,-81.740532
Minor Injury Suspected,40.95649,-82.066864
Property Damage Only,40.945658,-81.807731
Minor Injury Suspected,40.91542,-82.118817
Property Damage Only,40.965442,-82.109584
Property Damage Only,40.845719,-81.975859
Property Damage Only,40.840118,-82.099963
Property Damage Only,40.795838,-81.694714
Property Damage Only,40.986955,-82.009497
Minor Injury Suspected,40.944457,-81.961343
Minor Injury Suspected,40.824796,-81.700578
Minor Injury Suspected,40.668432,-82.04088
Property Damage Only,40.873744,-81.842237
Minor Injury Suspected,40.756843,-81.876867
Property Damage Only,40.836354,-81.842303
Fatal,40.887925,-81.820034
Minor Injury Suspected,40.796579,-81.7553
Property Damage Only,40.929716,-81.907037
Fatal,40.959951,-81.659489
Property Damage Only,40.700027,-81.69174
Property Damage Only,40.723724,-82.090519
Minor Injury Suspected,40.870658,-81.715918
Property Damage Only,40.821448,-82.055468
Property Damage Only,40.797536,-82.039899
Property Damage Only,40.94012,-82.099422
Minor Injury Suspected,40.941125,-82.097214
Property Damage Only,40.990715,-82.082892
Injury Possible,40.875286,-81.839968
Property Damage Only,40.98836,-81.730032
Property Damage Only,40.797174,-81.674975
Minor Injury Suspected,40.75547,-81.797124
Serious Injury Suspected,40.71378,-82.006495
Injury Possible,40.676072,-81.817737
Property Damage Only,40.952079,-82.101454
Property Damage Only,40.792391,-81.784845
Minor Injury Suspected,40.757374,-81.876904
Minor Injury Suspected,40.799012,-81.949355
Injury Possible,40.797376,-81.668077
Property Damage Only,40.799611,-81.982874
Property Damage Only,40.901878,-81.840498
Property Damage Only,40.941694,-82.094522
Minor Injury Suspected,40.925963,-82.123739
Minor Injury Suspected,40.796995,-81.678357
Minor Injury Suspected,40.918818,-81.774335
Property Damage Only,40.716548,-81.675796
Property Damage Only,40.810236,-81.844348
Property Damage Only,40.801884,-81.720104
Property Damage Only,40.73853,-81.988755
Minor Injury Suspected,40.946827,-81.902367
Minor Injury Suspected,40.889947,-81.817792
Minor Injury Suspected,40.947244,-81.742669
Minor Injury Suspected,40.829346,-81.841607
Injury Possible,40.892292,-81.705919
Minor Injury Suspected,40.828601,-81.87434
Property Damage Only,40.798455,-81.912386
Injury Possible,40.954002,-81.93765
Property Damage Only,40.945802,-81.864592
Property Damage Only,40.802927,-81.912939
Property Damage Only,40.706973,-82.013664
Property Damage Only,40.793539,-81.80761
Property Damage Only,40.944043,-81.662138
Property Damage Only,40.794948,-81.789113
Property Damage Only,40.931368,-82.117601
Property Damage Only,40.811141,-81.784735
Property Damage Only,40.960453,-81.746193
Property Damage Only,40.90105,-81.934633
Injury Possible,40.869036,-81.763476
Property Damage Only,40.796505,-81.678475
Property Damage Only,40.670663,-81.876585
Property Damage Only,40.797738,-81.844406
Property Damage Only,40.972691,-82.109906
Property Damage Only,40.68922,-81.873657
Minor Injury Suspected,40.765511,-81.745468
Property Damage Only,40.88116,-81.78355
Property Damage Only,40.808845,-81.844535
Property Damage Only,40.948912,-81.901857
Property Damage Only,40.795587,-81.913819
Injury Possible,40.709302,-81.755768
Injury Possible,40.745635,-81.944208
Minor Injury Suspected,40.829262,-81.835422
Property Damage Only,40.822601,-81.992928
Minor Injury Suspected,40.708173,-81.682098
Injury Possible,40.92059,-81.984515
Property Damage Only,40.828225,-81.962812
Property Damage Only,40.793458,-81.807711
Property Damage Only,40.886575,-82.124221
Property Damage Only,40.915601,-82.081265
Minor Injury Suspected,40.829288,-81.838354
Property Damage Only,40.942124,-81.657654
Property Damage Only,40.927546,-82.122368
Property Damage Only,40.96581,-81.828741
Property Damage Only,40.869268,-81.762518
Injury Possible,40.988119,-81.753437
Property Damage Only,40.947591,-82.081544
Minor Injury Suspected,40.79688,-81.678175
Property Damage Only,40.891248,-81.917289
Property Damage Only,40.868931,-81.803913
Injury Possible,40.814789,-81.831856
Property Damage Only,40.93026,-82.118774
Property Damage Only,40.988574,-81.666737
Minor Injury Suspected,40.824862,-81.700844
Property Damage Only,40.925436,-81.765241
Minor Injury Suspected,40.810408,-81.844021
Property Damage Only,40.72688,-81.791671
Property Damage Only,40.761044,-81.889344
Property Damage Only,40.796531,-81.766005
Minor Injury Suspected,40.939451,-82.01252
Serious Injury Suspected,40.768018,-82.01866
Minor Injury Suspected,40.85784,-81.982891
Property Damage Only,40.768475,-81.929078
Property Damage Only,40.797919,-81.852114
Property Damage Only,40.79686,-81.7461
Property Damage Only,40.959681,-81.730116
Injury Possible,40.795051,-81.696056
Property Damage Only,40.87256,-81.844537
Property Damage Only,40.85367,-81.725307
Property Damage Only,40.799444,-81.736376
Property Damage Only,40.822756,-81.877505
Property Damage Only,40.901388,-81.762999
Property Damage Only,40.944439,-81.956699
Minor Injury Suspected,40.80986,-81.87439
Property Damage Only,40.915779,-81.910597
Property Damage Only,40.916611,-81.787526
Property Damage Only,40.685045,-82.123017
Property Damage Only,40.797108,-81.65033
Property Damage Only,40.962273,-82.123615
Property Damage Only,40.728029,-81.895791
Injury Possible,40.988573,-81.688386
Property Damage Only,40.784623,-81.895888
Property Damage Only,40.902145,-81.803073
Property Damage Only,40.745322,-81.930058
Property Damage Only,40.725448,-81.783958
Property Damage Only,40.794912,-81.790021
Injury Possible,40.942042,-81.746068
Minor Injury Suspected,40.670486,-81.873405
Minor Injury Suspected,40.757303,-81.877135
Serious Injury Suspected,40.957437,-81.899587
Property Damage Only,40.939784,-82.099631
Injury Possible,40.983593,-82.03917
Property Damage Only,40.873718,-81.725349
Minor Injury Suspected,40.792864,-81.982701
Minor Injury Suspected,40.864104,-81.711144
Property Damage Only,40.796493,-81.763265
Property Damage Only,40.783971,-81.954736
Property Damage Only,40.987142,-81.680476
Fatal,40.697448,-81.765293
Property Damage Only,40.681403,-82.004794
Property Damage Only,40.770963,-81.973127
Minor Injury Suspected,40.842657,-81.889762
Property Damage Only,40.763127,-81.744869
Property Damage Only,40.676604,-81.870383
Property Damage Only,40.982353,-81.859731
Injury Possible,40.844204,-81.751886
Property Damage Only,40.92959,-81.741379
Property Damage Only,40.858088,-82.010598
Minor Injury Suspected,40.85812,-81.983028
Property Damage Only,40.982055,-82.040217
Minor Injury Suspected,40.697243,-81.883391
Property Damage Only,40.667727,-81.97113
Minor Injury Suspected,40.71192,-81.784221
Property Damage Only,40.95162,-81.739102
Property Damage Only,40.797926,-82.03933
Serious Injury Suspected,40.68389,-81.705513
Property Damage Only,40.946877,-81.672575
Property Damage Only,40.803565,-81.755177
Property Damage Only,40.825185,-81.764208
Minor Injury Suspected,40.829176,-81.851061
Property Damage Only,40.840462,-82.099821
Property Damage Only,40.791976,-81.873216
Property Damage Only,40.945414,-81.903026
Property Damage Only,40.849369,-81.87796
Property Damage Only,40.930063,-82.081611
Minor Injury Suspected,40.784575,-81.953691
Property Damage Only,40.955841,-81.735898
Property Damage Only,40.759722,-81.945214
Property Damage Only,40.956329,-82.066866
Property Damage Only,40.974413,-82.04264
Property Damage Only,40.870347,-81.847415
Serious Injury Suspected,40.733168,-81.992268
Property Damage Only,40.782761,-81.925595
Property Damage Only,40.795654,-81.904097
Minor Injury Suspected,40.678579,-81.722388
Minor Injury Suspected,40.714546,-81.755755
Minor Injury Suspected,40.869929,-81.763408
Minor Injury Suspected,40.823738,-82.019478
Property Damage Only,40.747489,-82.011689
Serious Injury Suspected,40.828572,-81.885435
Property Damage Only,40.951905,-81.739456
Injury Possible,40.948815,-81.901873
Property Damage Only,40.844804,-81.842376
Property Damage Only,40.774628,-81.944259
Property Damage Only,40.878611,-82.108503
Property Damage Only,40.776682,-81.96328
Property Damage Only,40.67178,-81.764923
Minor Injury Suspected,40.676514,-81.725922
Minor Injury Suspected,40.915606,-81.982324
Property Damage Only,40.798767,-81.694932
Property Damage Only,40.667988,-81.99484
Property Damage Only,40.784587,-81.953685
Injury Possible,40.750138,-81.895966
Property Damage Only,40.732557,-81.939098
Property Damage Only,40.763256,-81.690582
Property Damage Only,40.689586,-81.852115
Property Damage Only,40.844127,-81.738504
Property Damage Only,40.733604,-81.949735
Property Damage Only,40.947728,-82.081312
Fatal,40.858031,-81.959575
Property Damage Only,40.785283,-81.951264
Property Damage Only,40.895325,-82.008228
Property Damage Only,40.836078,-82.017604
Property Damage Only,40.869449,-81.761551
Property Damage Only,40.934861,-81.654128
Property Damage Only,40.902663,-81.723883
Property Damage Only,40.805223,-82.124893
Property Damage Only,40.737941,-81.818746
Minor Injury Suspected,40.767042,-82.055944
Minor Injury Suspected,40.83041,-82.126334
Property Damage Only,40.777208,-81.896725
Property Damage Only,40.717517,-81.763867
Minor Injury Suspected,40.727825,-81.794212
Property Damage Only,40.97797,-81.715377
Property Damage Only,40.939945,-82.099785
Fatal,40.868749,-81.878096
Property Damage Only,40.828811,-81.874205
Minor Injury Suspected,40.795697,-81.997578
Property Damage Only,40.705808,-81.980685
Property Damage Only,40.837115,-81.877605
Property Damage Only,40.799139,-81.737774
Property Damage Only,40.930509,-81.907931
Property Damage Only,40.755553,-81.71087
Property Damage Only,40.744399,-81.985148
Property Damage Only,40.793977,-81.919351
Property Damage Only,40.795096,-81.982642
Property Damage Only,40.767372,-82.064654
Property Damage Only,40.81753,-81.774877
Minor Injury Suspected,40.843496,-81.873759
Minor Injury Suspected,40.756929,-81.876907
Property Damage Only,40.984677,-81.663211
Property Damage Only,40.733702,-81.696858
Fatal,40.929946,-82.119005
Property Damage Only,40.9007,-81.733573
Property Damage Only,40.869879,-81.783901
Minor Injury Suspected,40.780517,-81.960848
Property Damage Only,40.908969,-81.763007
Minor Injury Suspected,40.83724,-81.877741
Property Damage Only,40.914604,-81.648468
Injury Possible,40.68628,-82.053054
Property Damage Only,40.763535,-81.931232
Serious Injury Suspected,40.905842,-81.800346
Injury Possible,40.799604,-81.983019
Property Damage Only,40.97423,-82.079678
Property Damage Only,40.798515,-81.893772
Minor Injury Suspected,40.668797,-81.65066
Minor Injury Suspected,40.937498,-82.102749
Minor Injury Suspected,40.771142,-81.97325
Property Damage Only,40.889535,-81.81813
Property Damage Only,40.904727,-81.73682
Property Damage Only,40.952732,-81.831387
Property Damage Only,40.799575,-82.013622
Minor Injury Suspected,40.904841,-81.80136
Property Damage Only,40.907146,-81.799417
Property Damage Only,40.94513,-81.993875
Minor Injury Suspected,40.784206,-82.124456
Property Damage Only,40.880711,-81.860934
Property Damage Only,40.975059,-81.843053
Minor Injury Suspected,40.79647,-81.755536
Injury Possible,40.798662,-81.886961
Property Damage Only,40.824634,-82.063498
Minor Injury Suspected,40.824209,-82.020866
Minor Injury Suspected,40.91577,-82.069836
Property Damage Only,40.962038,-82.060092
Minor Injury Suspected,40.871648,-81.921085
Property Damage Only,40.916273,-81.789005
Property Damage Only,40.989214,-82.038419
Property Damage Only,40.84194,-81.702877
Property Damage Only,40.955501,-81.994551
Property Damage Only,40.755269,-81.978453
Property Damage Only,40.708955,-82.087941
Property Damage Only,40.786118,-81.914391
Property Damage Only,40.696185,-81.784321
Property Damage Only,40.672724,-81.732259
Minor Injury Suspected,40.942154,-81.657776
Property Damage Only,40.796918,-81.74628
Property Damage Only,40.950181,-82.075484
Property Damage Only,40.714492,-81.755253
Property Damage Only,40.974441,-81.930867
Property Damage Only,40.938981,-82.013291
Property Damage Only,40.756606,-81.895812
Property Damage Only,40.766323,-81.944503
Property Damage Only,40.723822,-82.054921
Property Damage Only,40.801377,-81.996252
Serious Injury Suspected,40.971152,-82.109715
Property Damage Only,40.849355,-81.878222
Property Damage Only,40.878449,-82.108497
Property Damage Only,40.881849,-81.966377
Property Damage Only,40.829647,-81.796501
Property Damage Only,40.796659,-81.746147
Minor Injury Suspected,40.92497,-81.763457
Property Damage Only,40.874445,-81.840296
Property Damage Only,40.817879,-81.765231
Property Damage Only,40.959508,-81.975767
Property Damage Only,40.784343,-81.906769
Property Damage Only,40.857763,-82.107939
Property Damage Only,40.828521,-81.891038
Property Damage Only,40.689386,-81.952299
Property Damage Only,40.858947,-81.842918
Fatal,40.942302,-81.657676
Property Damage Only,40.954176,-81.994367
Minor Injury Suspected,40.903769,-82.10857
Property Damage Only,40.89446,-81.938585
Injury Possible,40.828785,-81.876538
Property Damage Only,40.828654,-81.876193
Property Damage Only,40.988198,-81.689221
Property Damage Only,40.874862,-81.840059
Injury Possible,40.787927,-82.083087
Property Damage Only,40.928102,-81.649456
Injury Possible,40.928102,-81.649456
Property Damage Only,40.875083,-81.840186
Minor Injury Suspected,40.932108,-81.651965
Property Damage Only,40.800188,-81.879908
Property Damage Only,40.850504,-81.70416
Property Damage Only,40.828531,-82.100517
Property Damage Only,40.930478,-81.650788
Injury Possible,40.794224,-81.80882
Property Damage Only,40.879898,-81.93476
Injury Possible,40.796839,-81.649644
Property Damage Only,40.972932,-82.109697
Property Damage Only,40.845774,-81.861577
Property Damage Only,40.845774,-81.861577
Minor Injury Suspected,40.773463,-81.994335
Minor Injury Suspected,40.829166,-81.854695
Minor Injury Suspected,40.913737,-82.108752
Property Damage Only,40.679939,-82.027147
Property Damage Only,40.930414,-82.118302
Property Damage Only,40.842436,-81.893454
Property Damage Only,40.968453,-81.822909
Property Damage Only,40.790895,-81.878629
Property Damage Only,40.988977,-81.994801
Injury Possible,40.97383,-81.957842
Property Damage Only,40.899449,-81.698012
Property Damage Only,40.671763,-82.097001
Property Damage Only,40.958411,-82.109606
Property Damage Only,40.824757,-82.063844
Minor Injury Suspected,40.711173,-81.746124
Property Damage Only,40.874935,-81.840135
Property Damage Only,40.828833,-81.764665
Property Damage Only,40.917194,-81.736761
Property Damage Only,40.973443,-81.661468
Property Damage Only,40.70547,-82.014903
Injury Possible,40.937014,-82.10393
Minor Injury Suspected,40.770553,-81.972773
Property Damage Only,40.738734,-81.934701
Injury Possible,40.869858,-81.921457
Minor Injury Suspected,40.960538,-81.65918
Property Damage Only,40.851016,-81.943444
Property Damage Only,40.755867,-81.852491
Property Damage Only,40.982049,-81.681094
Property Damage Only,40.798181,-81.89232
Property Damage Only,40.682463,-82.107025
Property Damage Only,40.894519,-81.936384
Injury Possible,40.91888,-81.65117
Property Damage Only,40.985642,-81.937731
Property Damage Only,40.747869,-81.972705
Property Damage Only,40.792921,-81.96492
Property Damage Only,40.797715,-81.668365
Property Damage Only,40.981877,-81.681172
Property Damage Only,40.834227,-82.03442
Property Damage Only,40.937575,-81.656311
Property Damage Only,40.927007,-81.648855
Property Damage Only,40.967193,-82.054224
Property Damage Only,40.945399,-81.744539
Property Damage Only,40.790245,-82.071527
Property Damage Only,40.801628,-82.035364
Property Damage Only,40.912031,-82.003346
Property Damage Only,40.711496,-81.8612
Property Damage Only,40.79136,-81.878532
Property Damage Only,40.988895,-82.032655
Property Damage Only,40.894285,-81.812402
Property Damage Only,40.699669,-81.950815
Property Damage Only,40.796842,-81.879938
Property Damage Only,40.872487,-82.053229
Property Damage Only,40.790233,-81.925233
Injury Possible,40.982328,-81.856187
Property Damage Only,40.839908,-81.824934
Minor Injury Suspected,40.821785,-81.765012
Property Damage Only,40.798155,-81.914374
Property Damage Only,40.888584,-81.819045
Property Damage Only,40.894543,-81.812302
Property Damage Only,40.809725,-82.027368
Property Damage Only,40.899036,-81.668117
Property Damage Only,40.793059,-81.97585
Fatal,40.806103,-82.016754
Property Damage Only,40.7539,-81.895764
Minor Injury Suspected,40.982414,-82.065811
Property Damage Only,40.798806,-82.034249
Property Damage Only,40.698351,-82.104078
Property Damage Only,40.93737,-82.104515
Minor Injury Suspected,40.985911,-82.036242
Property Damage Only,40.683326,-81.706232
Property Damage Only,40.94547,-81.902706
Minor Injury Suspected,40.946682,-81.742953
Minor Injury Suspected,40.726762,-82.003769
Property Damage Only,40.950484,-81.976103
Property Damage Only,40.79663,-81.755391
Property Damage Only,40.95059,-82.075548
Minor Injury Suspected,40.697036,-81.784477
Property Damage Only,40.988169,-81.774596
Property Damage Only,40.741017,-81.816262
Minor Injury Suspected,40.932012,-81.652087
Property Damage Only,40.901895,-81.803252
Property Damage Only,40.960777,-81.659665
Minor Injury Suspected,40.945763,-81.869513
Property Damage Only,40.69931,-81.745935
Property Damage Only,40.851526,-81.836763
Property Damage Only,40.97883,-81.686362
Property Damage Only,40.677711,-81.949672
Minor Injury Suspected,40.744047,-81.830384
Property Damage Only,40.697197,-81.784131
Property Damage Only,40.757337,-81.843216
Property Damage Only,40.987607,-81.753753
Property Damage Only,40.974564,-82.015941
Property Damage Only,40.811868,-81.844277
Injury Possible,40.876536,-81.838017
Property Damage Only,40.960152,-81.738544
Property Damage Only,40.871919,-81.803716
Property Damage Only,40.827792,-81.826172
Property Damage Only,40.76682,-81.929448
Property Damage Only,40.811221,-81.877183
Property Damage Only,40.776337,-81.94421
Property Damage Only,40.747909,-82.011116
Property Damage Only,40.829318,-81.842805
Property Damage Only,40.939822,-82.100028
Property Damage Only,40.902279,-81.734005
Minor Injury Suspected,40.94521,-81.902877
Property Damage Only,40.822246,-81.765058
Property Damage Only,40.882583,-81.76317
Property Damage Only,40.810442,-82.030234
Minor Injury Suspected,40.797794,-81.660559
Property Damage Only,40.706359,-82.014265
Property Damage Only,40.942585,-82.116702
Property Damage Only,40.803617,-81.868962
Minor Injury Suspected,40.945987,-81.763904
Property Damage Only,40.926284,-81.762737
Minor Injury Suspected,40.79558,-81.908468
Injury Possible,40.800985,-81.87777
Minor Injury Suspected,40.671148,-81.923972
Minor Injury Suspected,40.868515,-82.090037
Minor Injury Suspected,40.974854,-81.705029
Serious Injury Suspected,40.91643,-81.859745
Property Damage Only,40.945364,-82.085618
Property Damage Only,40.793038,-81.78655
Property Damage Only,40.822355,-81.781165
Property Damage Only,40.895026,-81.655829
Property Damage Only,40.727052,-81.745104
Property Damage Only,40.763596,-81.896363
Property Damage Only,40.874289,-81.772765
Minor Injury Suspected,40.873927,-81.842155
Property Damage Only,40.8082,-82.022846
Property Damage Only,40.693916,-81.67805
Property Damage Only,40.773524,-81.843641
Property Damage Only,40.676939,-81.94934
Property Damage Only,40.670126,-82.039499
Minor Injury Suspected,40.674481,-81.729706
Minor Injury Suspected,40.974097,-81.949062
Injury Possible,40.98825,-81.780744
Minor Injury Suspected,40.96613,-81.660255
Property Damage Only,40.755886,-81.782722
Property Damage Only,40.939161,-81.904481
Property Damage Only,40.766975,-81.754977
Property Damage Only,40.82286,-81.667226
Minor Injury Suspected,40.915216,-81.955185
Property Damage Only,40.69311,-81.74599
Minor Injury Suspected,40.95976,-81.738614
Property Damage Only,40.822742,-81.764831
Property Damage Only,40.740983,-81.816314
Property Damage Only,40.911039,-81.809754
Property Damage Only,40.858138,-82.12553
Injury Possible,40.873845,-81.724977
Property Damage Only,40.96143,-82.061322
Property Damage Only,40.895874,-81.809625
Property Damage Only,40.98729,-81.663311
Property Damage Only,40.79963,-81.736149
Property Damage Only,40.901927,-81.825021
Property Damage Only,40.810259,-81.844129
Property Damage Only,40.942411,-82.093474
Injury Possible,40.73537,-81.813536
Minor Injury Suspected,40.909249,-81.797662
Minor Injury Suspected,40.807348,-82.096612
Property Damage Only,40.755374,-81.843551
Property Damage Only,40.86726,-81.922449
Property Damage Only,40.96128,-81.738424
Injury Possible,40.916792,-81.742612
Property Damage Only,40.970082,-81.780251
Property Damage Only,40.974243,-81.773653
Injury Possible,40.95752,-81.763318
Property Damage Only,40.692344,-81.87969
Property Damage Only,40.970635,-81.762296
Property Damage Only,40.982097,-81.761928
Property Damage Only,40.971751,-81.785236
Property Damage Only,40.988825,-81.778154
Property Damage Only,40.9634,-81.7174
Property Damage Only,40.9674,-81.6603
Property Damage Only,40.858779,-81.852877
Property Damage Only,40.973907,-81.777655
Property Damage Only,40.680831,-81.873613
Property Damage Only,40.9415,-81.6556
Property Damage Only,40.9879,-81.6636
Minor Injury Suspected,40.86758,-81.85203
Property Damage Only,40.980136,-81.782795
Minor Injury Suspected,40.676562,-81.870366
Property Damage Only,40.890021,-81.817649
Property Damage Only,40.784455,-81.91705
Property Damage Only,40.736425,-82.064036
Property Damage Only,40.676844,-81.870485
Property Damage Only,40.98045,-81.78526
Property Damage Only,40.966953,-81.78546
Minor Injury Suspected,40.978147,-81.781464
Property Damage Only,40.970248,-81.786452
Property Damage Only,40.977531,-81.793226
Property Damage Only,40.966589,-81.781741
Minor Injury Suspected,40.98035,-81.89781
Property Damage Only,40.983184,-81.895564
Property Damage Only,40.795467,-81.913594
Property Damage Only,40.809833,-81.843858
Property Damage Only,40.972675,-81.78358
Property Damage Only,40.9391,-81.6505
Property Damage Only,40.952581,-81.735524
Property Damage Only,40.9145,-81.6484
Property Damage Only,40.819789,-81.774677
Property Damage Only,40.945197,-81.744096
Property Damage Only,40.9454,-81.6857
Serious Injury Suspected,40.947119,-81.902218
Property Damage Only,40.907975,-81.648202
Property Damage Only,40.9882,-81.9947
Property Damage Only,40.960139,-81.899193
Property Damage Only,40.97873,-81.91123
Property Damage Only,40.970457,-81.780164
Property Damage Only,40.980432,-81.764386
Minor Injury Suspected,40.980327,-81.897826
Minor Injury Suspected,40.9832,-81.896
Property Damage Only,40.974665,-81.786493
Injury Possible,40.984941,-81.780567
Property Damage Only,40.9846,-81.7811
Property Damage Only,40.9817,-81.78083
Property Damage Only,40.987845,-81.666761
Injury Possible,40.7189,-81.9472
Property Damage Only,40.98539,-81.675029
Property Damage Only,40.9525,-81.7317
Minor Injury Suspected,40.95756,-81.763236
Property Damage Only,40.968052,-81.781769
Property Damage Only,40.957158,-81.763271
Property Damage Only,40.980211,-81.764794
Property Damage Only,40.983212,-81.7862
Minor Injury Suspected,40.971506,-81.794625
Property Damage Only,40.969125,-81.793485
Property Damage Only,40.967166,-81.787094
Property Damage Only,40.9725,-81.7774
Property Damage Only,40.977622,-81.782779
Property Damage Only,40.976976,-81.780229
Property Damage Only,40.979375,-81.797179
Property Damage Only,40.97234,-81.781109
Property Damage Only,40.862251,-81.861625
Property Damage Only,40.857882,-81.86752
Property Damage Only,40.694555,-81.702714
Property Damage Only,40.960251,-81.659447
Property Damage Only,40.676602,-81.87038
Minor Injury Suspected,40.931311,-82.075559
Minor Injury Suspected,40.922836,-81.648154
Property Damage Only,40.77621,-81.745297
Property Damage Only,40.67645,-81.86973
Property Damage Only,40.794444,-81.900556
Property Damage Only,40.931123,-81.651332
Property Damage Only,40.865674,-81.862538
Property Damage Only,40.86333,-81.85964
Property Damage Only,40.958046,-81.765936
Property Damage Only,40.975973,-81.761898
Property Damage Only,40.977062,-81.77795
Property Damage Only,40.972797,-81.781506
Property Damage Only,40.862278,-81.861804
Property Damage Only,40.858167,-81.867174
Property Damage Only,40.861991,-81.86169
Property Damage Only,40.970924,-81.793744
Property Damage Only,40.980143,-81.781536
Minor Injury Suspected,40.980166,-81.764767
Property Damage Only,40.980098,-81.764558
Property Damage Only,40.865896,-81.862937
Injury Possible,40.865827,-81.861698
Property Damage Only,40.974068,-81.705583
Property Damage Only,40.978368,-81.761845
Property Damage Only,40.944368,-81.74455
Property Damage Only,40.7667,-82.051467
Injury Possible,40.793351,-81.989542
Minor Injury Suspected,40.96884,-81.781943
Minor Injury Suspected,40.920165,-81.764779
Property Damage Only,40.868425,-81.851141
Property Damage Only,40.956977,-81.781085
Minor Injury Suspected,40.73758,-82.0298
Property Damage Only,40.970754,-81.792267
Property Damage Only,40.962456,-81.780717
Property Damage Only,40.971315,-81.802878
Property Damage Only,40.9681,-81.7101
Property Damage Only,40.972749,-81.786523
Property Damage Only,40.8628,-81.8612
Property Damage Only,40.958254,-81.763234
Minor Injury Suspected,40.86215,-81.85153
Property Damage Only,40.858589,-81.861537
Property Damage Only,40.85852,-81.86163
Property Damage Only,40.971857,-81.682444
Property Damage Only,40.839761,-81.76704
Property Damage Only,,
Property Damage Only,40.856205,-81.780286
Property Damage Only,40.843357,-81.764177
Injury Possible,40.834415,-81.7645
Property Damage Only,40.829348,-81.776536
Property Damage Only,40.843647,-81.769769
Property Damage Only,40.862769,-81.763625
Injury Possible,40.840679,-81.772558
Property Damage Only,40.843454,-81.764166
Property Damage Only,40.972621,-82.109608
Property Damage Only,40.795009,-81.949413
Property Damage Only,40.828333,-81.912416
Property Damage Only,40.811404,-81.9404
Injury Possible,40.812399,-81.963538
Property Damage Only,40.824561,-81.933625
Property Damage Only,40.8049,-81.957956
Property Damage Only,40.804736,-81.928862
Property Damage Only,40.805267,-81.91762
Property Damage Only,40.828508,-81.908727
Property Damage Only,40.80415,-81.953695
Property Damage Only,40.829462,-81.929434
Injury Possible,40.821692,-81.9079
Property Damage Only,40.840224,-81.915665
Property Damage Only,40.799769,-81.938714
Property Damage Only,40.81136,-81.90779
Minor Injury Suspected,40.80471,-81.953661
Property Damage Only,40.839656,-81.940752
Property Damage Only,40.82877,-81.953431
Property Damage Only,40.82799,-81.948484
Minor Injury Suspected,40.840224,-81.915665
Minor Injury Suspected,40.814741,-81.93833
Property Damage Only,40.819551,-81.934259
Property Damage Only,40.851547,-81.949578
Property Damage Only,40.803733,-81.938152
Property Damage Only,40.799376,-81.940281
Property Damage Only,40.843251,-81.942414
Property Damage Only,40.841227,-81.929619
Property Damage Only,40.807799,-81.916599
Property Damage Only,40.835719,-81.939073
Serious Injury Suspected,40.846278,-81.928103
Minor Injury Suspected,40.823545,-81.9386
Property Damage Only,40.817718,-81.938571
Property Damage Only,40.843251,-81.942414
Property Damage Only,40.837222,-81.922778
Property Damage Only,40.79773,-81.92461
Minor Injury Suspected,40.798623,-81.936817
Property Damage Only,40.831201,-81.930617
Property Damage Only,40.843605,-81.952826
Property Damage Only,40.824622,-81.935521
Property Damage Only,40.82835,-81.91001
Property Damage Only,40.843251,-81.942414
Property Damage Only,40.843251,-81.942414
Property Damage Only,40.77362,-81.92196
Property Damage Only,40.826953,-81.942986
Property Damage Only,40.824652,-81.938502
Injury Possible,40.811656,-81.963425
Property Damage Only,40.776753,-81.929189
Property Damage Only,40.797361,-81.924203
Minor Injury Suspected,40.828559,-81.915509
Property Damage Only,40.791931,-81.936078
Property Damage Only,40.857699,-81.924095
Injury Possible,40.853582,-81.7638
Property Damage Only,40.802634,-81.941198
Property Damage Only,40.81546,-81.93449
Property Damage Only,40.843308,-81.947167
Property Damage Only,40.8047,-81.953658
Injury Possible,40.804698,-81.953672
Property Damage Only,40.8086,-81.9381
Property Damage Only,40.805981,-81.926978
Property Damage Only,40.807541,-81.938252
Property Damage Only,40.802415,-81.941141
Property Damage Only,40.804665,-81.953639
Property Damage Only,40.793247,-81.936034
Property Damage Only,40.804364,-81.923658
Property Damage Only,40.800565,-81.940576
Property Damage Only,40.823363,-81.953383
Property Damage Only,40.791805,-81.934575
Property Damage Only,40.843265,-81.935062
Minor Injury Suspected,40.814177,-81.939881
Property Damage Only,40.845481,-81.943687
Property Damage Only,40.805864,-81.938401
Property Damage Only,40.779058,-81.928033
Property Damage Only,40.799728,-81.945932
Property Damage Only,40.841236,-81.929489
Property Damage Only,40.85716,-81.9266
Property Damage Only,40.819403,-81.93425
Property Damage Only,40.838694,-81.930569
Property Damage Only,40.828841,-81.948719
Minor Injury Suspected,40.826616,-81.921452
Property Damage Only,40.828418,-81.897927
Property Damage Only,40.798141,-81.935853
Property Damage Only,40.79803,-81.941262
Property Damage Only,40.823558,-81.93866
Property Damage Only,40.803032,-81.934489
Property Damage Only,40.841789,-81.939259
Property Damage Only,40.833158,-81.905307
Property Damage Only,40.857043,-81.92494
Property Damage Only,40.824141,-81.907852
Minor Injury Suspected,40.813893,-81.934432
Property Damage Only,40.808055,-81.938247
Property Damage Only,40.839722,-81.930833
Property Damage Only,40.799647,-81.938675
Property Damage Only,40.79206,-81.94051
Property Damage Only,40.7941,-81.950191
Property Damage Only,40.799376,-81.960311
Property Damage Only,40.84158,-81.93957
Property Damage Only,40.80571,-81.93287
Injury Possible,40.799386,-81.940315
Property Damage Only,40.821871,-81.93839
Property Damage Only,40.798994,-81.924307
Minor Injury Suspected,40.827759,-81.908593
Property Damage Only,40.799264,-81.938703
Property Damage Only,40.843228,-81.942457
Property Damage Only,40.811153,-81.9426
Property Damage Only,40.801097,-81.932091
Property Damage Only,40.809862,-81.924721
Injury Possible,40.806602,-81.917666
Injury Possible,40.814572,-81.938513
Property Damage Only,40.799837,-81.937101
Property Damage Only,40.804933,-81.929813
Property Damage Only,40.8121,-81.93366
Property Damage Only,40.79859,-81.9363
Property Damage Only,40.841232,-81.929571
Property Damage Only,40.843303,-81.942003
Property Damage Only,40.804909,-81.934611
Property Damage Only,40.801643,-81.922082
Injury Possible,40.801072,-81.937375
Property Damage Only,40.800299,-81.934434
Property Damage Only,40.809545,-81.915025
Minor Injury Suspected,40.796487,-81.942775
Property Damage Only,40.798639,-81.936779
Property Damage Only,40.840473,-81.935375
Property Damage Only,40.788554,-81.93713
Property Damage Only,40.804837,-81.943841
Property Damage Only,40.801539,-81.932142
Property Damage Only,40.809943,-81.934868
Property Damage Only,40.843256,-81.942286
Property Damage Only,40.843284,-81.938201
Property Damage Only,40.845178,-81.940085
Injury Possible,40.82881,-81.953469
Property Damage Only,40.857667,-81.91809
Property Damage Only,40.844299,-81.897061
Property Damage Only,40.804806,-81.938347
Property Damage Only,40.845563,-81.943854
Property Damage Only,40.837692,-81.92453
Property Damage Only,40.841732,-81.93963
Property Damage Only,40.749332,-81.836052
Property Damage Only,40.750225,-81.833803
Property Damage Only,40.74408,-81.82971
Property Damage Only,40.748491,-81.835757
Property Damage Only,40.74895,-81.83567
Property Damage Only,40.755664,-81.843336
Property Damage Only,40.745626,-81.824828
Minor Injury Suspected,40.827925,-81.901544
Property Damage Only,40.79672,-81.941214
Property Damage Only,40.827817,-81.90862
Minor Injury Suspected,40.825454,-81.908116
Property Damage Only,40.801094,-81.932086
Property Damage Only,40.845178,-81.940085
Property Damage Only,40.804482,-81.918979
Property Damage Only,40.828041,-81.907979
Property Damage Only,40.798118,-81.940131
Property Damage Only,40.828281,-81.909907
Property Damage Only,40.82312,-81.934279
Property Damage Only,40.793218,-81.951041
Serious Injury Suspected,40.812316,-81.913374
Injury Possible,40.800274,-81.934441
Property Damage Only,40.808133,-81.947138
Property Damage Only,40.835953,-81.948096
Property Damage Only,40.743877,-81.830108
Property Damage Only,40.813883,-81.934399
Property Damage Only,40.755816,-81.844566
Property Damage Only,40.798757,-81.935745
Property Damage Only,40.799224,-81.937561
Property Damage Only,40.79896,-81.934812
Property Damage Only,40.813922,-81.939544
Property Damage Only,40.804728,-81.953701
Minor Injury Suspected,40.843285,-81.934737
Injury Possible,40.857866,-81.937215
Property Damage Only,40.805144,-81.93958
Property Damage Only,40.809763,-81.932048
Property Damage Only,40.828612,-81.932098
Property Damage Only,40.80531,-81.941437
Property Damage Only,40.80146,-81.931158
Property Damage Only,40.83357,-81.925148
Property Damage Only,40.803196,-81.95468
Property Damage Only,40.798998,-81.932489
Property Damage Only,40.804462,-81.925241
Property Damage Only,40.843089,-81.942186
Property Damage Only,40.843382,-81.939422
Property Damage Only,40.845779,-81.944059
Property Damage Only,40.755337,-81.843765
Serious Injury Suspected,40.8139,-81.93855
Property Damage Only,40.797953,-81.94147
Serious Injury Suspected,40.792107,-81.952444
Property Damage Only,40.828416,-81.909447
Property Damage Only,40.804006,-81.964075
Property Damage Only,40.8022,-81.93771
Property Damage Only,40.808888,-81.915254
Property Damage Only,40.80516,-81.941562
Injury Possible,40.843359,-81.948372
Property Damage Only,40.806123,-81.938306
Property Damage Only,40.806462,-81.925785
Property Damage Only,40.84343,-81.942516
Property Damage Only,40.813537,-81.912838
Property Damage Only,40.798172,-81.92484
Property Damage Only,40.793585,-81.938865
Property Damage Only,40.806404,-81.938871
Fatal,40.836861,-81.927464
Property Damage Only,40.807988,-81.942701
Injury Possible,40.844037,-81.928898
Property Damage Only,40.837235,-81.927875
Property Damage Only,40.837048,-81.927485
Property Damage Only,40.800017,-81.944243
Property Damage Only,40.828403,-81.91552
Property Damage Only,40.804893,-81.934556
Injury Possible,40.828402,-81.908536
Property Damage Only,40.801429,-81.936376
Property Damage Only,40.837132,-81.927746
Property Damage Only,40.8314,-81.92301
Minor Injury Suspected,40.777294,-81.930159
Serious Injury Suspected,40.777291,-81.929965
Property Damage Only,40.83711,-81.93912
Property Damage Only,40.804883,-81.932014
Property Damage Only,40.798023,-81.94833
Property Damage Only,40.80686,-81.940535
Property Damage Only,40.8284,-81.90899
Property Damage Only,40.79891,-81.93678
Property Damage Only,40.828301,-81.906914
Property Damage Only,40.80321,-81.944558
Property Damage Only,40.839083,-81.939861
Property Damage Only,40.800576,-81.940541
Injury Possible,40.841197,-81.929064
Property Damage Only,40.841834,-81.939998
Minor Injury Suspected,40.836059,-81.92982
Property Damage Only,40.796732,-81.941228
Property Damage Only,40.797936,-81.941966
Property Damage Only,40.805537,-81.938399
Property Damage Only,40.752015,-81.839232
Property Damage Only,40.803951,-81.936198
Property Damage Only,40.793153,-81.948876
Property Damage Only,40.82854,-81.953434
Property Damage Only,40.826552,-81.922701
Property Damage Only,40.820036,-81.938645
Minor Injury Suspected,40.791873,-81.95285
Property Damage Only,40.843228,-81.939755
Minor Injury Suspected,40.84029,-81.93987
Property Damage Only,40.825546,-81.957845
Minor Injury Suspected,40.821071,-81.96279
Minor Injury Suspected,40.827985,-81.916519
Property Damage Only,40.82918,-81.90852
Property Damage Only,40.797567,-81.92864
Minor Injury Suspected,40.842328,-81.941362
Property Damage Only,40.801203,-81.940801
Minor Injury Suspected,40.806383,-81.9305
Property Damage Only,40.80897,-81.94256
Property Damage Only,40.850935,-81.947301
Property Damage Only,40.8283,-81.9133
Property Damage Only,40.798697,-81.936811
Property Damage Only,40.804402,-81.923661
Minor Injury Suspected,40.81393,-81.93952
Property Damage Only,40.808526,-81.915834
Property Damage Only,40.804728,-81.953675
Injury Possible,40.798971,-81.941437
Property Damage Only,40.828411,-81.908456
Serious Injury Suspected,40.828413,-81.910669
Property Damage Only,40.827252,-81.924926
Property Damage Only,40.852621,-81.948235
Property Damage Only,40.865203,-81.92287
Property Damage Only,40.838154,-81.918096
Property Damage Only,40.797405,-81.945976
Property Damage Only,40.794409,-81.938984
Property Damage Only,40.805132,-81.95366
Property Damage Only,40.843337,-81.947085
Injury Possible,40.839765,-81.928562
Property Damage Only,40.799387,-81.940232
Injury Possible,40.796706,-81.924799
Serious Injury Suspected,40.797695,-81.943133
Property Damage Only,40.851064,-81.947219
Property Damage Only,40.849228,-81.946022
Property Damage Only,40.804837,-81.953658
Property Damage Only,40.819552,-81.934195
Property Damage Only,40.797815,-81.933857
Injury Possible,40.798167,-81.936175
Minor Injury Suspected,40.851128,-81.94728
Serious Injury Suspected,40.842778,-81.942222
Property Damage Only,40.839084,-81.939251
Property Damage Only,40.822339,-81.934241
Property Damage Only,40.78862,-81.935717
Property Damage Only,40.820278,-81.961389
Injury Possible,40.843056,-81.939722
Property Damage Only,40.79055,-81.93553
Property Damage Only,40.748755,-81.83515
Property Damage Only,40.846031,-81.944226
Injury Possible,40.842315,-81.939641
Property Damage Only,40.843337,-81.944269
Property Damage Only,40.828221,-81.938759
Minor Injury Suspected,40.798249,-81.939746
Property Damage Only,40.813751,-81.934304
Property Damage Only,40.79794,-81.9359
Injury Possible,40.805193,-81.953499
Property Damage Only,40.799055,-81.94987
Property Damage Only,40.828105,-81.908506
Property Damage Only,40.799337,-81.95618
Injury Possible,40.841237,-81.92946
Property Damage Only,40.798309,-81.936645
Property Damage Only,40.80528,-81.93839
Property Damage Only,40.838143,-81.939187
Property Damage Only,40.80306,-81.937959
Property Damage Only,40.828384,-81.915742
Property Damage Only,40.849585,-81.946537
Minor Injury Suspected,40.814694,-81.938329
Property Damage Only,40.841239,-81.929486
Property Damage Only,40.811753,-81.938219
Property Damage Only,40.838563,-81.929334
Property Damage Only,40.841794,-81.941536
Property Damage Only,40.802762,-81.934451
Property Damage Only,40.799466,-81.94584
Property Damage Only,40.821599,-81.934896
Minor Injury Suspected,40.845535,-81.940108
Property Damage Only,40.799855,-81.937091
Property Damage Only,40.799561,-81.940926
Minor Injury Suspected,40.832172,-81.907135
Property Damage Only,40.83988,-81.945446
Injury Possible,40.79976,-81.934469
Property Damage Only,40.799397,-81.936185
Property Damage Only,40.798692,-81.936735
Property Damage Only,40.800318,-81.934472
Property Damage Only,40.838663,-81.92954
Property Damage Only,40.840029,-81.946828
Property Damage Only,40.816667,-81.926389
Property Damage Only,40.838566,-81.89742
Property Damage Only,40.755467,-81.844425
Property Damage Only,40.838648,-81.929393
Property Damage Only,40.837051,-81.929314
Property Damage Only,40.829498,-81.908587
Property Damage Only,40.845535,-81.940108
Property Damage Only,40.794233,-81.938939
Property Damage Only,40.816065,-81.963105
Property Damage Only,40.798024,-81.939992
Minor Injury Suspected,40.804526,-81.924685
Property Damage Only,40.786567,-81.933391
Property Damage Only,40.798979,-81.934239
Property Damage Only,40.792237,-81.952352
Injury Possible,40.845808,-81.944123
Minor Injury Suspected,40.801522,-81.940925
Property Damage Only,40.837282,-81.92935
Property Damage Only,40.793318,-81.954761
Property Damage Only,40.831364,-81.927221
Property Damage Only,40.806247,-81.952928
Property Damage Only,40.841233,-81.929493
Property Damage Only,40.852867,-81.925987
Property Damage Only,40.813889,-81.934167
Property Damage Only,40.84104,-81.929573
Property Damage Only,40.856055,-81.925144
Property Damage Only,40.804617,-81.918842
Property Damage Only,40.828381,-81.909393
Property Damage Only,40.813916,-81.928035
Property Damage Only,40.787844,-81.941667
Property Damage Only,40.802727,-81.931513
Property Damage Only,40.80653,-81.91772
Property Damage Only,40.799344,-81.967264
Property Damage Only,40.796656,-81.941168
Property Damage Only,40.819321,-81.949304
Property Damage Only,40.841225,-81.929487
Minor Injury Suspected,40.824025,-81.933737
Property Damage Only,40.838234,-81.909631
Property Damage Only,40.83272,-81.90602
Injury Possible,40.81291,-81.93419
Property Damage Only,40.819203,-81.936026
Minor Injury Suspected,40.7992,-81.95823
Property Damage Only,40.843283,-81.940783
Property Damage Only,40.822921,-81.934331
Serious Injury Suspected,40.813919,-81.938281
Property Damage Only,40.79645,-81.943202
Injury Possible,40.808795,-81.938299
Property Damage Only,40.799888,-81.922507
Property Damage Only,40.821521,-81.934962
Property Damage Only,40.788234,-81.934309
Property Damage Only,40.801583,-81.926203
Property Damage Only,40.804377,-81.948831
Property Damage Only,40.804938,-81.95356
Property Damage Only,40.842322,-81.94135
Property Damage Only,40.806516,-81.926942
Property Damage Only,40.828628,-81.908479
Property Damage Only,40.839047,-81.939453
Property Damage Only,40.806405,-81.934277
Injury Possible,40.801389,-81.933611
Property Damage Only,40.841361,-81.930103
Property Damage Only,40.798158,-81.924793
Property Damage Only,40.853611,-81.938056
Property Damage Only,40.841866,-81.939661
Property Damage Only,40.804788,-81.938345
Injury Possible,40.797454,-81.937011
Minor Injury Suspected,40.79917,-81.941776
Property Damage Only,40.817921,-81.962876
Property Damage Only,40.814041,-81.93436
Property Damage Only,40.841583,-81.939601
Property Damage Only,40.793183,-81.954548
Property Damage Only,40.84327,-81.94246
Injury Possible,40.845266,-81.943717
Minor Injury Suspected,40.84127,-81.92944
Property Damage Only,40.834604,-81.939081
Property Damage Only,40.827736,-81.932123
Property Damage Only,40.799722,-81.949722
Property Damage Only,40.755268,-81.843756
Property Damage Only,40.85774,-81.921983
Property Damage Only,40.799046,-81.932032
Injury Possible,40.843285,-81.937128
Property Damage Only,40.842066,-81.929443
Property Damage Only,40.832566,-81.906318
Property Damage Only,40.798635,-81.936748
Property Damage Only,40.798022,-81.939886
Property Damage Only,40.797644,-81.943386
Injury Possible,40.784882,-81.93256
Property Damage Only,40.8029,-81.95374
Serious Injury Suspected,40.828443,-81.925196
Property Damage Only,40.828628,-81.908479
Minor Injury Suspected,40.815443,-81.937757
Property Damage Only,40.799781,-81.93854
Property Damage Only,40.836167,-81.938994
Property Damage Only,40.828774,-81.908618
Property Damage Only,40.809884,-81.934514
Injury Possible,40.841772,-81.939584
Property Damage Only,40.8046,-81.925145
Minor Injury Suspected,40.839054,-81.939267
Property Damage Only,40.824528,-81.933564
Property Damage Only,40.82865,-81.94019
Property Damage Only,40.819669,-81.90899
Minor Injury Suspected,40.798108,-81.936142
Property Damage Only,40.788172,-81.93426
Property Damage Only,40.82262,-81.962748
Serious Injury Suspected,40.797603,-81.947664
Property Damage Only,40.800136,-81.943749
Property Damage Only,40.80273,-81.937873
Property Damage Only,40.804856,-81.934781
Property Damage Only,40.808995,-81.958018
Property Damage Only,40.796227,-81.948335
Property Damage Only,40.805122,-81.931941
Property Damage Only,40.798606,-81.936778
Property Damage Only,40.843274,-81.938493
Minor Injury Suspected,40.80467,-81.953632
Property Damage Only,40.792006,-81.935803
Property Damage Only,40.85135,-81.946531
Property Damage Only,40.804706,-81.9416
Property Damage Only,40.825278,-81.923889
Property Damage Only,40.804789,-81.953667
Property Damage Only,40.7969,-81.93838
Property Damage Only,40.809884,-81.928762
Property Damage Only,40.822683,-81.907906
Minor Injury Suspected,40.830853,-81.95343
Property Damage Only,40.835854,-81.929846
Property Damage Only,40.828394,-81.908621
Property Damage Only,40.843056,-81.939722
Property Damage Only,40.813932,-81.938152
Property Damage Only,40.834251,-81.939005
Property Damage Only,40.825968,-81.922413
Property Damage Only,40.804797,-81.938408
Property Damage Only,40.814963,-81.938194
Property Damage Only,40.804192,-81.933782
Property Damage Only,40.781253,-81.931662
Property Damage Only,40.82973,-81.953354
Property Damage Only,40.798704,-81.936648
Property Damage Only,40.82972,-81.92452
Property Damage Only,40.828426,-81.908959
Property Damage Only,40.826316,-81.908262
Property Damage Only,40.828385,-81.914049
Property Damage Only,40.748149,-81.835026
Property Damage Only,40.833895,-81.903732
Property Damage Only,40.798056,-81.936111
Property Damage Only,40.843321,-81.939893
Property Damage Only,40.840442,-81.925347
Property Damage Only,40.856491,-81.915872
Property Damage Only,40.834267,-81.903233
Property Damage Only,40.827805,-81.908553
Property Damage Only,40.813894,-81.934306
Property Damage Only,40.820759,-81.949656
Property Damage Only,40.828187,-81.931906
Property Damage Only,40.824155,-81.9078
Minor Injury Suspected,40.842687,-81.929252
Property Damage Only,40.797,-81.939
Property Damage Only,40.7918,-81.93571
Property Damage Only,40.804308,-81.932595
Property Damage Only,40.842456,-81.933767
Property Damage Only,40.838916,-81.931054
Minor Injury Suspected,40.828624,-81.93174
Minor Injury Suspected,40.802929,-81.953707
Property Damage Only,40.799117,-81.949695
Property Damage Only,40.825556,-81.945
Property Damage Only,40.838889,-81.939781
Injury Possible,40.828597,-81.931809
Property Damage Only,40.775,-81.944
Property Damage Only,40.839384,-81.939976
Property Damage Only,40.828611,-81.946146
Property Damage Only,40.796985,-81.945949
Property Damage Only,40.816141,-81.919239
Property Damage Only,40.857,-81.951
Minor Injury Suspected,40.852396,-81.942248
Property Damage Only,40.95,-81.950833
Property Damage Only,40.788661,-81.934655
Property Damage Only,40.841744,-81.939802
Property Damage Only,40.843766,-81.93993
Property Damage Only,40.7552,-81.844449
Property Damage Only,40.819097,-81.910169
Property Damage Only,40.840627,-81.784475
Property Damage Only,40.843511,-81.763067
Property Damage Only,40.831956,-81.76465
Property Damage Only,40.843917,-81.764177
Property Damage Only,40.829144,-81.77459
Property Damage Only,40.837813,-81.774469
Property Damage Only,40.838456,-81.76416
Property Damage Only,40.844159,-81.779369
Property Damage Only,40.840601,-81.768448
Property Damage Only,,
Minor Injury Suspected,40.843499,-81.765541
Property Damage Only,40.844216,-81.780405
Property Damage Only,40.840718,-81.778002
Property Damage Only,40.844417,-81.784518
Property Damage Only,40.844266,-81.782288
Property Damage Only,40.853874,-81.76744
Minor Injury Suspected,40.84061,-81.766575
Injury Possible,40.855662,-81.763732
Property Damage Only,40.84339,-81.763067
Property Damage Only,40.841479,-81.765029
Injury Possible,40.84218,-81.765575
Property Damage Only,40.842333,-81.774418
Property Damage Only,40.862054,-81.7837
Property Damage Only,40.844176,-81.756014
Property Damage Only,40.843605,-81.769373
Property Damage Only,40.843542,-81.766566
Injury Possible,40.829217,-81.776057
Property Damage Only,40.859287,-81.784172
Property Damage Only,40.844429,-81.764083
Property Damage Only,40.843858,-81.779849
Property Damage Only,40.843837,-81.774452
Property Damage Only,40.853956,-81.767317
Property Damage Only,40.839974,-81.771847
Property Damage Only,40.844085,-81.777987
Property Damage Only,40.843875,-81.76847
Property Damage Only,40.840657,-81.765657
Property Damage Only,40.841584,-81.764294
Property Damage Only,40.865694,-81.763491
Property Damage Only,40.841133,-81.77448
Property Damage Only,40.853363,-81.782287
Property Damage Only,40.834534,-81.765893
Injury Possible,40.842981,-81.76848
Property Damage Only,40.843763,-81.772132
Property Damage Only,40.848215,-81.781372
Property Damage Only,40.969794,-82.097023
Injury Possible,40.972614,-82.110047
Property Damage Only,40.84412,-81.779047
Property Damage Only,40.839853,-81.764294
Property Damage Only,40.841405,-81.764282
Property Damage Only,40.843787,-81.769737
Property Damage Only,40.85377,-81.763861
Injury Possible,40.833999,-81.784462
Minor Injury Suspected,40.844192,-81.781337
Property Damage Only,40.851522,-81.763945
Property Damage Only,40.853676,-81.763898
Property Damage Only,40.844842,-81.764107
Property Damage Only,40.861577,-81.763609
Property Damage Only,40.972614,-82.110047
Property Damage Only,40.843506,-81.764409
Property Damage Only,40.843536,-81.766038
Property Damage Only,40.849627,-81.763978
Minor Injury Suspected,40.844368,-81.764092
Property Damage Only,40.854459,-81.771746
Property Damage Only,40.838414,-81.763281
Minor Injury Suspected,40.854142,-81.769072
Property Damage Only,40.843549,-81.763329
Property Damage Only,40.834497,-81.76586
Property Damage Only,40.835847,-81.762167
Property Damage Only,40.84146,-81.76319
Property Damage Only,40.836725,-81.757039
Property Damage Only,40.839438,-81.764505
Property Damage Only,40.830759,-81.764687
Property Damage Only,40.843381,-81.769744
Property Damage Only,40.843625,-81.77981
Property Damage Only,40.831307,-81.764606
Property Damage Only,40.83165,-81.764582
Property Damage Only,40.844242,-81.782647
Property Damage Only,40.844262,-81.759623
Property Damage Only,40.846577,-81.764106
Property Damage Only,40.837908,-81.765343
Property Damage Only,40.840638,-81.7643
Property Damage Only,40.86318,-81.763519
Property Damage Only,40.854074,-81.768838
Property Damage Only,40.843399,-81.764117
Property Damage Only,40.833036,-81.764574
Property Damage Only,40.836713,-81.760903
Property Damage Only,40.844057,-81.779851
Property Damage Only,40.838341,-81.764417
Property Damage Only,40.834666,-81.764536
Property Damage Only,40.78467,-81.855542
Minor Injury Suspected,40.752675,-81.800614
Minor Injury Suspected,40.688658,-82.117688
Minor Injury Suspected,40.804976,-82.01338
Minor Injury Suspected,40.822373,-81.784134
Property Damage Only,40.971463,-81.661521
Minor Injury Suspected,40.951556,-81.73953
Property Damage Only,40.781494,-81.959876
Property Damage Only,40.971922,-81.663951
Property Damage Only,40.792115,-81.877257
Minor Injury Suspected,40.91776,-81.73716
Property Damage Only,40.670224,-81.70459
Property Damage Only,40.756938,-81.930855
Property Damage Only,40.755574,-81.655112
Property Damage Only,40.866044,-81.85831
Property Damage Only,40.830935,-82.028918
Property Damage Only,40.84175,-81.964634
Property Damage Only,40.67545,-81.862745
Minor Injury Suspected,40.77534,-81.986126
Injury Possible,40.809965,-81.691935
Minor Injury Suspected,40.734068,-81.819279
Property Damage Only,40.901672,-81.859433
Property Damage Only,40.796347,-81.753829
Injury Possible,40.981949,-81.855675
Property Damage Only,40.749934,-81.775376
Property Damage Only,40.771211,-81.944352
Property Damage Only,40.827679,-81.827255
Serious Injury Suspected,40.741154,-81.784013
Injury Possible,40.829382,-81.842231
Minor Injury Suspected,40.936126,-82.020809
Property Damage Only,40.796988,-81.769065
Serious Injury Suspected,40.979537,-81.968356
Property Damage Only,40.829273,-81.842643
Minor Injury Suspected,40.983304,-81.73872
Property Damage Only,40.692294,-81.952294
Property Damage Only,40.983909,-81.927958
Property Damage Only,40.974551,-81.746388
Property Damage Only,40.937853,-82.091809
Property Damage Only,40.711017,-81.891724
Property Damage Only,40.959779,-82.062781
Property Damage Only,40.947288,-82.081635
Property Damage Only,40.9667,-82.055213
Property Damage Only,40.946076,-81.763878
Property Damage Only,40.732857,-81.807269
Property Damage Only,40.888889,-81.803352
Minor Injury Suspected,40.806642,-82.0173
Property Damage Only,40.763179,-81.745099
Property Damage Only,40.927039,-82.043469
Property Damage Only,40.77144,-81.916045
Property Damage Only,40.929116,-81.956304
Minor Injury Suspected,40.989417,-82.109935
Property Damage Only,40.779439,-81.692349
Minor Injury Suspected,40.826621,-81.700125
Property Damage Only,40.959289,-82.06358
Property Damage Only,40.829407,-81.835721
Minor Injury Suspected,40.873975,-81.842332
Property Damage Only,40.934113,-81.75233
Property Damage Only,40.971343,-81.808186
Property Damage Only,40.797319,-81.746165
Property Damage Only,40.908787,-81.979203
Property Damage Only,40.799182,-82.007718
Injury Possible,40.849332,-81.878144
Property Damage Only,40.988179,-81.750492
Minor Injury Suspected,40.7112,-81.891773
Property Damage Only,40.879646,-81.919625
Property Damage Only,40.829807,-81.963384
Injury Possible,40.95528,-82.068392
Property Damage Only,40.697168,-81.784599
Minor Injury Suspected,40.695042,-81.808762
Property Damage Only,40.787071,-81.90258
Property Damage Only,40.916639,-81.781618
Property Damage Only,40.700734,-81.793403
Property Damage Only,40.98857,-82.032855
Property Damage Only,40.946127,-82.084495
Property Damage Only,40.912143,-82.002492
Property Damage Only,40.79834,-81.913839
Property Damage Only,40.787824,-81.958018
Property Damage Only,40.982113,-81.864183
Property Damage Only,40.7279,-82.047425
Minor Injury Suspected,40.915545,-82.108993
Property Damage Only,40.795667,-81.917955
Minor Injury Suspected,40.828296,-81.842439
Property Damage Only,40.901284,-81.913927
Property Damage Only,40.944844,-81.743637
Property Damage Only,40.812719,-81.991552
Property Damage Only,40.891906,-81.91692
Property Damage Only,40.770755,-81.973011
Property Damage Only,40.901996,-81.792212
Property Damage Only,40.944524,-81.744455
Fatal,40.888368,-81.763101
Minor Injury Suspected,40.857927,-81.878055
Property Damage Only,40.720257,-82.016196
Property Damage Only,40.674669,-81.869094
Property Damage Only,40.808429,-81.850632
Property Damage Only,40.980048,-82.041724
Serious Injury Suspected,40.974795,-81.996709
Property Damage Only,40.805591,-81.914408
Property Damage Only,40.928903,-82.120343
Minor Injury Suspected,40.988846,-81.988527
Property Damage Only,40.988211,-81.780394
Minor Injury Suspected,40.788808,-81.873109
Minor Injury Suspected,40.829924,-81.815897
Property Damage Only,40.784453,-81.745454
Property Damage Only,40.945558,-81.90264
Property Damage Only,40.810196,-82.028091
Property Damage Only,40.988674,-81.994803
Property Damage Only,40.94562,-81.835251
Injury Possible,40.677964,-81.868404
Minor Injury Suspected,40.741242,-81.745123
Minor Injury Suspected,40.862764,-81.709989
Injury Possible,40.915362,-81.952821
Property Damage Only,40.974645,-82.008502
Property Damage Only,40.916692,-81.782767
Minor Injury Suspected,40.925943,-82.052252
Property Damage Only,40.768035,-82.018855
Property Damage Only,40.8464,-82.116586
Property Damage Only,40.849091,-81.927203
Minor Injury Suspected,40.989133,-82.032367
Property Damage Only,40.960469,-81.89892
Property Damage Only,40.85767,-81.94289
Property Damage Only,40.968996,-82.05179
Property Damage Only,40.955428,-81.994631
Minor Injury Suspected,40.809768,-81.848252
Injury Possible,40.866688,-81.956887
Property Damage Only,40.839471,-82.099857
Property Damage Only,40.768443,-81.745198
Property Damage Only,40.941217,-81.993642
Property Damage Only,40.828814,-81.962805
Property Damage Only,40.894363,-81.812304
Property Damage Only,40.793626,-81.78489
Property Damage Only,40.984145,-81.864225
Property Damage Only,40.733792,-81.72254
Property Damage Only,40.802441,-81.830214
Minor Injury Suspected,40.794034,-81.952291
Property Damage Only,40.98773,-81.753697
Minor Injury Suspected,40.941068,-82.109319
Minor Injury Suspected,40.695913,-82.023907
Property Damage Only,40.741201,-81.825108
Property Damage Only,40.676316,-81.871134
Property Damage Only,40.763638,-81.931438
Property Damage Only,40.831816,-81.946257
Property Damage Only,40.760751,-81.93141
Property Damage Only,40.784964,-81.951804
Minor Injury Suspected,40.760623,-81.93142
Minor Injury Suspected,40.761376,-81.931686
Minor Injury Suspected,40.694117,-81.703256
Property Damage Only,40.764142,-82.082265
Property Damage Only,40.822052,-81.749703
Property Damage Only,40.798329,-81.766325
Property Damage Only,40.760559,-81.931431
Minor Injury Suspected,40.829124,-81.842285
Minor Injury Suspected,40.724954,-81.667384
Injury Possible,40.785068,-81.963648
Minor Injury Suspected,40.797644,-81.982891
Property Damage Only,40.830566,-81.842321
Property Damage Only,40.976262,-81.761879
Property Damage Only,40.69738,-81.784252
Property Damage Only,40.94581,-81.902838
Property Damage Only,40.972602,-82.111633
Property Damage Only,40.712226,-81.784498
Minor Injury Suspected,40.858121,-81.976048
Property Damage Only,40.701945,-81.661022
Property Damage Only,40.71783,-81.696807
Minor Injury Suspected,40.829746,-81.791968
Property Damage Only,40.826106,-81.89655
Property Damage Only,40.90109,-81.73367
Property Damage Only,40.969179,-82.052368
Injury Possible,40.945379,-81.898051
Property Damage Only,40.95691,-81.69887
Property Damage Only,40.702443,-81.69105
Property Damage Only,40.939715,-82.01233
Property Damage Only,40.887319,-81.898297
Minor Injury Suspected,40.984451,-81.808175
Injury Possible,40.800916,-81.729178
Property Damage Only,40.878589,-82.108312
Property Damage Only,40.879993,-81.965315
Property Damage Only,40.969218,-81.821895
Property Damage Only,40.841716,-81.967773
Serious Injury Suspected,40.798798,-81.886969
Minor Injury Suspected,40.694082,-81.702772
Property Damage Only,40.795865,-81.905213
Fatal,40.940575,-82.09827
Minor Injury Suspected,40.988168,-81.75323
Minor Injury Suspected,40.801571,-81.998723
Minor Injury Suspected,40.733042,-81.938803
Property Damage Only,40.81749,-81.80359
Property Damage Only,40.940735,-82.098067
Injury Possible,40.966749,-82.126625
Property Damage Only,40.948824,-82.078911
Property Damage Only,40.937378,-82.102959
Minor Injury Suspected,40.720441,-81.774771
Property Damage Only,40.937642,-81.705933
Property Damage Only,40.740259,-81.653828
Property Damage Only,40.979248,-82.04266
Property Damage Only,40.937335,-82.104882
Property Damage Only,40.951329,-82.073815
Property Damage Only,40.810684,-81.990535
Property Damage Only,40.930293,-82.048311
Serious Injury Suspected,40.833387,-82.000246
Property Damage Only,40.969922,-82.050945
Property Damage Only,40.750593,-82.121881
Property Damage Only,40.694305,-81.702335
Property Damage Only,40.83314,-81.842333
Property Damage Only,40.814443,-81.725895
Minor Injury Suspected,40.988578,-81.705754
Minor Injury Suspected,40.824658,-81.700589
Property Damage Only,40.982189,-81.758284
Property Damage Only,40.936841,-82.104242
Minor Injury Suspected,40.829945,-81.816001
Minor Injury Suspected,40.686716,-81.681489
Property Damage Only,40.760423,-81.690882
Property Damage Only,40.933589,-82.081656
Property Damage Only,40.952304,-81.648402
Minor Injury Suspected,40.785013,-81.994246
Property Damage Only,40.974593,-82.039224
Minor Injury Suspected,40.945907,-81.799942
Minor Injury Suspected,40.822291,-81.779072
Property Damage Only,40.801997,-82.022776
Property Damage Only,40.810251,-81.844249
Property Damage Only,40.897917,-81.974672
Injury Possible,40.695515,-81.705497
Property Damage Only,40.67454,-81.869454
Property Damage Only,40.768506,-81.929064
Minor Injury Suspected,40.704159,-81.700197
Minor Injury Suspected,40.810803,-82.029474
Property Damage Only,40.916627,-81.786615
Property Damage Only,40.797608,-81.844487
Minor Injury Suspected,40.880017,-81.951013
Property Damage Only,40.768538,-81.976796
Property Damage Only,40.89129,-81.917228
Minor Injury Suspected,40.916365,-81.763261
Property Damage Only,40.822062,-81.76579
Serious Injury Suspected,40.98829,-81.729861
Minor Injury Suspected,40.951772,-82.072634
Property Damage Only,40.822452,-81.656242
Minor Injury Suspected,40.740966,-81.816325
Property Damage Only,40.80875,-82.024098
Property Damage Only,40.760342,-81.905403
Property Damage Only,40.833431,-81.926006
Property Damage Only,40.809085,-82.025282
Property Damage Only,40.909507,-82.051282
Serious Injury Suspected,40.706129,-82.091244
Property Damage Only,40.971497,-81.661264
Minor Injury Suspected,40.945831,-81.860748
Serious Injury Suspected,40.69443,-81.702798
Property Damage Only,40.880256,-81.832203
Minor Injury Suspected,40.816674,-82.043449
Property Damage Only,40.797771,-81.659308
Injury Possible,40.780494,-81.914135
Property Damage Only,40.674914,-81.784064
Minor Injury Suspected,40.893736,-81.861018
Property Damage Only,40.858003,-82.048403
Property Damage Only,40.865959,-81.87805
Property Damage Only,40.775062,-81.745292
Minor Injury Suspected,40.988157,-81.759528
Property Damage Only,40.963284,-81.718137
Property Damage Only,40.938152,-81.685527
Property Damage Only,40.873779,-81.763329
Property Damage Only,40.793291,-81.957403
Property Damage Only,40.79455,-81.693998
Property Damage Only,40.790728,-81.796321
Property Damage Only,40.901944,-81.79731
Property Damage Only,40.915516,-82.109132
Property Damage Only,40.959745,-82.084833
Property Damage Only,40.970329,-81.818678
Minor Injury Suspected,40.684816,-81.842193
Property Damage Only,40.689331,-81.870786
Property Damage Only,40.926048,-81.956295
Property Damage Only,40.978123,-81.820664
Property Damage Only,40.955645,-82.069958
Property Damage Only,40.783808,-81.843978
Property Damage Only,40.756456,-81.745168
Property Damage Only,40.975482,-81.661782
Minor Injury Suspected,40.863658,-81.975903
Property Damage Only,40.755359,-81.930071
Injury Possible,40.951678,-81.739469
Property Damage Only,40.981389,-81.957939
Minor Injury Suspected,40.759005,-81.931219
Property Damage Only,40.92803,-81.740892
Property Damage Only,40.988506,-81.663142
Minor Injury Suspected,40.696673,-81.658854
Property Damage Only,40.853528,-81.941753
Property Damage Only,40.858897,-81.809001
Property Damage Only,40.885022,-81.918589
Property Damage Only,40.788008,-82.082262
Property Damage Only,40.939562,-82.10119
Property Damage Only,40.796555,-81.750294
Fatal,40.972549,-82.109632
Minor Injury Suspected,40.869187,-81.76351
Property Damage Only,40.762916,-81.794004
Minor Injury Suspected,40.740994,-81.724021
Serious Injury Suspected,40.720527,-82.060258
Property Damage Only,40.762843,-81.931949
Minor Injury Suspected,40.872769,-82.097435
Property Damage Only,40.901925,-81.79164
Property Damage Only,40.922847,-81.985616
Minor Injury Suspected,40.901502,-81.763021
Minor Injury Suspected,40.723031,-81.690094
Property Damage Only,40.945842,-81.855653
Minor Injury Suspected,40.798491,-81.896693
Minor Injury Suspected,40.947802,-81.936854
Property Damage Only,40.741169,-81.782463
Property Damage Only,40.970564,-82.050602
Property Damage Only,40.902198,-81.803296
Property Damage Only,40.740721,-81.877135
Injury Possible,40.902034,-81.80341
Serious Injury Suspected,40.792543,-81.804405
Property Damage Only,40.961307,-81.659293
Minor Injury Suspected,40.812355,-81.782571
Property Damage Only,40.810295,-81.844074
Injury Possible,40.733321,-81.972371
Property Damage Only,40.749063,-81.857027
Minor Injury Suspected,40.829415,-81.834216
Property Damage Only,40.859153,-81.792782
Property Damage Only,40.695696,-81.736477
Property Damage Only,40.711553,-81.944724
Property Damage Only,40.968387,-82.052972
Property Damage Only,40.963233,-82.059156
Minor Injury Suspected,40.915517,-82.091287
Property Damage Only,40.947019,-81.864191
Property Damage Only,40.752505,-81.814216
Property Damage Only,40.801769,-81.755333
Property Damage Only,40.7481,-81.90539
Minor Injury Suspected,40.74561,-81.77523
Serious Injury Suspected,40.879929,-81.950905
Property Damage Only,40.865379,-81.993443
Property Damage Only,40.889126,-82.073197
Property Damage Only,40.793101,-81.953504
Minor Injury Suspected,40.796193,-81.755148
Property Damage Only,40.865748,-81.874769
Property Damage Only,40.791754,-82.066364
Property Damage Only,40.857826,-82.108069
Minor Injury Suspected,40.697218,-81.784662
Property Damage Only,40.796514,-81.76512
Property Damage Only,40.894382,-81.933471
Property Damage Only,40.695233,-81.808215
Property Damage Only,40.945414,-81.897814
Property Damage Only,40.799274,-81.912347
Property Damage Only,40.766717,-82.072121
Property Damage Only,40.804314,-81.913883
Injury Possible,40.711002,-81.88455
Minor Injury Suspected,40.9466,-81.902375
Minor Injury Suspected,40.957678,-82.113307
Serious Injury Suspected,40.796742,-81.880774
Minor Injury Suspected,40.733574,-81.664239
Property Damage Only,40.952842,-81.739164
Property Damage Only,40.733745,-81.819398
Property Damage Only,40.939562,-82.10119
Property Damage Only,40.729618,-81.819422
Property Damage Only,40.677085,-81.870743
Property Damage Only,40.796802,-81.746316
Property Damage Only,40.97744,-82.043448
Minor Injury Suspected,40.969616,-82.051993
Property Damage Only,40.970785,-81.730816
Minor Injury Suspected,40.82996,-81.815771
Property Damage Only,40.981249,-81.647576
Property Damage Only,40.971482,-82.111266
Property Damage Only,40.985522,-82.036833
Property Damage Only,40.986021,-82.036156
Serious Injury Suspected,40.922094,-82.127499
Property Damage Only,40.791061,-81.796239
Property Damage Only,40.941678,-81.993626
Minor Injury Suspected,40.689068,-81.905347
Property Damage Only,40.737833,-81.818013
Property Damage Only,40.978517,-82.043492
Property Damage Only,40.804142,-81.913992
Property Damage Only,40.763277,-82.086864
Minor Injury Suspected,40.80391,-81.913684
Property Damage Only,40.706562,-82.091165
Property Damage Only,40.813905,-81.682314
Property Damage Only,40.85984,-81.725308
Fatal,40.675659,-81.817742
Injury Possible,40.738462,-81.74527
Property Damage Only,40.923644,-81.763226
Property Damage Only,40.72617,-81.789821
Property Damage Only,40.84166,-81.877666
Property Damage Only,40.795529,-81.914693
Minor Injury Suspected,40.796261,-81.755084
Property Damage Only,40.902427,-81.704964
Fatal,40.925662,-82.12459
Property Damage Only,40.974959,-82.046762
Property Damage Only,40.729825,-81.97308
Property Damage Only,40.898929,-81.673433
Property Damage Only,40.835986,-81.953161
Minor Injury Suspected,40.758276,-81.992011
Minor Injury Suspected,40.946232,-81.783279
Property Damage Only,40.800826,-81.818305
Minor Injury Suspected,40.94648,-81.763531
Injury Possible,40.794741,-81.809782
Property Damage Only,40.941869,-82.094637
Property Damage Only,40.875025,-81.763435
Property Damage Only,40.861797,-81.953923
Injury Possible,40.927836,-82.008181
Injury Possible,40.740419,-81.823381
Minor Injury Suspected,40.913338,-81.981558
Serious Injury Suspected,40.988493,-81.678868
Minor Injury Suspected,40.855615,-82.040512
Property Damage Only,40.777383,-81.843821
Property Damage Only,40.755894,-81.765318
Property Damage Only,40.928396,-81.649694
Property Damage Only,40.828496,-81.896786
Property Damage Only,40.960304,-81.660033
Injury Possible,40.932388,-81.763431
Property Damage Only,40.94085,-82.097181
Property Damage Only,40.670796,-81.938832
Serious Injury Suspected,40.753827,-81.673116
Injury Possible,40.76387,-81.744873
Minor Injury Suspected,40.802637,-82.011848
Minor Injury Suspected,40.87035,-81.848078
Property Damage Only,40.821887,-81.731617
Serious Injury Suspected,40.982192,-81.855892
Injury Possible,40.915335,-81.95512
Property Damage Only,40.784707,-81.843966
Property Damage Only,40.796318,-81.765414
Property Damage Only,40.741529,-81.81567
Property Damage Only,40.955671,-82.067533
Injury Possible,40.904478,-82.108595
Fatal,40.902209,-81.762918
Minor Injury Suspected,40.959996,-81.659154
Property Damage Only,40.858877,-81.823291
Minor Injury Suspected,40.693977,-81.699183
Property Damage Only,40.936,-82.10808
Property Damage Only,40.708356,-81.68132
Property Damage Only,40.828488,-81.891917
Minor Injury Suspected,40.88249,-81.91899
Property Damage Only,40.942622,-81.74578
Property Damage Only,40.687452,-81.852078
Property Damage Only,40.797866,-82.038592
Property Damage Only,40.843244,-81.878064
Property Damage Only,40.924905,-81.763518
Property Damage Only,40.795355,-82.050915
Property Damage Only,40.781813,-81.959111
Property Damage Only,40.940746,-82.098004
Property Damage Only,40.798769,-81.91129
Property Damage Only,40.9647,-82.05704
Property Damage Only,40.799626,-81.844047
Property Damage Only,40.935099,-82.055877
Minor Injury Suspected,40.94595,-81.783434
Property Damage Only,40.864988,-81.911245
Property Damage Only,40.82985,-81.820332
Property Damage Only,40.95994,-81.995316
Property Damage Only,40.782805,-81.678144
Property Damage Only,40.956329,-82.066866
Property Damage Only,40.930304,-81.727813
Property Damage Only,40.789015,-81.956881
Minor Injury Suspected,40.823604,-81.719589
Property Damage Only,40.963963,-82.058603
Property Damage Only,40.796412,-81.784946
Property Damage Only,40.799062,-82.032132
Minor Injury Suspected,40.715396,-82.073388
Minor Injury Suspected,40.833446,-81.953404
Property Damage Only,40.957535,-81.659035
Minor Injury Suspected,40.945355,-81.902817
Property Damage Only,40.764762,-81.963155
Property Damage Only,40.796019,-81.905298
Property Damage Only,40.675953,-81.870119
Property Damage Only,40.792259,-81.952346
Property Damage Only,40.797495,-81.668806
Property Damage Only,40.720388,-82.06047
Minor Injury Suspected,40.87366,-81.763362
Property Damage Only,40.972395,-82.109993
Property Damage Only,40.809058,-81.834558
Property Damage Only,40.683092,-82.052532
Minor Injury Suspected,40.963416,-82.086068
Minor Injury Suspected,40.784186,-82.124492
Property Damage Only,40.690077,-81.879044
Property Damage Only,40.810233,-82.028036
Serious Injury Suspected,40.920978,-81.655974
Injury Possible,40.869233,-81.763468
Property Damage Only,40.888605,-81.819113
Property Damage Only,40.809773,-81.682864
Minor Injury Suspected,40.884416,-82.108837
Property Damage Only,40.96359,-81.718194
Property Damage Only,40.944489,-81.956609
Property Damage Only,40.791084,-81.79739
Property Damage Only,40.807393,-82.022649
Property Damage Only,40.942905,-82.092988
Property Damage Only,40.668386,-82.108664
Property Damage Only,40.953955,-82.109465
Property Damage Only,40.965951,-82.055581
Property Damage Only,40.980452,-81.695976
Minor Injury Suspected,40.87585,-81.861324
Property Damage Only,40.797494,-81.924808
Property Damage Only,40.950968,-82.083656
Minor Injury Suspected,40.680059,-81.720093
Property Damage Only,40.897674,-82.023833
Serious Injury Suspected,40.962498,-82.024587
Minor Injury Suspected,40.755825,-81.745154
Minor Injury Suspected,40.768001,-82.007064
Minor Injury Suspected,40.740561,-81.823661
Property Damage Only,40.791666,-81.789426
Property Damage Only,40.792994,-81.806926
Property Damage Only,40.793415,-81.952028
Property Damage Only,40.771355,-81.972923
Property Damage Only,40.85452,-82.038641
Property Damage Only,40.955956,-81.994661
Property Damage Only,40.799541,-81.905041
Property Damage Only,40.916598,-81.788824
Property Damage Only,40.756357,-81.745146
Serious Injury Suspected,40.888497,-81.706707
Property Damage Only,40.789712,-81.999105
Property Damage Only,40.767389,-81.90539
Property Damage Only,40.708084,-81.745928
Property Damage Only,40.800616,-82.022657
Property Damage Only,40.898447,-81.705798
Minor Injury Suspected,40.965825,-81.829036
Serious Injury Suspected,40.733767,-81.668185
Property Damage Only,40.755727,-81.796666
Property Damage Only,40.834909,-82.100438
Property Damage Only,40.945985,-81.848109
Minor Injury Suspected,40.944558,-81.95009
Minor Injury Suspected,40.92315,-82.108995
Property Damage Only,40.945201,-81.902872
Property Damage Only,40.945636,-81.883947
Property Damage Only,40.946919,-82.082442
Property Damage Only,40.757468,-81.876862
Property Damage Only,40.983172,-82.039181
Property Damage Only,40.969983,-81.718398
Property Damage Only,40.97219,-82.049428
Property Damage Only,40.779515,-81.968688
Property Damage Only,40.76444,-81.898024
Minor Injury Suspected,40.796717,-81.678044
Property Damage Only,40.844444,-81.802952
Property Damage Only,40.82941,-81.803776
Property Damage Only,40.68958,-82.053208
Property Damage Only,40.887493,-81.706299
Property Damage Only,40.969091,-81.710104
Property Damage Only,40.836663,-82.002932
Property Damage Only,40.929488,-82.120262
Minor Injury Suspected,40.741227,-81.743926
Property Damage Only,40.770866,-81.972999
Property Damage Only,40.795674,-81.901639
Property Damage Only,40.670418,-82.100527
Minor Injury Suspected,40.991663,-82.110201
Property Damage Only,40.873178,-81.763852
Property Damage Only,40.840856,-81.84265
Property Damage Only,40.973169,-81.7364
Property Damage Only,40.885966,-81.822826
Minor Injury Suspected,40.746892,-81.807434
Property Damage Only,40.887402,-82.052803
Property Damage Only,40.780188,-82.089039
Injury Possible,40.902032,-81.782421
Property Damage Only,40.782593,-81.95763
Property Damage Only,40.804347,-81.866432
Property Damage Only,40.951854,-82.084288
Property Damage Only,40.672468,-81.870813
Property Damage Only,40.676438,-81.870688
Property Damage Only,40.784566,-81.958876
Minor Injury Suspected,40.894188,-81.934617
Property Damage Only,40.973647,-82.035439
Property Damage Only,40.858094,-81.953569
Property Damage Only,40.777552,-81.969497
Property Damage Only,40.777361,-81.843948
Property Damage Only,40.667993,-82.004597
Property Damage Only,40.689067,-81.878308
Minor Injury Suspected,40.945078,-81.902925
Property Damage Only,40.756206,-81.996026
Property Damage Only,40.942654,-81.658544
Minor Injury Suspected,40.951376,-81.68175
Property Damage Only,40.755573,-81.691277
Property Damage Only,40.873833,-81.84237
Injury Possible,40.763445,-81.896034
Property Damage Only,40.858014,-82.083847
Property Damage Only,40.7977,-81.668207
Minor Injury Suspected,40.936421,-82.020804
Property Damage Only,40.963187,-82.122142
Property Damage Only,40.747059,-81.692285
Property Damage Only,40.936846,-82.105319
Property Damage Only,40.918051,-81.782271
Minor Injury Suspected,40.945839,-81.797155
Minor Injury Suspected,40.940977,-81.657489
Minor Injury Suspected,40.858203,-81.9752
Property Damage Only,40.922891,-81.782613
Property Damage Only,40.75001,-82.1237
Property Damage Only,40.894729,-81.812561
Property Damage Only,40.88824,-81.772578
Property Damage Only,40.78511,-81.895756
Property Damage Only,40.773281,-81.928603
Property Damage Only,40.888614,-81.729571
Injury Possible,40.797724,-82.039159
Property Damage Only,40.937491,-82.103611
Minor Injury Suspected,40.85799,-82.054172
Minor Injury Suspected,40.805068,-82.013538
Property Damage Only,40.674673,-81.857235
Property Damage Only,40.677028,-81.869216
Property Damage Only,40.796717,-81.757117
Minor Injury Suspected,40.822138,-81.77484
Minor Injury Suspected,40.694551,-81.811239
Property Damage Only,40.965243,-82.121421
Property Damage Only,40.940305,-82.099903
Property Damage Only,40.940248,-82.098695
Property Damage Only,40.949011,-82.077998
Property Damage Only,40.947288,-82.081635
Property Damage Only,40.682393,-81.952398
Minor Injury Suspected,40.724475,-81.784476
Property Damage Only,40.934319,-82.109389
Fatal,40.747966,-81.80733
Property Damage Only,40.779489,-81.968662
Property Damage Only,40.982357,-82.054334
Property Damage Only,40.667622,-81.923764
Fatal,40.847989,-81.979113
Property Damage Only,40.711671,-81.944163
Property Damage Only,40.695441,-81.74025
Property Damage Only,40.804426,-81.913968
Minor Injury Suspected,40.946017,-81.763634
Property Damage Only,40.941322,-82.096552
Property Damage Only,40.806582,-82.017138
Property Damage Only,40.761129,-81.931512
Property Damage Only,40.944424,-81.95642
Minor Injury Suspected,40.751714,-81.980559
Property Damage Only,40.930275,-81.956258
Serious Injury Suspected,40.955467,-82.068481
Injury Possible,40.960712,-81.65918
Minor Injury Suspected,40.796732,-81.769084
Minor Injury Suspected,40.671706,-82.004712
Property Damage Only,40.924339,-82.125451
Minor Injury Suspected,40.670069,-81.704551
Minor Injury Suspected,40.857695,-81.906124
Property Damage Only,40.929136,-82.109046
Minor Injury Suspected,40.796891,-81.675339
Property Damage Only,40.67255,-81.732951
Property Damage Only,40.903472,-82.052084
Minor Injury Suspected,40.799352,-81.967656
Property Damage Only,40.769511,-81.975647
Minor Injury Suspected,40.732534,-81.806316
Property Damage Only,40.878584,-82.10831
Minor Injury Suspected,40.711094,-81.905825
Injury Possible,40.729311,-82.019126
Property Damage Only,40.795111,-81.698317
Property Damage Only,40.874308,-81.841747
Property Damage Only,40.844548,-81.897054
Minor Injury Suspected,40.671259,-81.923861
Property Damage Only,40.981527,-81.896134
Property Damage Only,40.945499,-82.086301
Minor Injury Suspected,40.936066,-82.109494
Minor Injury Suspected,40.767763,-81.725143
Property Damage Only,40.8887,-81.779845
Property Damage Only,40.859812,-81.770453
Property Damage Only,40.94594,-81.763603
Property Damage Only,40.674434,-81.884101
Property Damage Only,40.868836,-81.921992
Property Damage Only,40.974276,-82.077542
Property Damage Only,40.929537,-81.956374
Minor Injury Suspected,40.702899,-81.655201
Property Damage Only,40.927407,-82.122121
Property Damage Only,40.865228,-82.003822
Injury Possible,40.75586,-81.753438
Injury Possible,40.879296,-81.934721
Minor Injury Suspected,40.836834,-81.829232
Property Damage Only,40.799622,-81.943219
Property Damage Only,40.762084,-81.963101
Property Damage Only,40.67523,-81.811771
Injury Possible,40.795621,-81.812129
Property Damage Only,40.949432,-82.077769
Property Damage Only,40.796743,-82.004592
Minor Injury Suspected,40.85898,-81.784112
Property Damage Only,40.768522,-82.005031
Minor Injury Suspected,40.909036,-81.797832
Property Damage Only,40.799896,-81.735379
Minor Injury Suspected,40.756576,-81.863189
Property Damage Only,40.808371,-82.022694
Property Damage Only,40.737826,-81.818006
Property Damage Only,40.799124,-82.022822
Minor Injury Suspected,40.756905,-81.994559
Property Damage Only,40.793131,-81.956515
Minor Injury Suspected,40.788069,-81.755259
Fatal,40.944467,-81.956414
Property Damage Only,40.988201,-81.753197
Minor Injury Suspected,40.671535,-82.025223
Minor Injury Suspected,40.792402,-81.982717
Property Damage Only,40.991608,-82.110084
Property Damage Only,40.878713,-82.108523
Serious Injury Suspected,40.697293,-81.797222
Minor Injury Suspected,40.985774,-81.938609
Minor Injury Suspected,40.945902,-81.799592
Serious Injury Suspected,40.946266,-81.766866
Property Damage Only,40.6949,-82.004795
Property Damage Only,40.927381,-81.740705
Property Damage Only,40.799556,-81.976877
Property Damage Only,40.982814,-82.039449
Injury Possible,40.798716,-81.888012
Serious Injury Suspected,40.727909,-81.794682
Property Damage Only,40.972901,-81.78043
Minor Injury Suspected,40.793248,-81.960687
Minor Injury Suspected,40.872695,-81.98919
Property Damage Only,40.689852,-81.878295
Minor Injury Suspected,40.945882,-81.902771
Minor Injury Suspected,40.75573,-81.731726
Minor Injury Suspected,40.694301,-81.696153
Property Damage Only,40.932487,-82.125571
Property Damage Only,40.689045,-81.882154
Property Damage Only,40.828316,-81.900734
Minor Injury Suspected,40.892283,-81.815429
Property Damage Only,40.858179,-81.886407
Minor Injury Suspected,40.70654,-82.091141
Property Damage Only,40.785897,-81.961421
Property Damage Only,40.869033,-81.763644
Property Damage Only,40.988158,-81.748531
Property Damage Only,40.729634,-81.940278
Minor Injury Suspected,40.720537,-81.774255
Property Damage Only,40.721407,-81.776282
Minor Injury Suspected,40.726255,-81.843795
Property Damage Only,40.987799,-81.75379
Minor Injury Suspected,40.822298,-81.779517
Property Damage Only,40.865923,-81.878063
Property Damage Only,40.858037,-82.020499
Property Damage Only,40.798104,-81.657845
Property Damage Only,40.968132,-81.709831
Serious Injury Suspected,40.760972,-81.987591
Property Damage Only,40.945846,-81.746223
Property Damage Only,40.777367,-81.844069
Property Damage Only,40.761143,-81.671226
Property Damage Only,40.696241,-81.717439
Minor Injury Suspected,40.877501,-81.836421
Property Damage Only,40.693658,-81.696754
Property Damage Only,40.985041,-81.864274
Property Damage Only,40.757216,-81.875941
Property Damage Only,40.94947,-82.076652
Property Damage Only,40.924275,-82.125901
Minor Injury Suspected,40.921972,-82.083751
Property Damage Only,40.821748,-81.700618
Property Damage Only,40.796183,-81.677951
Minor Injury Suspected,40.776433,-81.84393
Property Damage Only,40.764533,-81.898477
Property Damage Only,40.838639,-82.098627
Minor Injury Suspected,40.942476,-82.09257
Property Damage Only,40.786188,-82.091856
Property Damage Only,40.874031,-81.842179
Property Damage Only,40.950441,-82.075306
Property Damage Only,40.796488,-81.679345
Fatal,40.697875,-81.692397
Minor Injury Suspected,40.865087,-81.993587
Property Damage Only,40.798175,-81.850209
Minor Injury Suspected,40.682903,-81.674954
Property Damage Only,40.826152,-82.05674
Minor Injury Suspected,40.71103,-81.891788
Injury Possible,40.716861,-81.746263
Serious Injury Suspected,40.667477,-81.944687
Minor Injury Suspected,40.799889,-82.096283
Property Damage Only,40.816297,-81.91518
Minor Injury Suspected,40.800415,-82.025451
Injury Possible,40.821924,-81.764862
Minor Injury Suspected,40.757324,-81.877652
Property Damage Only,40.734142,-81.668197
Property Damage Only,40.865073,-81.763194
Minor Injury Suspected,40.829582,-81.792375
Minor Injury Suspected,40.777772,-81.788979
Injury Possible,40.913552,-81.763097
Property Damage Only,40.988546,-81.704224
Property Damage Only,40.871766,-81.76333
Property Damage Only,40.879812,-81.944449
Property Damage Only,40.678885,-81.745752
Minor Injury Suspected,40.885929,-82.122428
Property Damage Only,40.85747,-81.89719
Property Damage Only,40.8441,-81.725431
Minor Injury Suspected,40.968518,-81.719928
Property Damage Only,40.972403,-82.110089
Injury Possible,40.945859,-81.794373
Property Damage Only,40.970386,-81.647776
Property Damage Only,40.83149,-81.741402
Property Damage Only,40.790145,-81.843886
Property Damage Only,40.70842,-81.946589
Minor Injury Suspected,40.927752,-81.740837
Injury Possible,40.930005,-82.109048
Property Damage Only,40.798972,-81.708172
Property Damage Only,40.915635,-82.045744
Property Damage Only,40.986406,-82.036129
Property Damage Only,40.858092,-82.043331
Property Damage Only,40.871622,-81.960103
Property Damage Only,40.954353,-82.069575
Property Damage Only,40.954353,-82.069575
Injury Possible,40.933332,-82.114367
Property Damage Only,40.879874,-81.953776
Injury Possible,40.858194,-81.975378
Serious Injury Suspected,40.84216,-81.676609
Minor Injury Suspected,40.963908,-82.07616
Minor Injury Suspected,40.926139,-81.76266
Injury Possible,40.955202,-82.068333
Serious Injury Suspected,40.935277,-82.055886
Property Damage Only,40.795343,-81.918411
Minor Injury Suspected,40.965831,-81.812391
Minor Injury Suspected,40.767742,-82.023375
Property Damage Only,40.899163,-81.67298
Property Damage Only,40.964718,-82.057712
Minor Injury Suspected,40.929336,-81.650133
Property Damage Only,40.951566,-81.901197
Property Damage Only,40.966057,-82.055758
Property Damage Only,40.759442,-81.975785
Property Damage Only,40.777425,-81.668484
Property Damage Only,40.901064,-81.976038
Property Damage Only,40.937174,-82.104092
Property Damage Only,40.943744,-81.647735
Minor Injury Suspected,40.671073,-81.92385
Serious Injury Suspected,40.945424,-81.902962
Property Damage Only,40.983276,-81.976995
Property Damage Only,40.955563,-81.736391
Minor Injury Suspected,40.840167,-82.073705
Property Damage Only,40.804959,-82.06094
Serious Injury Suspected,40.785721,-82.091737
Minor Injury Suspected,40.929235,-82.037881
Property Damage Only,40.871619,-81.845709
Property Damage Only,40.857875,-81.896681
Property Damage Only,40.87925,-81.833507
Property Damage Only,40.796077,-81.779247
Property Damage Only,40.945805,-81.83929
Property Damage Only,40.915101,-82.108863
Property Damage Only,40.83783,-81.80401
Property Damage Only,40.9424,-81.996987
Property Damage Only,40.906221,-81.800235
Property Damage Only,40.829539,-81.813825
Property Damage Only,40.969587,-82.051316
Property Damage Only,40.806376,-82.079028
Property Damage Only,40.762965,-81.984765
Property Damage Only,40.709298,-81.834076
Serious Injury Suspected,40.982241,-81.855978
Injury Possible,40.968124,-81.710252
Property Damage Only,40.722196,-81.745603
Serious Injury Suspected,40.962912,-81.832876
Injury Possible,40.926068,-81.762898
Injury Possible,40.95811,-81.957249
Injury Possible,40.98801,-81.753502
Property Damage Only,40.901069,-81.733749
Fatal,40.902828,-81.762878
Minor Injury Suspected,40.763691,-81.69101
Fatal,40.915199,-81.981752
Serious Injury Suspected,40.712016,-81.748106
Property Damage Only,40.988543,-81.994826
Property Damage Only,40.873801,-81.84233
Minor Injury Suspected,40.946416,-82.082278
Injury Possible,40.916184,-81.840913
Property Damage Only,40.797423,-81.746729
Property Damage Only,40.811333,-81.99121
Minor Injury Suspected,40.802676,-81.913143
Property Damage Only,40.873873,-81.79889
Property Damage Only,40.778683,-81.941343
Property Damage Only,40.689232,-81.878215
Property Damage Only,40.880462,-81.95125
Injury Possible,40.848589,-81.676778
Minor Injury Suspected,40.960632,-81.710686
Property Damage Only,40.93526,-81.782923
Property Damage Only,40.870622,-81.697752
Minor Injury Suspected,40.829607,-81.80038
Serious Injury Suspected,40.857817,-81.877923
Property Damage Only,40.979397,-81.744207
Property Damage Only,40.965941,-81.712015
Property Damage Only,40.938974,-82.102022
Property Damage Only,40.714877,-81.893428
Minor Injury Suspected,40.796038,-81.918312
Property Damage Only,40.704131,-82.048993
Property Damage Only,40.96236,-82.123462
Injury Possible,40.942209,-81.657645
Injury Possible,40.974373,-81.938254
Minor Injury Suspected,40.733625,-81.697078
Property Damage Only,40.79539,-81.694124
Property Damage Only,40.799099,-81.860026
Property Damage Only,40.779411,-81.944252
Minor Injury Suspected,40.873982,-81.84233
Injury Possible,40.857763,-81.877958
Minor Injury Suspected,40.858087,-81.87785
Minor Injury Suspected,40.93427,-82.109401
Property Damage Only,40.799506,-82.009619
Serious Injury Suspected,40.916645,-81.782802
Minor Injury Suspected,40.835881,-81.749514
Property Damage Only,40.988373,-81.737006
Minor Injury Suspected,40.945949,-81.763641
Minor Injury Suspected,40.867395,-81.976763
Property Damage Only,40.892341,-81.815371
Property Damage Only,40.981721,-81.692625
Minor Injury Suspected,40.874831,-81.840236
Property Damage Only,40.945441,-81.902905
Property Damage Only,40.740968,-81.816012
Property Damage Only,40.824848,-81.700815
Property Damage Only,40.72628,-81.862838
Minor Injury Suspected,40.793116,-81.982638
Property Damage Only,40.707594,-81.682964
Property Damage Only,40.870142,-81.647746
Minor Injury Suspected,40.694044,-81.70334
Minor Injury Suspected,40.857857,-81.876349
Minor Injury Suspected,40.74106,-81.775209
Property Damage Only,40.872611,-81.705736
Minor Injury Suspected,40.988326,-81.663317
Minor Injury Suspected,40.823034,-81.803593
Property Damage Only,40.751294,-81.97278
Property Damage Only,40.79789,-81.844238
Property Damage Only,40.829156,-81.843587
Minor Injury Suspected,40.693084,-81.784454
Minor Injury Suspected,40.748146,-81.745046
Property Damage Only,40.930539,-81.905601
Property Damage Only,40.924852,-81.765084
Property Damage Only,40.874759,-81.840247
Minor Injury Suspected,40.692991,-81.820179
Property Damage Only,40.772064,-81.9183
Property Damage Only,40.675302,-81.776041
Minor Injury Suspected,40.826908,-82.025084
Property Damage Only,40.674303,-81.887889
Property Damage Only,40.724705,-81.784363
Minor Injury Suspected,40.914431,-82.011694
Minor Injury Suspected,40.925512,-81.76359
Property Damage Only,40.971802,-82.110386
Property Damage Only,40.936465,-82.107147
Minor Injury Suspected,40.924368,-81.765415
Property Damage Only,40.793716,-81.807941
Minor Injury Suspected,40.828549,-81.895887
Property Damage Only,40.685665,-81.67897
Minor Injury Suspected,40.691024,-81.701683
Property Damage Only,40.90141,-81.878323
Injury Possible,40.956472,-81.899574
Property Damage Only,40.919016,-81.738094
Property Damage Only,40.763601,-81.895736
Property Damage Only,40.873743,-81.803733
Fatal,40.785909,-81.961651
Minor Injury Suspected,40.824975,-81.700496
Property Damage Only,40.926861,-81.93677
Property Damage Only,40.879054,-82.108606
Property Damage Only,40.797045,-82.004801
Minor Injury Suspected,40.898212,-81.681418
Property Damage Only,40.792781,-81.975527
Minor Injury Suspected,40.744714,-81.876873
Property Damage Only,40.878413,-82.108532
Property Damage Only,40.945795,-81.852549
Property Damage Only,40.863811,-81.842577
Property Damage Only,40.828548,-81.892746
Property Damage Only,40.807628,-82.096613
Property Damage Only,40.748334,-82.011015
Property Damage Only,40.842289,-81.890573
Minor Injury Suspected,40.72076,-81.69505
Property Damage Only,40.901797,-81.647788
Property Damage Only,40.96015,-82.063058
Property Damage Only,40.824724,-81.700633
Minor Injury Suspected,40.697173,-81.784862
Minor Injury Suspected,40.735387,-81.813509
Minor Injury Suspected,40.796828,-81.766243
Property Damage Only,40.801797,-81.98327
Serious Injury Suspected,40.945899,-81.76334
Property Damage Only,40.944538,-82.087999
Property Damage Only,40.902158,-81.761809
Property Damage Only,40.905872,-81.647907
Property Damage Only,40.93557,-82.108599
Injury Possible,40.8457,-82.073778
Property Damage Only,40.87243,-81.921011
Fatal,40.668143,-82.022824
Minor Injury Suspected,40.925565,-81.763306
Property Damage Only,40.70753,-81.736906
Property Damage Only,40.942337,-81.657879
Property Damage Only,40.868037,-81.686499
Property Damage Only,40.880246,-81.675626
Minor Injury Suspected,40.869891,-81.759496
Injury Possible,40.711761,-81.831119
Minor Injury Suspected,40.828702,-81.881658
Injury Possible,40.729113,-81.944178
Property Damage Only,40.79921,-82.016013
Property Damage Only,40.828609,-81.869817
Property Damage Only,40.95608,-81.735639
Property Damage Only,40.775933,-81.914196
Property Damage Only,40.75002,-81.832416
Property Damage Only,40.927892,-82.12152
Property Damage Only,40.795094,-81.693932
Minor Injury Suspected,40.92936,-81.988223
Property Damage Only,40.902177,-81.715595
Minor Injury Suspected,40.915345,-81.954973
Property Damage Only,40.935981,-81.681454
Property Damage Only,40.862287,-81.842664
Property Damage Only,40.79688,-81.77098
Property Damage Only,40.908902,-81.648179
Injury Possible,40.792243,-81.824246
Minor Injury Suspected,40.945269,-81.744017
Property Damage Only,40.898122,-81.822387
Property Damage Only,40.824395,-82.061983
Injury Possible,40.793274,-81.992421
Property Damage Only,40.764898,-81.898708
Property Damage Only,40.931351,-82.109364
Minor Injury Suspected,40.937753,-82.078687
Property Damage Only,40.802908,-81.821052
Minor Injury Suspected,40.773375,-81.971712
Property Damage Only,40.869295,-81.84987
Property Damage Only,40.91901,-81.98354
Property Damage Only,40.916023,-81.735692
Injury Possible,40.706051,-81.685698
Minor Injury Suspected,40.746421,-81.929706
Property Damage Only,40.927486,-81.761078
Property Damage Only,40.780039,-81.966427
Property Damage Only,40.681495,-81.924109
Property Damage Only,40.859132,-81.798346
Property Damage Only,40.689815,-81.70559
Property Damage Only,40.788722,-82.079243
Minor Injury Suspected,40.857947,-81.938414
Property Damage Only,40.698256,-81.713374
Property Damage Only,40.695685,-81.738059
Property Damage Only,40.955904,-81.994782
Property Damage Only,40.96994,-81.708836
Property Damage Only,40.766565,-81.843817
Property Damage Only,40.886741,-81.821816
Property Damage Only,40.980799,-82.097494
Property Damage Only,40.793955,-81.975693
Minor Injury Suspected,40.858993,-81.815774
Property Damage Only,40.803067,-81.821106
Property Damage Only,40.766587,-82.039479
Property Damage Only,40.986999,-82.031031
Property Damage Only,40.803573,-82.051239
Minor Injury Suspected,40.935091,-81.743567
Serious Injury Suspected,40.946174,-81.993968
Property Damage Only,40.690033,-81.705539
Injury Possible,40.857676,-81.907001
Property Damage Only,40.792816,-81.950371
Property Damage Only,40.894496,-81.811944
Minor Injury Suspected,40.923777,-82.052308
Property Damage Only,40.881039,-81.783581
Property Damage Only,40.840717,-81.893631
Property Damage Only,40.732817,-81.775057
Property Damage Only,40.828655,-82.082946
Serious Injury Suspected,40.836952,-81.803838
Property Damage Only,40.828199,-81.887555
Property Damage Only,40.865026,-81.906669
Property Damage Only,40.970679,-81.729943
Property Damage Only,40.987025,-81.680867
Property Damage Only,40.829354,-81.829167
Property Damage Only,40.96758,-82.05386
Property Damage Only,40.940068,-82.099878
Property Damage Only,40.70503,-81.765602
Property Damage Only,40.93377,-82.081972
Minor Injury Suspected,40.784185,-82.118207
Minor Injury Suspected,40.88363,-81.95292
Property Damage Only,40.883791,-81.953008
Property Damage Only,40.892691,-81.763122
Property Damage Only,40.887235,-81.969942
Minor Injury Suspected,40.798391,-81.913837
Property Damage Only,40.699648,-81.67708
Property Damage Only,40.98548,-81.683203
Minor Injury Suspected,40.98548,-81.683203
Property Damage Only,40.82591,-82.100536
Property Damage Only,40.84048,-82.01668
Property Damage Only,40.952297,-82.109416
Property Damage Only,40.903962,-81.685957
Property Damage Only,40.796095,-81.68242
Property Damage Only,40.844149,-81.748821
Property Damage Only,40.857948,-82.095779
Property Damage Only,40.901393,-81.914353
Property Damage Only,40.919777,-81.983947
Property Damage Only,40.787088,-81.89586
Property Damage Only,40.916659,-81.787597
Property Damage Only,40.755979,-82.006877
Property Damage Only,40.828731,-81.860084
Property Damage Only,40.797248,-81.877691
Minor Injury Suspected,40.915437,-81.648211
Property Damage Only,40.8001,-81.880278
Minor Injury Suspected,40.74123,-81.742299
Serious Injury Suspected,40.844144,-81.740711
Property Damage Only,40.770933,-81.973163
Property Damage Only,40.829778,-81.791332
Property Damage Only,40.844303,-81.712731
Minor Injury Suspected,40.965087,-82.056725
Minor Injury Suspected,40.69325,-81.820136
Property Damage Only,40.949509,-82.077418
Property Damage Only,40.83889,-81.861558
Property Damage Only,40.987742,-82.087123
Property Damage Only,40.808193,-81.85391
Minor Injury Suspected,40.900972,-81.975935
Injury Possible,40.815937,-82.042291
Property Damage Only,40.814329,-81.861053
Injury Possible,40.784646,-81.958816
Minor Injury Suspected,40.947288,-82.081635
Property Damage Only,40.776049,-81.930349
Property Damage Only,40.794568,-82.05432
Property Damage Only,40.787583,-81.91436
Property Damage Only,40.693623,-82.110779
Minor Injury Suspected,40.893879,-82.108832
Minor Injury Suspected,40.942569,-81.658003
Minor Injury Suspected,40.827773,-82.025381
Serious Injury Suspected,40.731294,-81.944204
Property Damage Only,40.828728,-81.885124
Property Damage Only,40.703325,-81.949708
Property Damage Only,40.67502,-81.783586
Property Damage Only,40.968853,-82.093812
Property Damage Only,40.713481,-82.078679
Minor Injury Suspected,40.896216,-81.762953
Injury Possible,40.755753,-81.876876
Injury Possible,40.794263,-82.054416
Property Damage Only,40.767037,-81.905336
Property Damage Only,40.937483,-82.102769
Property Damage Only,40.89108,-82.122968
Minor Injury Suspected,40.915645,-82.108503
Fatal,40.915623,-82.082507
Minor Injury Suspected,40.916703,-81.77937
Minor Injury Suspected,40.939037,-81.705256
Property Damage Only,40.979696,-81.685128
Minor Injury Suspected,40.945849,-81.763646
Minor Injury Suspected,40.845556,-81.703852
Injury Possible,40.925064,-81.764964
Property Damage Only,40.840447,-82.00511
Property Damage Only,40.829582,-81.805739
Property Damage Only,40.845361,-81.974376
Property Damage Only,40.915382,-81.789663
Property Damage Only,40.856545,-81.842535
Property Damage Only,40.873229,-81.870794
Minor Injury Suspected,40.81153,-81.844168
Property Damage Only,40.983609,-82.03856
Property Damage Only,40.755915,-81.853316
Property Damage Only,40.779652,-81.968146
Property Damage Only,40.81442,-81.844396
Property Damage Only,40.7148,-82.07533
Property Damage Only,40.914175,-82.011534
Property Damage Only,40.846008,-81.861528
Property Damage Only,40.784522,-82.1136
Property Damage Only,40.702252,-81.842521
Property Damage Only,40.865487,-81.763841
Property Damage Only,40.933641,-82.081716
Property Damage Only,40.672891,-81.658258
Property Damage Only,40.78232,-81.966729
Injury Possible,40.796556,-81.766233
Property Damage Only,40.96136,-81.95747
Property Damage Only,40.987411,-81.663741
Property Damage Only,40.833542,-81.953411
Property Damage Only,40.88849,-81.819121
Minor Injury Suspected,40.712359,-82.047996
Property Damage Only,40.798991,-81.815954
Property Damage Only,40.850216,-82.125709
Property Damage Only,40.797658,-81.877166
Property Damage Only,40.811587,-81.783397
Property Damage Only,40.802017,-81.877236
Injury Possible,40.749344,-81.836013
Property Damage Only,40.939737,-82.099239
Injury Possible,40.872709,-81.706409
Property Damage Only,40.823916,-81.665713
Property Damage Only,40.873813,-81.777712
Minor Injury Suspected,40.79952,-81.972634
Property Damage Only,40.938065,-82.104116
Property Damage Only,40.702843,-81.724728
Property Damage Only,40.794853,-81.702441
Property Damage Only,40.768938,-81.791996
Property Damage Only,40.765356,-81.981287
Property Damage Only,40.965545,-81.899193
Property Damage Only,40.771134,-81.9735
Minor Injury Suspected,40.858052,-81.873112
Minor Injury Suspected,40.800551,-81.817362
Property Damage Only,40.948841,-82.078109
Property Damage Only,40.956482,-82.067246
Property Damage Only,40.967326,-82.054728
Property Damage Only,40.677111,-81.86907
Property Damage Only,40.77954,-81.968408
Property Damage Only,40.689078,-81.952363
Property Damage Only,40.829664,-81.799248
Property Damage Only,40.869207,-81.686573
Property Damage Only,40.80668,-81.844676
Injury Possible,40.857866,-81.885861
Property Damage Only,40.799542,-81.816509
Property Damage Only,40.796983,-81.828409
Property Damage Only,40.988195,-81.759466
Property Damage Only,40.796929,-81.813187
Property Damage Only,40.901711,-81.697662
Property Damage Only,40.802636,-81.872618
Property Damage Only,40.745558,-81.895908
Injury Possible,40.991731,-82.11708
Minor Injury Suspected,40.779891,-81.968539
Property Damage Only,40.693202,-81.745988
Minor Injury Suspected,40.96344,-81.717998
Property Damage Only,40.696344,-82.019837
Property Damage Only,40.669752,-81.948917
Property Damage Only,40.944978,-82.08622
Property Damage Only,40.947516,-82.082213
Property Damage Only,40.988012,-82.033764
Property Damage Only,40.946514,-82.083676
Property Damage Only,40.954075,-82.069816
Injury Possible,40.928375,-82.121633
Property Damage Only,40.947072,-82.082254
Property Damage Only,40.966621,-82.055314
Property Damage Only,40.967444,-82.054599
Property Damage Only,40.967444,-82.054599
Minor Injury Suspected,40.936718,-82.0818
Property Damage Only,40.954075,-82.069816
Property Damage Only,40.944543,-82.08847
Minor Injury Suspected,40.916181,-81.841214
Minor Injury Suspected,40.771065,-81.843852
Property Damage Only,40.753234,-82.116001
Property Damage Only,40.836164,-81.973997
Property Damage Only,40.784506,-82.125489
Property Damage Only,40.825224,-81.693463
Property Damage Only,40.768627,-81.745043
Property Damage Only,40.698674,-81.714395
Injury Possible,40.955819,-81.735997
Property Damage Only,40.955179,-82.068592
Property Damage Only,40.900034,-82.007913
Property Damage Only,40.902294,-81.976441
Property Damage Only,40.96429,-82.058
Property Damage Only,40.957458,-82.065455
Property Damage Only,40.795464,-81.899031
Property Damage Only,40.932711,-82.114611
Serious Injury Suspected,40.931206,-81.782763
Property Damage Only,40.870915,-81.842474
Serious Injury Suspected,40.814758,-81.803931
Property Damage Only,40.948118,-82.083566
Property Damage Only,40.965236,-82.056922
Property Damage Only,40.960148,-81.899077
Property Damage Only,40.98815,-81.775958
Property Damage Only,40.979544,-81.800271
Property Damage Only,40.85801,-81.86707
Property Damage Only,40.97832,-81.780829
Minor Injury Suspected,40.980747,-81.763888
Property Damage Only,40.960015,-81.899038
Property Damage Only,40.971099,-81.762027
Property Damage Only,40.981356,-81.770847
Property Damage Only,40.974181,-81.781498
Property Damage Only,40.978257,-81.800809
Property Damage Only,40.988924,-81.992526
Property Damage Only,40.988217,-81.764343
Property Damage Only,40.977964,-81.899581
Property Damage Only,40.9401,-81.904
Property Damage Only,40.784205,-82.117075
Property Damage Only,40.988083,-81.759107
Minor Injury Suspected,40.977421,-81.788378
Property Damage Only,40.863332,-81.859645
Property Damage Only,40.880833,-81.919167
Property Damage Only,40.959242,-81.737937
Property Damage Only,40.945,-81.99
Property Damage Only,40.933555,-81.659246
Property Damage Only,40.950779,-81.678834
Minor Injury Suspected,40.937176,-81.674884
Property Damage Only,40.80272,-81.95275
Minor Injury Suspected,40.784242,-82.117231
Minor Injury Suspected,40.988861,-81.663764
Property Damage Only,40.973278,-81.743324
Property Damage Only,40.973788,-81.68284
Property Damage Only,40.938028,-81.648922
Property Damage Only,40.939357,-81.650926
Property Damage Only,40.82874,-81.87449
Property Damage Only,40.971507,-81.661402
Property Damage Only,40.87338,-81.751
Property Damage Only,40.968004,-81.780624
Property Damage Only,40.981509,-81.773614
Minor Injury Suspected,40.988192,-81.796188
Property Damage Only,40.862786,-81.86113
Property Damage Only,40.960246,-81.695142
Property Damage Only,40.963597,-81.781174
Property Damage Only,40.969112,-81.781607
Property Damage Only,40.79751,-81.92622
Minor Injury Suspected,40.967835,-81.710407
Property Damage Only,40.925669,-81.763326
Property Damage Only,40.681727,-81.873874
Property Damage Only,40.96717,-81.78163
Injury Possible,40.969737,-81.795468
Property Damage Only,40.981645,-81.781242
Property Damage Only,40.969301,-81.781699
Property Damage Only,40.982606,-81.896038
Property Damage Only,40.9882,-81.780586
Property Damage Only,40.968012,-81.781726
Property Damage Only,40.9705,-81.780893
Property Damage Only,40.980118,-81.781515
Minor Injury Suspected,40.9684,-81.69912
Property Damage Only,40.97776,-81.78149
Property Damage Only,40.98084,-81.69625
Property Damage Only,40.97811,-81.78208
Property Damage Only,40.98968,-81.994792
Property Damage Only,40.722312,-81.999051
Minor Injury Suspected,40.81446,-81.80492
Property Damage Only,40.916943,-81.782427
Minor Injury Suspected,40.95,-81.74
Property Damage Only,40.988566,-81.66367
Property Damage Only,40.89442,-81.81217
Property Damage Only,40.965904,-81.846687
Property Damage Only,40.977842,-81.781463
Property Damage Only,40.979309,-81.781515
Minor Injury Suspected,40.97281,-81.781483
Minor Injury Suspected,40.862787,-81.86113
Property Damage Only,40.972743,-81.786544
Property Damage Only,40.982096,-81.787693
Property Damage Only,40.980162,-81.764781
Property Damage Only,40.98019,-81.78243
Property Damage Only,40.971549,-81.794623
Property Damage Only,40.984783,-81.894549
Property Damage Only,40.920751,-81.739235
Property Damage Only,40.913171,-81.733796
Property Damage Only,40.988514,-81.653319
Minor Injury Suspected,40.970313,-81.70854
Minor Injury Suspected,40.902415,-81.744561
Property Damage Only,40.96027,-81.899227
Property Damage Only,40.973825,-81.78207
Property Damage Only,40.957567,-81.763297
Property Damage Only,40.988306,-81.796227
Property Damage Only,40.971546,-81.794721
Property Damage Only,40.972161,-81.794795
Property Damage Only,40.960261,-81.659462
Minor Injury Suspected,40.927763,-81.74077
Property Damage Only,40.980851,-81.696214
Property Damage Only,40.8696,-81.8494
Property Damage Only,40.85886,-81.86594
Property Damage Only,40.85853,-81.86168
Property Damage Only,40.983395,-81.996322
Property Damage Only,40.981125,-81.897023
Property Damage Only,40.977104,-81.761802
Property Damage Only,40.958528,-81.763227
Property Damage Only,40.977736,-81.801003
Property Damage Only,40.981265,-81.911291
Property Damage Only,40.965962,-81.762799
Property Damage Only,40.957963,-81.764882
Property Damage Only,40.958474,-81.766656
Property Damage Only,40.976024,-81.784707
Property Damage Only,40.972278,-81.777655
Property Damage Only,40.982275,-81.774461
Property Damage Only,40.960063,-81.899128
Property Damage Only,40.973759,-81.744868
Property Damage Only,40.894444,-81.934444
Property Damage Only,40.790277,-81.949722
Minor Injury Suspected,40.942761,-81.658008
Minor Injury Suspected,40.979075,-81.685916
Property Damage Only,40.960085,-81.908952
Property Damage Only,40.96101,-81.780551
Property Damage Only,40.96711,-81.78201
Property Damage Only,40.95994,-81.773104
Property Damage Only,40.75681,-81.87043
Property Damage Only,40.968848,-81.783875
Property Damage Only,40.984549,-81.760705
Property Damage Only,40.843379,-81.761753
Injury Possible,40.843842,-81.774596
Property Damage Only,40.834483,-81.764507
Property Damage Only,40.840964,-81.76425
Property Damage Only,40.843577,-81.768032
Property Damage Only,40.834669,-81.77427
Minor Injury Suspected,40.84077,-81.777658
Property Damage Only,40.836718,-81.759705
Property Damage Only,40.837904,-81.767087
Minor Injury Suspected,40.831769,-81.76373
Property Damage Only,40.863373,-81.763634
Property Damage Only,40.844387,-81.784497
Property Damage Only,40.838114,-81.760223
Injury Possible,40.834473,-81.764542
Minor Injury Suspected,40.841114,-81.784493
Property Damage Only,40.852904,-81.763879
Property Damage Only,40.844288,-81.757007
Fatal,40.684553,-82.022329
Property Damage Only,40.834124,-81.774099
Property Damage Only,40.846502,-81.769707
Minor Injury Suspected,40.830445,-81.784264
Property Damage Only,40.844519,-81.784677
Minor Injury Suspected,40.840725,-81.774451
Injury Possible,40.844061,-81.764629
Property Damage Only,40.84066,-81.764453
Property Damage Only,40.853534,-81.763872
Property Damage Only,40.802381,-81.952503
Property Damage Only,40.83802,-81.953378
Property Damage Only,40.790163,-81.927223
Property Damage Only,40.859444,-81.924167
Minor Injury Suspected,40.857548,-81.948548
Property Damage Only,40.798,-81.939
Property Damage Only,40.79517,-81.924981
Property Damage Only,40.804501,-81.924936
Property Damage Only,40.798771,-81.936396
Injury Possible,40.826558,-81.921489
Property Damage Only,40.834887,-81.915581
Property Damage Only,40.743009,-81.828297
Property Damage Only,40.842325,-81.941418
Property Damage Only,40.841051,-81.929512
Property Damage Only,40.799423,-81.935965
Property Damage Only,40.857615,-81.918115
Property Damage Only,40.845567,-81.943861
Property Damage Only,40.826551,-81.921444
Property Damage Only,40.834444,-81.950278
Property Damage Only,40.83911,-81.93952
Property Damage Only,40.841723,-81.939604
Property Damage Only,40.804955,-81.934834
Injury Possible,40.788,-81.934
Property Damage Only,40.847186,-81.927807
Property Damage Only,40.843097,-81.929189
Property Damage Only,40.857684,-81.921243
Property Damage Only,40.824745,-81.929987
Property Damage Only,40.837008,-81.899324
Property Damage Only,40.844008,-81.928906
Property Damage Only,40.823333,-81.916667
Property Damage Only,40.854694,-81.9255
Property Damage Only,40.828705,-81.953385
Property Damage Only,40.842813,-81.956005
Property Damage Only,40.851286,-81.941112
Minor Injury Suspected,40.841111,-81.930278
Property Damage Only,40.797613,-81.925461
Property Damage Only,40.862683,-81.954541
Property Damage Only,40.798827,-81.945977
Property Damage Only,40.828432,-81.915621
Property Damage Only,40.857879,-81.938001
Property Damage Only,40.851111,-81.946111
Property Damage Only,40.802556,-81.932039
Property Damage Only,40.83353,-81.92944
Property Damage Only,40.793485,-81.938972
Property Damage Only,40.804714,-81.953635
Property Damage Only,40.828361,-81.908778
Property Damage Only,40.80507,-81.9345
Property Damage Only,40.804039,-81.928021
Property Damage Only,40.84325,-81.94236
Property Damage Only,40.80519,-81.938384
Minor Injury Suspected,40.803848,-81.964301
Property Damage Only,40.815694,-81.93853
Property Damage Only,40.819579,-81.93205
Property Damage Only,40.809905,-81.938441
Property Damage Only,40.82851,-81.93176
Property Damage Only,40.796449,-81.935731
Property Damage Only,40.801089,-81.951257
Property Damage Only,40.830271,-81.93512
Minor Injury Suspected,40.82872,-81.9534
Injury Possible,40.842117,-81.929398
Injury Possible,40.82329,-81.92205
Property Damage Only,40.814286,-81.938248
Property Damage Only,40.788611,-81.934444
Minor Injury Suspected,40.790096,-81.936521
Property Damage Only,40.84556,-81.940177
Injury Possible,40.791931,-81.936697
Property Damage Only,40.818789,-81.920167
Property Damage Only,40.82845,-81.938768
Property Damage Only,40.845371,-81.943665
Property Damage Only,40.80717,-81.9293
Property Damage Only,40.828577,-81.931781
Property Damage Only,40.828589,-81.938747
Property Damage Only,40.799384,-81.945898
Property Damage Only,40.840403,-81.919036
Property Damage Only,40.841368,-81.930179
Property Damage Only,40.810407,-81.962365
Property Damage Only,40.79161,-81.9532
Minor Injury Suspected,40.857783,-81.925179
Property Damage Only,40.809931,-81.939406
Property Damage Only,40.79818,-81.93994
Property Damage Only,40.788612,-81.93471
Property Damage Only,40.788135,-81.939856
Property Damage Only,40.823195,-81.90879
Property Damage Only,40.811499,-81.943303
Property Damage Only,40.829628,-81.924442
Property Damage Only,40.829628,-81.924442
Property Damage Only,40.796968,-81.93962
Property Damage Only,40.786415,-81.933271
Property Damage Only,40.836002,-81.953397
Property Damage Only,40.800101,-81.950573
Property Damage Only,40.804953,-81.932064
Property Damage Only,40.796736,-81.938316
Property Damage Only,40.819501,-81.92337
Property Damage Only,40.776364,-81.929475
Minor Injury Suspected,40.829628,-81.924442
Property Damage Only,40.797903,-81.94038
Property Damage Only,40.857663,-81.915535
Property Damage Only,40.859347,-81.889142
Property Damage Only,40.792408,-81.943249
Property Damage Only,40.804703,-81.953716
Property Damage Only,40.84325,-81.945797
Property Damage Only,40.810495,-81.953571
Property Damage Only,40.828459,-81.914752
Property Damage Only,40.81974,-81.935783
Property Damage Only,40.843217,-81.939777
Property Damage Only,40.799427,-81.921945
Property Damage Only,40.789167,-81.951111
Property Damage Only,40.857876,-81.944355
Injury Possible,40.798965,-81.954665
Property Damage Only,40.788169,-81.933958
Property Damage Only,40.797897,-81.9486
Property Damage Only,40.75258,-81.84025
Property Damage Only,40.746113,-81.832776
Property Damage Only,40.751318,-81.830602
Property Damage Only,40.956382,-81.899644
Injury Possible,40.82845,-81.91473
Property Damage Only,40.840357,-81.920254
Minor Injury Suspected,40.841039,-81.932751
Property Damage Only,40.805015,-81.940112
Minor Injury Suspected,40.800501,-81.932128
Property Damage Only,40.845789,-81.94402
Injury Possible,40.792064,-81.941405
Injury Possible,40.804143,-81.923257
Property Damage Only,40.851997,-81.947387
Property Damage Only,40.983209,-81.797446
Property Damage Only,40.844963,-81.939205
Minor Injury Suspected,40.847259,-81.944245
Property Damage Only,40.804954,-81.930491
Property Damage Only,40.838231,-81.929467
Property Damage Only,40.855732,-81.925276
Property Damage Only,40.843634,-81.929758
Property Damage Only,40.794725,-81.937684
Minor Injury Suspected,40.810669,-81.934312
Property Damage Only,40.857719,-81.951288
Property Damage Only,40.829628,-81.924442
Property Damage Only,40.857976,-81.943144
Injury Possible,40.826978,-81.913749
Property Damage Only,40.80369,-81.913551
Property Damage Only,40.846569,-81.943847
Minor Injury Suspected,40.824874,-81.927268
Property Damage Only,40.841039,-81.932751
Property Damage Only,40.851851,-81.926209
Property Damage Only,40.798053,-81.928708
Property Damage Only,40.833752,-81.906596
Minor Injury Suspected,40.82439,-81.945547
Property Damage Only,40.80445,-81.924692
Property Damage Only,40.813938,-81.939575
Property Damage Only,40.838694,-81.929317
Property Damage Only,40.828403,-81.909208
Property Damage Only,40.808148,-81.934363
Property Damage Only,40.748571,-81.834813
Property Damage Only,40.798727,-81.945951
Property Damage Only,40.98567,-81.892484
Property Damage Only,40.799512,-81.936993
Property Damage Only,40.845281,-81.942861
Property Damage Only,40.799661,-81.938715
Serious Injury Suspected,40.837315,-81.955452
Property Damage Only,40.835915,-81.940703
Minor Injury Suspected,40.82877,-81.908939
Property Damage Only,40.804541,-81.927704
Property Damage Only,40.803101,-81.932749
Property Damage Only,40.841761,-81.930067
Property Damage Only,40.828818,-81.908957
Property Damage Only,40.794844,-81.945332
Property Damage Only,40.794107,-81.936067
Property Damage Only,40.843246,-81.940838
Injury Possible,40.835678,-81.926539
Property Damage Only,40.857808,-81.943494
Property Damage Only,40.788687,-81.934676
Property Damage Only,40.830118,-81.926249
Property Damage Only,40.795282,-81.942479
Property Damage Only,40.828403,-81.909208
Property Damage Only,40.804704,-81.95366
Property Damage Only,40.799973,-81.92618
Property Damage Only,40.797479,-81.945975
Serious Injury Suspected,40.78446,-81.93256
Minor Injury Suspected,40.800535,-81.934151
Property Damage Only,40.801302,-81.935188
Property Damage Only,40.824804,-81.937902
Minor Injury Suspected,40.857529,-81.924743
Property Damage Only,40.803757,-81.934889
Property Damage Only,40.857787,-81.926086
Property Damage Only,40.804941,-81.92934
Property Damage Only,40.855147,-81.932111
Property Damage Only,40.84096,-81.932766
Property Damage Only,40.828714,-81.953395
Property Damage Only,40.844178,-81.943762
Injury Possible,40.829229,-81.924238
Property Damage Only,40.828403,-81.909208
Property Damage Only,40.799387,-81.94032
Property Damage Only,40.828387,-81.909843
Property Damage Only,40.841039,-81.932751
Property Damage Only,40.797115,-81.946974
Property Damage Only,40.80413,-81.934679
Property Damage Only,40.827932,-81.905817
Property Damage Only,40.819293,-81.896933
Property Damage Only,40.800176,-81.950349
Property Damage Only,40.79816,-81.940124
Property Damage Only,40.798778,-81.935067
Minor Injury Suspected,40.859347,-81.889142
Property Damage Only,40.804953,-81.932064
Property Damage Only,40.799369,-81.963694
Property Damage Only,40.811018,-81.934336
Property Damage Only,40.843248,-81.942284
Minor Injury Suspected,40.80216,-81.997111
Property Damage Only,40.829229,-81.924238
Property Damage Only,40.794489,-81.936773
Property Damage Only,40.843347,-81.954365
Property Damage Only,40.824245,-81.933906
Property Damage Only,40.820349,-81.944395
Minor Injury Suspected,40.841039,-81.932751
Property Damage Only,40.843253,-81.944836
Minor Injury Suspected,40.799616,-81.938633
Minor Injury Suspected,40.806387,-81.938344
Property Damage Only,40.84471,-81.939221
Property Damage Only,40.820605,-81.946712
Property Damage Only,40.826978,-81.913749
Property Damage Only,40.811018,-81.934336
Property Damage Only,40.850856,-81.925775
Property Damage Only,40.812581,-81.951819
Property Damage Only,40.82439,-81.945547
Property Damage Only,40.798727,-81.945951
Property Damage Only,40.799163,-81.934471
Property Damage Only,40.799711,-81.938855
Property Damage Only,40.796683,-81.939275
Property Damage Only,40.799105,-81.936313
Property Damage Only,40.816244,-81.911098
Property Damage Only,40.788124,-81.934463
Property Damage Only,40.812581,-81.951819
Property Damage Only,40.799269,-81.945778
Property Damage Only,40.798536,-81.937851
Property Damage Only,40.822015,-81.935509
Property Damage Only,40.798653,-81.936777
Injury Possible,40.841073,-81.929469
Property Damage Only,40.854335,-81.947685
Property Damage Only,40.799985,-81.938071
Property Damage Only,40.793333,-81.935833
Property Damage Only,40.826978,-81.913749
Property Damage Only,40.822015,-81.934976
Property Damage Only,40.797739,-81.930665
Property Damage Only,40.830176,-81.956265
Property Damage Only,40.810445,-81.940563
Property Damage Only,40.822972,-81.938652
Property Damage Only,40.843281,-81.939802
Property Damage Only,40.755411,-81.843803
Property Damage Only,40.842624,-81.938592
Property Damage Only,40.805083,-81.921975
Property Damage Only,40.798408,-81.93115
Property Damage Only,40.841524,-81.930942
Property Damage Only,40.841039,-81.932751
Property Damage Only,40.80873,-81.936331
Property Damage Only,40.800101,-81.950573
Property Damage Only,40.842307,-81.939691
Injury Possible,40.823329,-81.953398
Property Damage Only,40.841039,-81.932751
Property Damage Only,40.828056,-81.923611
Minor Injury Suspected,40.850822,-81.78438
Property Damage Only,40.8368,-81.765779
Property Damage Only,40.802924,-81.939525
Injury Possible,40.85778,-81.927839
Property Damage Only,40.832766,-81.94985
Property Damage Only,40.828611,-81.938611
Property Damage Only,40.806442,-81.936356
Property Damage Only,40.841477,-81.939588
Property Damage Only,40.797926,-81.943187
Property Damage Only,40.83187,-81.930193
Property Damage Only,40.785866,-81.929922
Property Damage Only,40.85793,-81.951361
Property Damage Only,40.850633,-81.953599
Property Damage Only,40.806387,-81.938344
Property Damage Only,40.79842,-81.936496
Minor Injury Suspected,40.80702,-81.95915
Property Damage Only,40.80445,-81.924692
Property Damage Only,40.854335,-81.947685
Property Damage Only,40.796012,-81.93893
Property Damage Only,40.798928,-81.941443
Property Damage Only,40.788298,-81.936416
Injury Possible,40.804954,-81.930491
Minor Injury Suspected,40.799369,-81.963694
Property Damage Only,40.849345,-81.769561
Property Damage Only,40.795295,-81.947811
Property Damage Only,40.845831,-81.915933
Injury Possible,40.812969,-81.953526
Property Damage Only,40.866124,-81.956662
Property Damage Only,40.842792,-81.918466
Property Damage Only,40.820559,-81.935482
Property Damage Only,40.837949,-81.909541
Property Damage Only,40.849391,-81.94626
Property Damage Only,40.788247,-81.933555
Property Damage Only,40.842009,-81.902532
Injury Possible,40.805147,-81.942093
Property Damage Only,40.804704,-81.95366
Property Damage Only,40.837414,-81.915662
Property Damage Only,40.79842,-81.936496
Property Damage Only,40.862842,-81.763651
Property Damage Only,40.802924,-81.939525
Minor Injury Suspected,40.846862,-81.940249
Property Damage Only,40.805057,-81.935143
Property Damage Only,40.788298,-81.936416
Injury Possible,40.807451,-81.938088
Property Damage Only,40.849856,-81.946641
Property Damage Only,40.811018,-81.934336
Injury Possible,40.866124,-81.956662
Property Damage Only,40.804215,-81.941566
Injury Possible,40.797903,-81.94038
Property Damage Only,40.826837,-81.962394
Property Damage Only,40.843653,-81.769502
Property Damage Only,40.805147,-81.942093
Property Damage Only,40.798727,-81.945951
Injury Possible,40.841769,-81.939626
Property Damage Only,40.804954,-81.930491
Minor Injury Suspected,40.804954,-81.930491
Property Damage Only,40.804704,-81.95366
Property Damage Only,40.833233,-81.953404
Property Damage Only,40.796714,-81.94468
Property Damage Only,40.804798,-81.938355
Property Damage Only,40.824789,-81.927492
Property Damage Only,40.804647,-81.925294
Property Damage Only,40.823329,-81.953398
Property Damage Only,40.841176,-81.939551
Property Damage Only,40.841776,-81.939644
Injury Possible,40.828818,-81.908957
Property Damage Only,40.810945,-81.924644
Property Damage Only,40.82464,-81.938669
Property Damage Only,40.859107,-81.924388
Property Damage Only,40.831436,-81.915555
Property Damage Only,40.834388,-81.939026
Property Damage Only,40.830899,-81.930723
Property Damage Only,40.844387,-81.784088
Property Damage Only,40.826577,-81.932667
Property Damage Only,40.831555,-81.908661
Property Damage Only,40.838465,-81.765741
Property Damage Only,40.839701,-81.772182
Property Damage Only,40.828452,-81.903951
Property Damage Only,40.84395,-81.928986
Property Damage Only,40.813844,-81.924582
Fatal,40.785964,-81.932513
Injury Possible,40.804944,-81.934384
Property Damage Only,40.851211,-81.947444
Property Damage Only,40.883494,-81.952854
Property Damage Only,40.804677,-81.934508
Property Damage Only,40.811564,-81.938287
Property Damage Only,40.844012,-81.92857
Property Damage Only,40.806387,-81.938344
Minor Injury Suspected,40.795222,-81.948146
Property Damage Only,40.842032,-81.929358
Property Damage Only,40.802845,-81.933254
Property Damage Only,40.788298,-81.936416
Property Damage Only,40.788857,-81.935475
Injury Possible,40.803534,-81.953552
Property Damage Only,40.796479,-81.928991
Property Damage Only,40.7508,-81.838477
Property Damage Only,40.802439,-81.951171
Property Damage Only,40.853284,-81.925759
Minor Injury Suspected,40.832321,-81.906714
Property Damage Only,40.84519,-81.943173
Property Damage Only,40.813843,-81.928544
Property Damage Only,40.828765,-81.960812
Property Damage Only,40.849581,-81.947127
Property Damage Only,40.83729,-81.946515
Property Damage Only,40.805057,-81.935143
Property Damage Only,40.841295,-81.929932
Property Damage Only,40.859347,-81.889142
Property Damage Only,40.823329,-81.953398
Property Damage Only,40.82842,-81.912767
Property Damage Only,40.798727,-81.945951
Property Damage Only,40.839877,-81.782683
Property Damage Only,40.844604,-81.790856
Property Damage Only,40.83704,-81.763018
Property Damage Only,40.849783,-81.946563
Injury Possible,40.819555,-81.934232
Property Damage Only,40.829608,-81.922515
Minor Injury Suspected,40.859347,-81.889142
Property Damage Only,40.857748,-81.925406
Property Damage Only,40.865113,-81.922894
Property Damage Only,40.843188,-81.764591
Property Damage Only,40.843852,-81.939938
Injury Possible,40.838707,-81.929297
Property Damage Only,40.842009,-81.902532
Property Damage Only,40.805057,-81.935143
Property Damage Only,40.805006,-81.932051
Minor Injury Suspected,40.818343,-81.924482
Property Damage Only,40.828432,-81.906673
Property Damage Only,40.801348,-81.941445
Property Damage Only,40.752873,-81.840527
Injury Possible,40.840633,-81.765147
Property Damage Only,40.851193,-81.947452
Property Damage Only,40.796764,-81.939848
Minor Injury Suspected,40.849621,-81.946343
Property Damage Only,40.803569,-81.935102
Property Damage Only,40.793125,-81.951665
Property Damage Only,40.792241,-81.942146
Property Damage Only,40.8486,-81.945662
Minor Injury Suspected,40.813843,-81.928544
Property Damage Only,40.843567,-81.764117
Property Damage Only,40.860115,-81.764266
Property Damage Only,40.84411,-81.759822
Property Damage Only,40.841023,-81.929493
Property Damage Only,40.825263,-81.908029
Property Damage Only,40.857815,-81.987938
Minor Injury Suspected,40.829628,-81.924442
Property Damage Only,40.829628,-81.924442
Minor Injury Suspected,40.837315,-81.955452
Property Damage Only,40.814014,-81.945491
Property Damage Only,40.800759,-81.945886
Property Damage Only,40.804953,-81.932064
Property Damage Only,40.846074,-81.943721
Minor Injury Suspected,40.75554,-81.84441
Property Damage Only,40.803407,-81.965725
Property Damage Only,40.843347,-81.954365
Property Damage Only,40.83729,-81.946515
Property Damage Only,40.798503,-81.931682
Property Damage Only,40.825692,-81.90874
Property Damage Only,40.883494,-81.952854
Property Damage Only,40.834268,-81.929035
Property Damage Only,40.827535,-81.914294
Property Damage Only,40.824475,-81.933583
Serious Injury Suspected,40.799083,-81.934424
Property Damage Only,40.821319,-81.929286
Property Damage Only,40.805057,-81.935143
Property Damage Only,40.850633,-81.953599
Property Damage Only,40.800555,-81.934461
Property Damage Only,40.831213,-81.767575
Property Damage Only,40.843219,-81.768892
Property Damage Only,40.797486,-81.945975
Property Damage Only,40.80445,-81.924692
Property Damage Only,40.831874,-81.928197
Property Damage Only,40.793354,-81.936092
Property Damage Only,40.809942,-81.9321
Serious Injury Suspected,40.815396,-81.95353
Property Damage Only,40.800976,-81.942363
Property Damage Only,40.829628,-81.924442
Property Damage Only,40.797488,-81.943255
Property Damage Only,40.829628,-81.924442
Property Damage Only,40.809934,-81.940586
Property Damage Only,40.841039,-81.932751
Property Damage Only,40.803619,-81.921254
Property Damage Only,40.840637,-81.764317
Property Damage Only,40.806363,-81.931237
Property Damage Only,40.849342,-81.946599
Minor Injury Suspected,40.84732,-81.945573
Property Damage Only,40.796699,-81.948549
Property Damage Only,40.786085,-81.932659
Property Damage Only,40.83618,-81.928894
Property Damage Only,40.83729,-81.946515
Property Damage Only,40.84111,-81.928917
Property Damage Only,40.840343,-81.929602
Property Damage Only,40.844963,-81.939205
Minor Injury Suspected,40.794107,-81.936067
Property Damage Only,40.806273,-81.948931
Property Damage Only,40.827448,-81.908229
Minor Injury Suspected,40.84519,-81.943173
Property Damage Only,40.842346,-81.944776
Property Damage Only,40.806371,-81.932063
Property Damage Only,40.819276,-81.936372
Property Damage Only,40.831192,-81.915426
Minor Injury Suspected,40.841778,-81.939625
Property Damage Only,40.851117,-81.953599
Property Damage Only,40.843773,-81.939006
Property Damage Only,40.805057,-81.935143
Property Damage Only,40.803239,-81.926149
Property Damage Only,40.806387,-81.938344
Property Damage Only,40.842845,-81.915993
Property Damage Only,40.798724,-81.93696
Property Damage Only,40.844963,-81.939205
Property Damage Only,40.804732,-81.941671
Property Damage Only,40.796602,-81.936735
Property Damage Only,40.797413,-81.925007
Property Damage Only,40.955457,-81.899935
Property Damage Only,40.96894,-81.89928
Property Damage Only,40.797737,-81.941019
Property Damage Only,40.850171,-81.926684
Property Damage Only,40.7963,-81.936113
Property Damage Only,40.98809,-81.994721
Property Damage Only,40.798288,-81.938643
Property Damage Only,40.842906,-81.942238
Property Damage Only,40.827668,-81.911304
Property Damage Only,40.807342,-81.916911
Property Damage Only,40.843266,-81.939801
Property Damage Only,40.82892,-81.78554
Property Damage Only,40.834339,-81.774235
Minor Injury Suspected,40.829628,-81.924442
Property Damage Only,40.786415,-81.933271
Property Damage Only,40.848657,-81.947947
Minor Injury Suspected,40.838402,-81.763242
Property Damage Only,40.840752,-81.783458
Minor Injury Suspected,40.84346,-81.764205
Property Damage Only,40.839257,-81.764287
Property Damage Only,40.843475,-81.764167
Property Damage Only,40.843544,-81.76781
Injury Possible,40.843568,-81.76644
Property Damage Only,40.839472,-81.764312
Property Damage Only,40.828941,-81.784424
Injury Possible,40.834525,-81.764541
Property Damage Only,40.83451,-81.765862
Property Damage Only,40.841766,-81.764266
Property Damage Only,40.84345,-81.763116
Property Damage Only,40.839661,-81.764247
Property Damage Only,40.840964,-81.76425
Property Damage Only,40.84237,-81.788934
Property Damage Only,40.843358,-81.766845
Minor Injury Suspected,40.847435,-81.76548
Property Damage Only,40.840773,-81.764097
Property Damage Only,40.84043,-81.765158
Property Damage Only,40.8535,-81.77656
Injury Possible,40.9697,-82.109874
Property Damage Only,40.843405,-81.764219
Property Damage Only,40.844492,-81.764728
Property Damage Only,40.971593,-82.109743
Property Damage Only,40.842318,-81.761844
Property Damage Only,40.834482,-81.764448
Property Damage Only,40.840754,-81.779825
Minor Injury Suspected,40.969121,-82.098105
Property Damage Only,40.822387,-81.78442
Injury Possible,40.795864,-81.694629
Property Damage Only,40.897477,-81.66296
Property Damage Only,40.897477,-81.66296
Property Damage Only,40.799615,-82.010187
Injury Possible,40.938962,-82.100361
Property Damage Only,40.755351,-81.648306
Property Damage Only,40.755467,-81.850548
Property Damage Only,40.711665,-81.784415
Property Damage Only,40.75661,-81.863891
Property Damage Only,40.869502,-82.019502
Property Damage Only,40.944993,-81.925286
Property Damage Only,40.930342,-82.118582
Property Damage Only,40.822858,-81.842284
Minor Injury Suspected,40.798788,-81.694965
Property Damage Only,40.752386,-81.670475
Property Damage Only,40.851293,-81.842494
Property Damage Only,40.797036,-81.64987
Property Damage Only,40.748135,-81.928721
Property Damage Only,40.694982,-81.703992
Property Damage Only,40.933605,-82.081647
Serious Injury Suspected,40.965531,-81.829508
Injury Possible,40.840908,-81.842511
Injury Possible,40.858302,-81.842635
Property Damage Only,40.984224,-82.038001
Property Damage Only,40.984498,-82.037897
Property Damage Only,40.974346,-82.028519
Property Damage Only,40.97471,-81.958015
Property Damage Only,40.827541,-82.025355
Injury Possible,40.75529,-81.978379
Property Damage Only,40.936758,-82.02068
Property Damage Only,40.936082,-82.120945
Property Damage Only,40.970843,-81.744479
Serious Injury Suspected,40.703027,-81.651721
Property Damage Only,40.778543,-81.969324
Property Damage Only,40.770807,-81.973284
Property Damage Only,40.796217,-81.884402
Property Damage Only,40.970733,-82.05025
Minor Injury Suspected,40.98059,-82.041303
Property Damage Only,40.771098,-81.972617
Property Damage Only,40.944998,-81.820043
Property Damage Only,40.796527,-81.765682
Property Damage Only,40.802596,-82.009704
Property Damage Only,40.96939,-81.736701
Minor Injury Suspected,40.857975,-81.993635
Minor Injury Suspected,40.964775,-81.659889
Injury Possible,40.925659,-81.763513
Property Damage Only,40.805159,-81.862489
Property Damage Only,40.728741,-81.896158
Property Damage Only,40.837943,-81.952917
Property Damage Only,40.86052,-81.842611
Injury Possible,40.865708,-81.842527
Minor Injury Suspected,40.785297,-82.091544
Property Damage Only,40.843283,-81.951951
Serious Injury Suspected,40.842169,-81.96219
Injury Possible,40.670368,-81.949661
Property Damage Only,40.796168,-81.755337
Property Damage Only,40.952215,-82.072847
Property Damage Only,40.951888,-82.072869
Property Damage Only,40.693824,-81.701484
Property Damage Only,40.858889,-81.842957
Minor Injury Suspected,40.787369,-81.902459
Property Damage Only,40.685336,-81.923882
Property Damage Only,40.963203,-82.059194
Minor Injury Suspected,40.671813,-81.923895
Property Damage Only,40.905979,-81.913136
Property Damage Only,40.711962,-81.676376
Property Damage Only,40.848121,-81.725271
Property Damage Only,40.900989,-81.975995
Property Damage Only,40.925186,-81.764367
Property Damage Only,40.798951,-82.022894
Property Damage Only,40.953477,-82.109479
Property Damage Only,40.899971,-81.97552
Minor Injury Suspected,40.940075,-81.90384
Property Damage Only,40.913104,-82.051472
Property Damage Only,40.947019,-82.082143
Property Damage Only,40.963545,-82.058383
Serious Injury Suspected,40.931265,-81.781699
Property Damage Only,40.972857,-81.74242
Property Damage Only,40.888634,-81.818267
Serious Injury Suspected,40.961285,-82.061052
Property Damage Only,40.938944,-82.100497
Minor Injury Suspected,40.984014,-81.758993
Injury Possible,40.868298,-81.695479
Property Damage Only,40.720026,-81.69513
Property Damage Only,40.961366,-81.725004
Property Damage Only,40.703021,-81.69052
Injury Possible,40.821776,-81.667256
Property Damage Only,40.796043,-81.905592
Property Damage Only,40.73009,-81.90862
Property Damage Only,40.693154,-82.111257
Property Damage Only,40.857925,-82.010542
Injury Possible,40.888561,-81.705883
Injury Possible,40.79867,-81.911125
Property Damage Only,40.830319,-81.963682
Property Damage Only,40.988344,-81.689465
Property Damage Only,40.945833,-81.796312
Minor Injury Suspected,40.902242,-81.762882
Property Damage Only,40.836416,-81.99489
Fatal,40.836692,-82.093434
Property Damage Only,40.972886,-82.048394
Property Damage Only,40.829871,-81.819923
Property Damage Only,40.713956,-81.676255
Minor Injury Suspected,40.901748,-81.80362
Property Damage Only,40.711163,-81.746304
Property Damage Only,40.988473,-81.663537
Minor Injury Suspected,40.814477,-81.844182
Property Damage Only,40.975536,-82.046346
Property Damage Only,40.733965,-81.991669
Minor Injury Suspected,40.876676,-81.837716
Property Damage Only,40.845309,-81.820409
Minor Injury Suspected,40.858944,-81.842922
Property Damage Only,40.924996,-81.765192
Serious Injury Suspected,40.85758,-82.073924
Property Damage Only,40.857882,-82.107921
Property Damage Only,40.963139,-81.718215
Serious Injury Suspected,40.925689,-81.763476
Minor Injury Suspected,40.902114,-81.762768
Injury Possible,40.668729,-81.738924
Property Damage Only,40.884358,-81.763671
Property Damage Only,40.879925,-81.83276
Property Damage Only,40.802546,-82.009791
Property Damage Only,40.837763,-81.966668
Injury Possible,40.931493,-82.116754
Property Damage Only,40.820421,-82.007347
Minor Injury Suspected,40.882073,-81.828916
Property Damage Only,40.7911,-81.799812
Serious Injury Suspected,40.902159,-81.803372
Minor Injury Suspected,40.762027,-81.931929
Minor Injury Suspected,40.796413,-81.755272
Minor Injury Suspected,40.885605,-81.822845
Property Damage Only,40.873981,-81.788719
Property Damage Only,40.92988,-82.0719
Property Damage Only,40.943627,-82.090828
Property Damage Only,40.964243,-81.718083
Property Damage Only,40.667776,-81.97687
Property Damage Only,40.929405,-81.741361
Property Damage Only,40.973999,-81.938249
Injury Possible,40.835957,-82.116361
Injury Possible,40.960458,-81.659123
Minor Injury Suspected,40.960252,-81.65931
Minor Injury Suspected,40.797037,-81.755231
Property Damage Only,40.916229,-81.861145
Property Damage Only,40.834834,-81.842452
Property Damage Only,40.829747,-81.790254
Property Damage Only,40.900045,-81.914594
Property Damage Only,40.741985,-81.876218
Property Damage Only,40.979195,-81.825793
Property Damage Only,40.763713,-81.905293
Property Damage Only,40.858732,-81.897312
Property Damage Only,40.979692,-81.996514
Property Damage Only,40.834576,-81.701042
Property Damage Only,40.79833,-81.912655
Property Damage Only,40.947931,-81.657626
Property Damage Only,40.98854,-81.658464
Property Damage Only,40.915462,-81.790219
Property Damage Only,40.75124,-81.802157
Minor Injury Suspected,40.822136,-82.014312
Property Damage Only,40.79705,-81.672439
Serious Injury Suspected,40.873747,-81.842598
Property Damage Only,40.910685,-81.979985
Minor Injury Suspected,40.739822,-81.9442
Minor Injury Suspected,40.822185,-81.774209
Minor Injury Suspected,40.792156,-82.064299
Property Damage Only,40.959477,-81.689352
Property Damage Only,40.689523,-82.110053
Minor Injury Suspected,40.796443,-81.755064
Property Damage Only,40.829034,-81.842361
Property Damage Only,40.974711,-82.047043
Injury Possible,40.956329,-82.066866
Property Damage Only,40.978823,-82.042871
Property Damage Only,40.943597,-82.000982
Minor Injury Suspected,40.756904,-81.995169
Property Damage Only,40.798554,-81.890445
Injury Possible,40.979364,-81.826602
Property Damage Only,40.836402,-81.688636
Property Damage Only,40.807671,-81.854979
Property Damage Only,40.772072,-81.928224
Minor Injury Suspected,40.723913,-82.12635
Minor Injury Suspected,40.825112,-81.764561
Property Damage Only,40.955993,-81.73632
Property Damage Only,40.887259,-81.820774
Property Damage Only,40.693596,-81.699718
Fatal,40.91939,-81.909639
Minor Injury Suspected,40.879669,-81.919376
Property Damage Only,40.987373,-81.696063
Property Damage Only,40.951621,-81.739613
Property Damage Only,40.916576,-81.763111
Injury Possible,40.697917,-81.84754
Property Damage Only,40.691652,-81.784277
Property Damage Only,40.910992,-82.008605
Fatal,40.772093,-81.917905
Property Damage Only,40.69859,-81.714118
Property Damage Only,40.797278,-81.915712
Injury Possible,40.755776,-81.731837
Property Damage Only,40.756128,-81.7966
Minor Injury Suspected,40.945992,-81.76377
Property Damage Only,40.937512,-82.103494
Property Damage Only,40.872115,-81.842331
Property Damage Only,40.857961,-82.106758
Minor Injury Suspected,40.954949,-81.994521
Property Damage Only,40.857995,-82.014106
Property Damage Only,40.673491,-82.034914
Property Damage Only,40.857413,-82.102933
Minor Injury Suspected,40.726225,-81.835644
Property Damage Only,40.968349,-81.864223
Property Damage Only,40.918669,-81.7749
Property Damage Only,40.802752,-82.00986
Minor Injury Suspected,40.844128,-81.733422
Property Damage Only,40.691416,-81.784246
Property Damage Only,40.915383,-81.790216
Minor Injury Suspected,40.918537,-81.763124
Property Damage Only,40.873829,-81.814443
Minor Injury Suspected,40.873781,-81.812816
Property Damage Only,40.769655,-81.963192
Property Damage Only,40.759117,-81.690998
Fatal,40.974842,-81.996197
Property Damage Only,40.974383,-82.047127
Property Damage Only,40.9248,-82.125466
Property Damage Only,40.940759,-82.096507
Property Damage Only,40.758048,-81.991551
Property Damage Only,40.888572,-81.819516
Property Damage Only,40.982318,-81.761664
Property Damage Only,40.829014,-81.861065
Property Damage Only,40.812056,-81.997181
Property Damage Only,40.858021,-82.020496
Injury Possible,40.824132,-81.907814
Property Damage Only,40.945813,-81.865331
Serious Injury Suspected,40.951834,-82.10706
Property Damage Only,40.957268,-81.762526
Property Damage Only,40.810724,-81.990801
Minor Injury Suspected,40.822135,-81.779599
Property Damage Only,40.87435,-81.948389
Property Damage Only,40.743893,-81.985477
Minor Injury Suspected,40.858911,-81.842643
Property Damage Only,40.792808,-81.973281
Property Damage Only,40.79758,-81.91402
Property Damage Only,40.741076,-81.816036
Property Damage Only,40.829746,-81.822564
Property Damage Only,40.711372,-81.985651
Property Damage Only,40.755424,-81.849081
Property Damage Only,40.971654,-81.851066
Property Damage Only,40.874935,-81.840498
Serious Injury Suspected,40.82876,-81.877452
Property Damage Only,40.98855,-81.704206
Property Damage Only,40.973815,-81.74489
Property Damage Only,40.82045,-82.009698
Property Damage Only,40.726479,-81.944052
Property Damage Only,40.737779,-81.817914
Property Damage Only,40.713728,-81.893028
Minor Injury Suspected,40.919911,-82.099077
Property Damage Only,40.869441,-81.761446
Property Damage Only,40.672751,-81.908923
Property Damage Only,40.724131,-81.784338
Property Damage Only,40.724518,-81.943975
Minor Injury Suspected,40.796808,-81.765472
Minor Injury Suspected,40.899266,-81.671182
Property Damage Only,40.899266,-81.671182
Fatal,40.831458,-81.742734
Property Damage Only,40.827119,-82.06905
Property Damage Only,40.98851,-81.700169
Property Damage Only,40.757548,-81.876875
Minor Injury Suspected,40.945816,-81.763652
Property Damage Only,40.988184,-81.759455
Minor Injury Suspected,40.873606,-81.842803
Property Damage Only,40.787745,-81.958132
Property Damage Only,40.724616,-82.0533
Property Damage Only,40.6894,-81.952484
Minor Injury Suspected,40.869212,-81.958591
Property Damage Only,40.829229,-82.074559
Property Damage Only,40.741147,-81.783893
Minor Injury Suspected,40.798984,-81.844064
Minor Injury Suspected,40.731639,-81.803771
Minor Injury Suspected,40.945082,-81.993964
Fatal,40.696323,-81.895923
Minor Injury Suspected,40.931653,-82.11665
Minor Injury Suspected,40.829539,-81.813638
Minor Injury Suspected,40.985656,-81.940869
Property Damage Only,40.82449,-81.842121
Property Damage Only,40.807646,-81.829495
Property Damage Only,40.874047,-81.842346
Property Damage Only,40.92897,-82.120446
Minor Injury Suspected,40.960877,-81.72662
Minor Injury Suspected,40.828732,-81.842364
Property Damage Only,40.802352,-81.831981
Minor Injury Suspected,40.915863,-81.789735
Property Damage Only,40.766161,-82.07457
Property Damage Only,40.946262,-81.769809
Property Damage Only,40.799951,-81.912421
Property Damage Only,40.741936,-82.041952
Property Damage Only,40.857972,-82.070586
Property Damage Only,40.931522,-82.117341
Injury Possible,40.702947,-81.700565
Property Damage Only,40.873832,-81.842351
Minor Injury Suspected,40.684839,-81.677092
Serious Injury Suspected,40.795175,-81.917733
Property Damage Only,40.79691,-81.914993
Minor Injury Suspected,40.866104,-81.956612
Property Damage Only,40.820549,-82.00748
Property Damage Only,40.739913,-81.824189
Injury Possible,40.755558,-81.850768
Property Damage Only,40.792128,-81.785088
Minor Injury Suspected,40.960079,-81.65845
Property Damage Only,40.922145,-82.081426
Property Damage Only,40.778472,-81.914474
Minor Injury Suspected,40.81458,-81.84416
Property Damage Only,40.796716,-81.765129
Property Damage Only,40.878576,-82.108486
Property Damage Only,40.763733,-81.793854
Property Damage Only,40.804696,-81.825068
Minor Injury Suspected,40.768177,-82.006361
Property Damage Only,40.78139,-81.853692
Minor Injury Suspected,40.915546,-82.097608
Property Damage Only,40.769588,-81.767492
Minor Injury Suspected,40.799637,-81.883217
Property Damage Only,40.796764,-81.763842
Property Damage Only,40.80889,-81.844256
Property Damage Only,40.795616,-81.811175
Property Damage Only,40.828851,-81.962994
Serious Injury Suspected,40.955626,-81.736359
Property Damage Only,40.809368,-81.836599
Property Damage Only,40.952156,-82.109406
Property Damage Only,40.70921,-81.946261
Property Damage Only,40.801221,-82.007478
Minor Injury Suspected,40.730224,-81.907996
Property Damage Only,40.902223,-81.762925
Property Damage Only,40.873737,-81.823087
Minor Injury Suspected,40.85766,-82.109261
Minor Injury Suspected,40.890266,-81.763061
Minor Injury Suspected,40.829181,-81.842488
Property Damage Only,40.730866,-81.93968
Minor Injury Suspected,40.978503,-81.761838
Property Damage Only,40.726191,-81.867227
Property Damage Only,40.795311,-81.918445
Property Damage Only,40.793042,-81.954244
Property Damage Only,40.822325,-81.779738
Property Damage Only,40.985538,-81.749328
Property Damage Only,40.870945,-81.95964
Minor Injury Suspected,40.720379,-81.673474
Property Damage Only,40.832852,-81.999847
Injury Possible,40.98864,-81.704009
Minor Injury Suspected,40.900655,-81.804241
Property Damage Only,40.910849,-81.911787
Property Damage Only,40.77887,-81.969214
Property Damage Only,40.818811,-81.864276
Injury Possible,40.850951,-81.725255
Minor Injury Suspected,40.935474,-82.109917
Property Damage Only,40.915019,-81.955204
Property Damage Only,40.794188,-81.918536
Property Damage Only,40.800259,-81.879602
Property Damage Only,40.741332,-81.742092
Minor Injury Suspected,40.865948,-81.842438
Property Damage Only,40.903231,-81.976823
Minor Injury Suspected,40.944672,-81.936984
Property Damage Only,40.97362,-81.972106
Property Damage Only,40.801724,-81.983211
Property Damage Only,40.927615,-82.042008
Injury Possible,40.795833,-81.905254
Serious Injury Suspected,40.81853,-81.87739
Minor Injury Suspected,40.936273,-81.75063
Minor Injury Suspected,40.793086,-81.982612
Property Damage Only,40.684511,-81.712823
Property Damage Only,40.799414,-81.88305
Fatal,40.843424,-81.842474
Minor Injury Suspected,40.936494,-82.106098
Minor Injury Suspected,40.930213,-81.921625
Property Damage Only,40.934309,-82.109361
Minor Injury Suspected,40.945785,-81.783195
Property Damage Only,40.672034,-81.656861
Minor Injury Suspected,40.770426,-81.974749
Property Damage Only,40.797504,-81.765518
Property Damage Only,40.693484,-81.745004
Property Damage Only,40.829643,-81.800139
Minor Injury Suspected,40.790975,-81.796279
Property Damage Only,40.945595,-81.832312
Property Damage Only,40.78471,-81.96388
Minor Injury Suspected,40.784433,-81.843939
Property Damage Only,40.828432,-81.892073
Property Damage Only,40.950184,-82.083056
Property Damage Only,40.93136,-81.784832
Property Damage Only,40.919758,-81.738046
Property Damage Only,40.879086,-82.108712
Property Damage Only,40.813511,-81.765431
Property Damage Only,40.767409,-81.905339
Property Damage Only,40.799572,-81.765306
Minor Injury Suspected,40.97859,-81.761705
Property Damage Only,40.742434,-81.695335
Property Damage Only,40.811963,-82.034451
Minor Injury Suspected,40.865675,-82.004926
Property Damage Only,40.724694,-81.943903
Property Damage Only,40.797429,-81.665869
Minor Injury Suspected,40.785849,-82.091978
Property Damage Only,40.796826,-81.767236
Property Damage Only,40.844309,-81.803962
Property Damage Only,40.777252,-81.969665
Property Damage Only,40.858062,-82.108356
Property Damage Only,40.981235,-82.041092
Injury Possible,40.871821,-81.846052
Minor Injury Suspected,40.698174,-82.104016
Property Damage Only,40.980517,-81.662332
Property Damage Only,40.796309,-81.936147
Property Damage Only,40.879947,-81.950758
Injury Possible,40.79655,-81.916552
Property Damage Only,40.925758,-82.052236
Minor Injury Suspected,40.888587,-81.714086
Minor Injury Suspected,40.933534,-81.742634
Property Damage Only,40.922985,-82.127013
Property Damage Only,40.925462,-81.763507
Injury Possible,40.930489,-81.907076
Property Damage Only,40.924557,-81.764954
Property Damage Only,40.795098,-81.789045
Property Damage Only,40.973483,-82.109686
Property Damage Only,40.748171,-81.692603
Minor Injury Suspected,40.960235,-81.659375
Property Damage Only,40.965797,-82.08724
Property Damage Only,40.742196,-81.986655
Minor Injury Suspected,40.865103,-81.842526
Minor Injury Suspected,40.87368,-81.84241
Property Damage Only,40.913016,-81.793587
Property Damage Only,40.824689,-81.700405
Minor Injury Suspected,40.668077,-82.052916
Property Damage Only,40.777426,-81.832534
Minor Injury Suspected,40.975185,-81.704854
Property Damage Only,40.972554,-81.995908
Property Damage Only,40.951567,-81.994151
Injury Possible,40.796608,-81.769262
Property Damage Only,40.872593,-81.844483
Serious Injury Suspected,40.700161,-81.675408
Property Damage Only,40.822177,-82.014376
Minor Injury Suspected,40.858073,-81.975469
Minor Injury Suspected,40.785971,-82.091794
Property Damage Only,40.773359,-81.928968
Property Damage Only,40.709744,-81.743608
Property Damage Only,40.792346,-81.784902
Property Damage Only,40.748551,-81.805602
Property Damage Only,40.951929,-81.737823
Minor Injury Suspected,40.777772,-81.804395
Property Damage Only,40.796859,-81.770589
Property Damage Only,40.821463,-81.825077
Injury Possible,40.796459,-81.765524
Minor Injury Suspected,40.988571,-81.701723
Minor Injury Suspected,40.887971,-81.842125
Property Damage Only,40.763635,-81.691024
Property Damage Only,40.839417,-82.100176
Minor Injury Suspected,40.741019,-81.816427
Property Damage Only,40.801714,-81.87461
Minor Injury Suspected,40.776687,-81.96991
Injury Possible,40.799476,-81.979986
Injury Possible,40.796498,-81.75537
Property Damage Only,40.873664,-81.842712
Minor Injury Suspected,40.736166,-81.814968
Minor Injury Suspected,40.942616,-81.657843
Minor Injury Suspected,40.822321,-82.014883
Property Damage Only,40.874652,-81.841056
Injury Possible,40.913348,-82.051514
Property Damage Only,40.869974,-81.67695
Minor Injury Suspected,40.77205,-81.972786
Property Damage Only,40.73824,-82.028579
Property Damage Only,40.850901,-82.010261
Minor Injury Suspected,40.900892,-81.733547
Property Damage Only,40.829466,-81.807948
Property Damage Only,40.981216,-82.041337
Minor Injury Suspected,40.939477,-82.109221
Property Damage Only,40.944753,-82.087451
Property Damage Only,40.933634,-81.811669
Property Damage Only,40.945016,-82.087612
Property Damage Only,40.829425,-81.853003
Property Damage Only,40.82985,-81.816165
Property Damage Only,40.807803,-81.85332
Property Damage Only,40.677153,-81.871268
Property Damage Only,40.915642,-82.108876
Minor Injury Suspected,40.983571,-81.67831
Minor Injury Suspected,40.685236,-81.784028
Property Damage Only,40.960417,-81.898971
Property Damage Only,40.858005,-82.073757
Minor Injury Suspected,40.974428,-82.05407
Property Damage Only,40.796416,-81.678504
Property Damage Only,40.932712,-82.114647
Minor Injury Suspected,40.974349,-81.933496
Injury Possible,40.811749,-81.844361
Property Damage Only,40.683646,-81.875334
Property Damage Only,40.945048,-81.993451
Property Damage Only,40.940115,-82.099646
Minor Injury Suspected,40.789668,-82.073992
Property Damage Only,40.681532,-81.717659
Property Damage Only,40.755737,-81.781336
Property Damage Only,40.947288,-82.081635
Injury Possible,40.975001,-82.046841
Property Damage Only,40.960354,-81.657716
Minor Injury Suspected,40.794949,-81.789945
Property Damage Only,40.823422,-81.84238
Property Damage Only,40.866638,-81.784038
Property Damage Only,40.682953,-82.12574
Property Damage Only,40.974029,-81.938246
Property Damage Only,40.801678,-82.022758
Serious Injury Suspected,40.958403,-81.957217
Minor Injury Suspected,40.943075,-81.65768
Injury Possible,40.926424,-81.76228
Property Damage Only,40.777865,-81.793794
Property Damage Only,40.860358,-82.010469
Minor Injury Suspected,40.788281,-82.061988
Injury Possible,40.945415,-81.902985
Minor Injury Suspected,40.95555,-81.994309
Injury Possible,40.944019,-81.657672
Property Damage Only,40.927152,-82.122479
Property Damage Only,40.747915,-81.96348
Minor Injury Suspected,40.771983,-81.972884
Minor Injury Suspected,40.757318,-81.84302
Property Damage Only,40.793252,-81.982671
Minor Injury Suspected,40.886232,-82.124046
Property Damage Only,40.925387,-82.1243
Property Damage Only,40.982478,-82.06321
Minor Injury Suspected,40.850776,-81.804317
Property Damage Only,40.829438,-81.827509
Property Damage Only,40.790863,-81.794698
Minor Injury Suspected,40.817695,-82.045819
Property Damage Only,40.915488,-82.09206
Property Damage Only,40.735939,-81.937528
Property Damage Only,40.821869,-82.056467
Minor Injury Suspected,40.767516,-82.064396
Property Damage Only,40.671042,-81.734883
Property Damage Only,40.676604,-81.870383
Property Damage Only,40.859922,-82.063729
Minor Injury Suspected,40.755299,-81.963152
Property Damage Only,40.970853,-81.899156
Property Damage Only,40.829289,-81.842027
Injury Possible,40.708574,-81.946664
Property Damage Only,40.883756,-81.952926
Injury Possible,40.675348,-81.949712
Property Damage Only,40.796845,-81.831201
Property Damage Only,40.93503,-82.10983
Property Damage Only,40.878887,-82.108322
Property Damage Only,40.673522,-81.730983
Minor Injury Suspected,40.883342,-81.763551
Property Damage Only,40.867704,-81.686607
Property Damage Only,40.835767,-81.842417
Property Damage Only,40.980956,-82.126021
Property Damage Only,40.78842,-81.721129
Property Damage Only,40.810083,-81.844147
Property Damage Only,40.91945,-81.773395
Minor Injury Suspected,40.803738,-81.844117
Property Damage Only,40.934279,-82.109789
Injury Possible,40.9426,-81.657922
Minor Injury Suspected,40.94076,-81.673458
Property Damage Only,40.825516,-82.05915
Serious Injury Suspected,40.956238,-81.658783
Serious Injury Suspected,40.789925,-81.999161
Property Damage Only,40.757347,-81.843054
Property Damage Only,40.851654,-81.829106
Property Damage Only,40.892425,-81.972631
Property Damage Only,40.900967,-82.108513
Property Damage Only,40.797023,-81.765335
Property Damage Only,40.974243,-82.047514
Property Damage Only,40.71896,-81.674736
Minor Injury Suspected,40.987825,-81.971752
Property Damage Only,40.986533,-82.054593
Property Damage Only,40.858016,-82.061661
Property Damage Only,40.925327,-81.936694
Property Damage Only,40.767893,-82.023318
Minor Injury Suspected,40.869754,-81.842494
Property Damage Only,40.868695,-81.76464
Property Damage Only,40.787633,-81.958006
Property Damage Only,40.901191,-81.975182
Property Damage Only,40.929884,-81.967269
Fatal,40.944934,-81.994024
Property Damage Only,40.978823,-82.042871
Minor Injury Suspected,40.836276,-81.842398
Serious Injury Suspected,40.782757,-81.746265
Minor Injury Suspected,40.697814,-81.711949
Property Damage Only,40.797329,-81.667512
Property Damage Only,40.79557,-81.901769
Minor Injury Suspected,40.945861,-81.848084
Property Damage Only,40.945956,-81.783385
Property Damage Only,40.915271,-81.959987
Injury Possible,40.988496,-81.679279
Property Damage Only,40.973184,-82.048042
Minor Injury Suspected,40.98578,-81.93876
Minor Injury Suspected,40.738878,-81.93458
Property Damage Only,40.858184,-81.975478
Serious Injury Suspected,40.962094,-81.834663
Minor Injury Suspected,40.901837,-81.803508
Minor Injury Suspected,40.769806,-81.910599
Minor Injury Suspected,40.740955,-81.811756
Property Damage Only,40.667513,-81.648327
Minor Injury Suspected,40.873933,-81.842213
Property Damage Only,40.933196,-82.114236
Serious Injury Suspected,40.873692,-81.842803
Minor Injury Suspected,40.857925,-81.99362
Property Damage Only,40.969393,-81.709241
Property Damage Only,40.946278,-81.763517
Minor Injury Suspected,40.879018,-82.10851
Property Damage Only,40.858039,-81.877819
Serious Injury Suspected,40.888485,-81.831458
Property Damage Only,40.937223,-82.104579
Minor Injury Suspected,40.888597,-81.819086
Property Damage Only,40.924839,-82.11795
Property Damage Only,40.946223,-81.770023
Property Damage Only,40.857946,-82.103383
Property Damage Only,40.942513,-82.093561
Fatal,40.941334,-81.859431
Serious Injury Suspected,40.942541,-81.657616
Minor Injury Suspected,40.799939,-81.844023
Property Damage Only,40.677368,-81.949266
Fatal,40.757033,-81.99428
Minor Injury Suspected,40.760549,-82.078735
Minor Injury Suspected,40.78523,-81.994384
Minor Injury Suspected,40.838458,-82.041357
Minor Injury Suspected,40.772403,-81.97235
Property Damage Only,40.964292,-82.057787
Property Damage Only,40.988528,-81.662982
Minor Injury Suspected,40.893849,-81.97196
Property Damage Only,40.960615,-81.708616
Minor Injury Suspected,40.927952,-82.040955
Property Damage Only,40.799973,-81.81718
Property Damage Only,40.668345,-82.043214
Property Damage Only,40.703139,-81.784332
Property Damage Only,40.902243,-81.762904
Minor Injury Suspected,40.945851,-81.870964
Property Damage Only,40.799532,-82.024349
Property Damage Only,40.785543,-82.09155
Fatal,40.800595,-81.732713
Minor Injury Suspected,40.932566,-82.114703
Serious Injury Suspected,40.684832,-81.745901
Serious Injury Suspected,40.714737,-81.755629
Property Damage Only,40.755034,-81.978544
Property Damage Only,40.947288,-82.081635
Property Damage Only,40.793228,-81.96363
Property Damage Only,40.885932,-81.822546
Property Damage Only,40.967172,-82.109591
Property Damage Only,40.900884,-82.052606
Property Damage Only,40.795946,-81.891619
Property Damage Only,40.98741,-82.021455
Property Damage Only,40.799414,-81.909493
Minor Injury Suspected,40.71173,-81.84268
Property Damage Only,40.960048,-82.062564
Property Damage Only,40.883305,-82.053228
Property Damage Only,40.694907,-81.809475
Property Damage Only,40.800859,-81.912817
Serious Injury Suspected,40.767921,-82.022864
Injury Possible,40.693135,-81.82005
Property Damage Only,40.793135,-81.806879
Property Damage Only,40.800769,-81.732152
Property Damage Only,40.950701,-81.831425
Property Damage Only,40.948427,-82.080216
Injury Possible,40.795479,-81.814867
Injury Possible,40.879952,-81.964866
Injury Possible,40.793083,-81.806785
Property Damage Only,40.712476,-81.944238
Minor Injury Suspected,40.80982,-81.692966
Minor Injury Suspected,40.984148,-81.685017
Property Damage Only,40.757112,-81.874574
Injury Possible,40.7645,-81.898461
Property Damage Only,40.667963,-81.995301
Injury Possible,40.974419,-82.053892
Property Damage Only,40.955115,-82.068411
Minor Injury Suspected,40.859874,-82.073871
Property Damage Only,40.932382,-82.115705
Property Damage Only,40.930418,-82.119056
Property Damage Only,40.950371,-82.075807
Property Damage Only,40.925294,-82.124743
Property Damage Only,40.934767,-82.123587
Property Damage Only,40.792959,-81.961223
Property Damage Only,40.902443,-81.705028
Property Damage Only,40.857801,-81.93004
Minor Injury Suspected,40.756823,-81.87008
Property Damage Only,40.868785,-81.946429
Property Damage Only,40.80076,-81.728188
Property Damage Only,40.795479,-81.9136
Property Damage Only,40.858054,-82.053557
Property Damage Only,40.705479,-81.731436
Property Damage Only,40.880704,-82.013544
Property Damage Only,40.812963,-81.682385
Injury Possible,40.711269,-81.677098
Injury Possible,40.719777,-81.674259
Property Damage Only,40.797364,-81.675176
Property Damage Only,40.859335,-81.708354
Minor Injury Suspected,40.918897,-82.105928
Property Damage Only,40.849747,-81.973125
Minor Injury Suspected,40.873117,-81.763397
Injury Possible,40.740901,-81.81276
Property Damage Only,40.693898,-81.700467
Injury Possible,40.886262,-82.124108
Property Damage Only,40.810382,-81.844069
Property Damage Only,40.782851,-81.84392
Minor Injury Suspected,40.928067,-82.040825
Minor Injury Suspected,40.686902,-81.851896
Serious Injury Suspected,40.949708,-81.994111
Property Damage Only,40.829251,-81.847079
Property Damage Only,40.791202,-81.801543
Property Damage Only,40.965826,-81.82187
Minor Injury Suspected,40.945622,-81.764189
Property Damage Only,40.983842,-82.038531
Property Damage Only,40.984001,-82.12441
Property Damage Only,40.820795,-82.001884
Property Damage Only,40.805603,-81.897064
Property Damage Only,40.940068,-82.099878
Minor Injury Suspected,40.75609,-81.745198
Property Damage Only,40.82871,-81.874219
Property Damage Only,40.869902,-81.677322
Property Damage Only,40.711915,-81.808464
Property Damage Only,40.792884,-81.966463
Property Damage Only,40.873841,-81.842347
Property Damage Only,40.881485,-82.07357
Property Damage Only,40.926525,-81.762436
Minor Injury Suspected,40.696229,-81.70191
Injury Possible,40.954784,-82.068821
Property Damage Only,40.939395,-82.101378
Minor Injury Suspected,40.960946,-81.726446
Serious Injury Suspected,40.817209,-82.009336
Minor Injury Suspected,40.821878,-81.77787
Property Damage Only,40.821454,-81.765068
Property Damage Only,40.691402,-81.879599
Property Damage Only,40.925992,-82.052121
Minor Injury Suspected,40.962998,-81.719165
Minor Injury Suspected,40.71096,-81.745989
Minor Injury Suspected,40.670208,-81.865561
Minor Injury Suspected,40.890577,-82.108675
Minor Injury Suspected,40.792853,-82.092915
Injury Possible,40.863056,-81.74482
Injury Possible,40.859149,-81.794538
Property Damage Only,40.773743,-81.993017
Minor Injury Suspected,40.875214,-81.840055
Minor Injury Suspected,40.857992,-81.962028
Property Damage Only,40.960549,-81.878402
Injury Possible,40.951638,-81.682522
Property Damage Only,40.702019,-81.842361
Property Damage Only,40.90188,-81.803657
Property Damage Only,40.676276,-81.870457
Property Damage Only,40.772612,-81.90556
Minor Injury Suspected,40.723981,-82.055244
Minor Injury Suspected,40.702094,-81.660827
Minor Injury Suspected,40.814558,-81.775051
Property Damage Only,40.863966,-81.676751
Property Damage Only,40.967088,-81.666702
Property Damage Only,40.678816,-81.951869
Property Damage Only,40.813729,-81.668528
Property Damage Only,40.865416,-81.988931
Serious Injury Suspected,40.772299,-81.918284
Property Damage Only,40.675242,-81.822568
Property Damage Only,40.782502,-81.899231
Minor Injury Suspected,40.967941,-81.710091
Minor Injury Suspected,40.934519,-81.956484
Minor Injury Suspected,40.863984,-81.676749
Minor Injury Suspected,40.942233,-81.657822
Property Damage Only,40.676575,-81.870979
Property Damage Only,40.796535,-81.763257
Property Damage Only,40.796811,-81.765056
Minor Injury Suspected,40.945416,-81.902716
Serious Injury Suspected,40.982819,-81.877922
Fatal,40.800478,-81.718786
Injury Possible,40.986066,-81.815907
Property Damage Only,40.982393,-81.855767
Property Damage Only,40.809748,-81.844121
Minor Injury Suspected,40.733316,-81.992136
Property Damage Only,40.960215,-81.659895
Property Damage Only,40.789114,-81.95689
Minor Injury Suspected,40.907501,-82.108606
Property Damage Only,40.723776,-81.668141
Injury Possible,40.843296,-81.88811
Property Damage Only,40.874935,-81.839833
Property Damage Only,40.718311,-82.064551
Injury Possible,40.873902,-81.799412
Minor Injury Suspected,40.822372,-81.896566
Property Damage Only,40.989208,-81.994979
Injury Possible,40.798261,-81.889668
Property Damage Only,40.970369,-82.050944
Property Damage Only,40.798763,-81.707299
Minor Injury Suspected,40.867976,-82.015374
Property Damage Only,40.958734,-81.957374
Property Damage Only,40.676345,-81.870281
Property Damage Only,40.849233,-81.878411
Property Damage Only,40.799968,-81.765563
Minor Injury Suspected,40.935787,-81.665363
Property Damage Only,40.777755,-81.804622
Property Damage Only,40.762476,-81.893045
Minor Injury Suspected,40.771293,-81.972824
Minor Injury Suspected,40.873754,-81.749129
Minor Injury Suspected,40.873366,-82.029705
Property Damage Only,40.944531,-81.956714
Minor Injury Suspected,40.987084,-81.893524
Property Damage Only,40.810182,-81.844214
Minor Injury Suspected,40.761017,-81.931516
Property Damage Only,40.761091,-81.931563
Minor Injury Suspected,40.822144,-81.724525
Minor Injury Suspected,40.693632,-81.697059
Injury Possible,40.916293,-81.788961
Property Damage Only,40.800568,-81.722056
Minor Injury Suspected,40.924427,-81.765217
Property Damage Only,40.777501,-81.665565
Minor Injury Suspected,40.8443,-81.803675
Serious Injury Suspected,40.844049,-82.050527
Property Damage Only,40.916769,-81.788875
Property Damage Only,40.798436,-81.912379
Injury Possible,40.795728,-81.915963
Property Damage Only,40.79281,-81.97584
Minor Injury Suspected,40.797331,-81.843983
Property Damage Only,40.718637,-81.767011
Serious Injury Suspected,40.799222,-82.022907
Property Damage Only,40.929182,-82.119665
Serious Injury Suspected,40.693012,-81.819996
Minor Injury Suspected,40.693061,-81.819378
Property Damage Only,40.771946,-81.843881
Injury Possible,40.973812,-81.957807
Minor Injury Suspected,40.88853,-81.729621
Serious Injury Suspected,40.797131,-81.747024
Property Damage Only,40.873036,-81.763364
Property Damage Only,40.808919,-81.850771
Injury Possible,40.963014,-81.717078
Property Damage Only,40.733702,-81.939625
Fatal,40.761528,-81.9317
Serious Injury Suspected,40.942034,-82.093683
Minor Injury Suspected,40.773212,-81.928746
Minor Injury Suspected,40.88719,-81.9696
Minor Injury Suspected,40.828943,-81.963067
Property Damage Only,40.944704,-81.663711
Property Damage Only,40.676059,-81.949409
Serious Injury Suspected,40.85933,-81.705582
Property Damage Only,40.84629,-82.054292
Property Damage Only,40.828923,-81.87227
Property Damage Only,40.828852,-81.873498
Property Damage Only,40.671758,-81.92384
Minor Injury Suspected,40.915136,-81.955244
Property Damage Only,40.80026,-82.070744
Property Damage Only,40.945264,-81.744414
Property Damage Only,40.796841,-81.766078
Property Damage Only,40.942682,-82.092772
Property Damage Only,40.688723,-81.842117
Injury Possible,40.795299,-82.117624
Property Damage Only,40.873133,-81.763402
Minor Injury Suspected,40.925564,-81.763487
Property Damage Only,40.923496,-81.763247
Property Damage Only,40.784518,-81.88104
Property Damage Only,40.740923,-81.81649
Property Damage Only,40.934346,-82.109526
Property Damage Only,40.915791,-82.026525
Property Damage Only,40.781225,-81.959948
Property Damage Only,40.988154,-81.759078
Property Damage Only,40.958308,-81.658842
Minor Injury Suspected,40.796666,-81.770709
Property Damage Only,40.877059,-81.842338
Property Damage Only,40.789833,-81.999201
Minor Injury Suspected,40.988035,-81.663513
Property Damage Only,40.683402,-81.714759
Property Damage Only,40.929928,-82.119042
Property Damage Only,40.983174,-82.039525
Serious Injury Suspected,40.809331,-81.774945
Minor Injury Suspected,40.705318,-81.731153
Property Damage Only,40.777602,-81.705685
Injury Possible,40.779054,-81.970877
Minor Injury Suspected,40.722618,-81.745308
Property Damage Only,40.814383,-81.699861
Property Damage Only,40.785116,-81.964269
Injury Possible,40.68304,-82.037309
Minor Injury Suspected,40.901324,-81.914297
Property Damage Only,40.829552,-81.804453
Minor Injury Suspected,40.758637,-81.69103
Property Damage Only,40.967913,-82.053802
Property Damage Only,40.7652,-81.692263
Minor Injury Suspected,40.960371,-81.659369
Property Damage Only,40.896875,-82.093389
Minor Injury Suspected,40.881296,-81.830411
Property Damage Only,40.916646,-81.78238
Minor Injury Suspected,40.963411,-81.717733
Property Damage Only,40.829477,-81.8454
Property Damage Only,40.798565,-81.896028
Property Damage Only,40.791263,-81.938614
Property Damage Only,40.880073,-81.950948
Property Damage Only,40.79788,-81.875788
Minor Injury Suspected,40.800922,-81.840551
Minor Injury Suspected,40.987825,-81.730195
Property Damage Only,40.731818,-81.657878
Property Damage Only,40.888405,-81.729611
Minor Injury Suspected,40.850039,-81.725271
Property Damage Only,40.769976,-81.775104
Property Damage Only,40.693905,-81.700975
Minor Injury Suspected,40.737885,-81.818212
Property Damage Only,40.815051,-81.844139
Minor Injury Suspected,40.759766,-81.703794
Injury Possible,40.691692,-81.865655
Property Damage Only,40.798404,-81.742029
Property Damage Only,40.771228,-81.972115
Property Damage Only,40.753337,-81.895982
Property Damage Only,40.803537,-81.869383
Injury Possible,40.711894,-81.784218
Property Damage Only,40.79324,-81.963468
Minor Injury Suspected,40.913181,-81.793425
Property Damage Only,40.79947,-81.974986
Property Damage Only,40.902179,-81.754529
Property Damage Only,40.927495,-82.121986
Property Damage Only,40.771222,-81.972895
Property Damage Only,40.798545,-81.905767
Property Damage Only,40.955536,-81.994031
Property Damage Only,40.955895,-82.067978
Property Damage Only,40.92386,-81.763308
Property Damage Only,40.801114,-81.839972
Property Damage Only,40.857678,-82.070419
Property Damage Only,40.786197,-82.089145
Property Damage Only,40.871466,-81.763466
Property Damage Only,40.690163,-81.705227
Minor Injury Suspected,40.944962,-82.086815
Fatal,40.971272,-81.661201
Property Damage Only,40.923087,-81.648414
Property Damage Only,40.857888,-81.883133
Property Damage Only,40.792646,-81.989018
Fatal,40.829724,-81.822755
Property Damage Only,40.969225,-81.821894
Minor Injury Suspected,40.944977,-81.744107
Property Damage Only,40.887897,-81.861178
Property Damage Only,40.682491,-81.715938
Property Damage Only,40.795471,-81.915383
Property Damage Only,40.798497,-81.913647
Property Damage Only,40.798504,-81.913625
Minor Injury Suspected,40.945479,-81.890155
Injury Possible,40.795849,-81.917276
Property Damage Only,40.770274,-81.921441
Property Damage Only,40.93959,-82.109252
Property Damage Only,40.798802,-81.8868
Minor Injury Suspected,40.675231,-81.869524
Minor Injury Suspected,40.964344,-81.995615
Property Damage Only,40.755894,-81.775574
Property Damage Only,40.828458,-81.896654
Property Damage Only,40.883693,-81.952982
Property Damage Only,40.873842,-81.842434
Minor Injury Suspected,40.874497,-81.841169
Property Damage Only,40.945442,-81.743819
Property Damage Only,40.797432,-81.74608
Property Damage Only,40.916781,-81.713738
Injury Possible,40.812494,-81.765325
Property Damage Only,40.956784,-81.841834
Minor Injury Suspected,40.811823,-81.765369
Minor Injury Suspected,40.797271,-81.746287
Minor Injury Suspected,40.945834,-81.797716
Property Damage Only,40.76819,-81.92911
Property Damage Only,40.963314,-81.717809
Minor Injury Suspected,40.797931,-81.743389
Property Damage Only,40.798929,-81.884731
Property Damage Only,40.798301,-81.742489
Minor Injury Suspected,40.680328,-82.027016
Property Damage Only,40.796748,-81.746157
Minor Injury Suspected,40.76361,-81.89588
Property Damage Only,40.945617,-81.892568
Minor Injury Suspected,40.988546,-81.684582
Serious Injury Suspected,40.692757,-81.784328
Injury Possible,40.858047,-81.878039
Property Damage Only,40.869206,-82.09108
Property Damage Only,40.799235,-82.015206
Injury Possible,40.873952,-81.842113
Property Damage Only,40.954335,-82.109519
Minor Injury Suspected,40.985258,-82.037325
Minor Injury Suspected,40.70197,-81.842508
Minor Injury Suspected,40.928057,-81.649433
Injury Possible,40.792702,-81.982687
Property Damage Only,40.846,-82.115531
Minor Injury Suspected,40.799852,-82.010474
Property Damage Only,40.802349,-82.002898
Injury Possible,40.787896,-81.958336
Injury Possible,40.87342,-81.750518
Property Damage Only,40.87342,-81.750518
Property Damage Only,40.78562,-82.091626
Property Damage Only,40.757306,-81.754793
Property Damage Only,40.945321,-81.783296
Minor Injury Suspected,40.898591,-81.974891
Property Damage Only,40.805437,-81.86145
Property Damage Only,40.792943,-81.96379
Fatal,40.785328,-82.093039
Property Damage Only,40.901969,-81.803596
Minor Injury Suspected,40.926028,-82.052736
Property Damage Only,40.926757,-81.724154
Minor Injury Suspected,40.758572,-81.99142
Property Damage Only,40.94208,-81.65697
Property Damage Only,40.869447,-81.762029
Minor Injury Suspected,40.900914,-82.108793
Property Damage Only,40.784716,-81.984698
Minor Injury Suspected,40.796413,-81.751895
Property Damage Only,40.790276,-81.843916
Property Damage Only,40.935263,-82.109266
Property Damage Only,40.932415,-81.989684
Minor Injury Suspected,40.801882,-82.022673
Property Damage Only,40.730258,-81.800798
Minor Injury Suspected,40.858959,-81.836056
Property Damage Only,40.929997,-81.969444
Minor Injury Suspected,40.984084,-82.109852
Fatal,40.945953,-81.763781
Minor Injury Suspected,40.85829,-81.943221
Property Damage Only,40.757405,-81.795984
Minor Injury Suspected,40.975218,-81.704991
Minor Injury Suspected,40.845833,-82.053539
Property Damage Only,40.77024,-81.912265
Property Damage Only,40.951498,-81.682064
Property Damage Only,40.682913,-82.032885
Property Damage Only,40.786118,-81.914391
Property Damage Only,40.809328,-81.834008
Property Damage Only,40.784065,-81.965251
Property Damage Only,40.670109,-81.736651
Property Damage Only,40.857807,-81.943022
Minor Injury Suspected,40.916888,-82.108883
Minor Injury Suspected,40.894135,-81.9181
Property Damage Only,40.91577,-81.763145
Minor Injury Suspected,40.972109,-81.672502
Minor Injury Suspected,40.824856,-82.022645
Injury Possible,40.705113,-81.949009
Property Damage Only,40.758484,-81.991668
Property Damage Only,40.792179,-81.784972
Property Damage Only,40.699051,-81.691969
Property Damage Only,40.799264,-82.015405
Property Damage Only,40.883145,-82.093751
Injury Possible,40.95969,-81.672378
Minor Injury Suspected,40.873764,-81.842465
Property Damage Only,40.96131,-82.124574
Property Damage Only,40.786654,-81.960365
Property Damage Only,40.974208,-82.047169
Injury Possible,40.693061,-81.819835
Property Damage Only,40.78425,-82.121823
Property Damage Only,40.768028,-81.976537
Property Damage Only,40.792641,-81.779128
Fatal,40.697349,-81.765311
Property Damage Only,40.814019,-81.945977
Minor Injury Suspected,40.857894,-81.975563
Minor Injury Suspected,40.902029,-81.703159
Minor Injury Suspected,40.767037,-81.905291
Minor Injury Suspected,40.842567,-81.968853
Property Damage Only,40.78252,-82.092873
Minor Injury Suspected,40.95238,-82.05361
Property Damage Only,40.698689,-81.784339
Property Damage Only,40.80724,-82.08966
Property Damage Only,40.938557,-82.101888
Property Damage Only,40.766148,-81.980297
Property Damage Only,40.677922,-81.950125
Injury Possible,40.983822,-81.66285
Property Damage Only,40.802075,-81.905573
Property Damage Only,40.950776,-81.937567
Property Damage Only,40.85972,-82.073965
Property Damage Only,40.987771,-82.036114
Property Damage Only,40.97473,-81.996263
Minor Injury Suspected,40.755682,-82.014856
Minor Injury Suspected,40.68302,-82.06752
Property Damage Only,40.844849,-82.100589
Property Damage Only,40.815602,-81.765337
Property Damage Only,40.796919,-81.746105
Property Damage Only,40.845567,-81.703502
Property Damage Only,40.857917,-82.010485
Property Damage Only,40.72433,-81.78427
Property Damage Only,40.937975,-82.102182
Property Damage Only,40.937975,-82.102182
Fatal,40.907301,-81.97856
Minor Injury Suspected,40.829868,-81.815774
Minor Injury Suspected,40.91664,-81.782622
Serious Injury Suspected,40.836305,-81.994017
Property Damage Only,40.964469,-81.802126
Minor Injury Suspected,40.825061,-81.70048
Property Damage Only,40.792811,-81.972246
Property Damage Only,40.879887,-81.953438
Injury Possible,40.976659,-81.737345
Property Damage Only,40.771303,-81.97236
Property Damage Only,40.971615,-82.109599
Property Damage Only,40.916118,-81.78242
Minor Injury Suspected,40.889224,-81.818533
Minor Injury Suspected,40.724697,-81.822092
Property Damage Only,40.96633,-81.737715
Property Damage Only,40.977236,-81.684525
Injury Possible,40.797094,-81.905422
Property Damage Only,40.799259,-82.021649
Property Damage Only,40.838962,-81.89704
Injury Possible,40.756089,-81.853792
Property Damage Only,40.909638,-81.782289
Property Damage Only,40.734136,-81.668243
Property Damage Only,40.867855,-81.94615
Injury Possible,40.794975,-81.982771
Injury Possible,40.799276,-82.022791
Property Damage Only,40.981463,-82.096522
Injury Possible,40.957164,-81.899419
Property Damage Only,40.928816,-82.120427
Property Damage Only,40.693798,-81.702851
Property Damage Only,40.952024,-81.647693
Serious Injury Suspected,40.94305,-81.993947
Property Damage Only,40.872508,-81.960581
Property Damage Only,40.937137,-81.904972
Property Damage Only,40.716172,-81.675784
Property Damage Only,40.930806,-81.882357
Injury Possible,40.795614,-81.908675
Property Damage Only,40.741362,-81.766919
Property Damage Only,40.667197,-81.949159
Minor Injury Suspected,40.971779,-81.666675
Property Damage Only,40.918228,-81.85936
Property Damage Only,40.811467,-81.99131
Property Damage Only,40.969055,-81.957691
Injury Possible,40.857836,-82.108228
Property Damage Only,40.970684,-81.818168
Property Damage Only,40.913735,-81.734019
Property Damage Only,40.849914,-81.861542
Minor Injury Suspected,40.922917,-81.768201
Minor Injury Suspected,40.898792,-81.696152
Property Damage Only,40.682437,-81.716052
Property Damage Only,40.822011,-81.767604
Property Damage Only,40.930597,-81.898048
Property Damage Only,40.772385,-81.843846
Minor Injury Suspected,40.954343,-81.732787
Injury Possible,40.797558,-81.84438
Fatal,40.939326,-82.099671
Property Damage Only,40.7738,-81.692195
Property Damage Only,40.880282,-81.762886
Injury Possible,40.7379,-81.818172
Property Damage Only,40.735455,-82.062775
Minor Injury Suspected,40.945534,-82.082111
Property Damage Only,40.939051,-82.101836
Property Damage Only,40.95094,-81.678879
Property Damage Only,40.805969,-81.859658
Property Damage Only,40.784654,-81.958123
Property Damage Only,40.934328,-82.109459
Property Damage Only,40.78427,-82.105121
Property Damage Only,40.937147,-82.103497
Property Damage Only,40.792125,-81.877955
Property Damage Only,40.792125,-81.877955
Minor Injury Suspected,40.945306,-81.902467
Property Damage Only,40.987191,-82.034672
Property Damage Only,40.812945,-81.765439
Property Damage Only,40.750086,-81.834211
Property Damage Only,40.902028,-81.782222
Property Damage Only,40.880574,-81.878234
Property Damage Only,40.72384,-81.8942
Property Damage Only,40.79398,-81.89592
Property Damage Only,40.95929,-81.772238
Property Damage Only,40.985044,-81.774159
Property Damage Only,40.809789,-81.844067
Property Damage Only,40.980461,-81.76452
Property Damage Only,40.97225,-81.80061
Property Damage Only,40.967381,-81.784604
Property Damage Only,40.98004,-81.785664
Property Damage Only,40.973116,-81.781503
Property Damage Only,40.972359,-81.781433
Property Damage Only,40.972359,-81.781433
Property Damage Only,40.957462,-81.763207
Property Damage Only,40.988263,-81.796227
Property Damage Only,40.96967,-81.78696
Property Damage Only,40.983477,-81.778955
Property Damage Only,40.971464,-81.762109
Property Damage Only,40.668399,-82.073478
Property Damage Only,40.969453,-81.786571
Serious Injury Suspected,40.968551,-81.781939
Property Damage Only,40.977171,-81.7816
Property Damage Only,40.97287,-81.77881
Property Damage Only,40.973514,-81.803219
Property Damage Only,40.9668,-81.7868
Property Damage Only,40.980281,-81.764635
Property Damage Only,40.86333,-81.85965
Property Damage Only,40.956505,-81.762989
Property Damage Only,40.940095,-81.704662
Property Damage Only,40.97382,-81.773901
Property Damage Only,40.969761,-81.715312
Property Damage Only,40.93583,-81.66667
Property Damage Only,40.73389,-81.74504
Minor Injury Suspected,40.844297,-81.713137
Property Damage Only,40.960143,-81.65841
Property Damage Only,40.951702,-81.739549
Minor Injury Suspected,40.860914,-81.887919
Property Damage Only,40.843603,-81.887333
Injury Possible,40.969081,-81.709458
Property Damage Only,40.9656,-81.68407
Property Damage Only,40.96653,-81.78934
Property Damage Only,40.97281,-81.78142
Minor Injury Suspected,40.9809,-81.696
Property Damage Only,40.97774,-81.801
Minor Injury Suspected,40.968729,-81.781846
Property Damage Only,40.972985,-81.781487
Property Damage Only,40.973616,-81.781526
Property Damage Only,40.977743,-81.781464
Property Damage Only,40.981294,-81.770618
Minor Injury Suspected,40.96982,-81.783833
Property Damage Only,40.95887,-81.76306
Property Damage Only,40.98785,-81.79463
Injury Possible,40.977547,-81.791449
Property Damage Only,40.97411,-81.78525
Property Damage Only,40.971553,-81.793592
Minor Injury Suspected,40.982537,-81.761262
Property Damage Only,40.828805,-81.871143
Property Damage Only,40.85888,-81.83369
Property Damage Only,40.796274,-81.778449
Property Damage Only,40.798502,-81.887344
Property Damage Only,40.8048,-81.8641
Property Damage Only,40.965805,-81.76268
Property Damage Only,40.967981,-81.781818
Property Damage Only,40.981805,-81.77862
Property Damage Only,40.97282,-81.78018
Property Damage Only,40.96973,-81.781866
Property Damage Only,40.977479,-81.791055
Property Damage Only,40.955958,-81.735846
Property Damage Only,40.960404,-81.700405
Property Damage Only,40.831325,-81.908189
Property Damage Only,40.78639,-81.96028
Property Damage Only,40.78639,-81.96028
Property Damage Only,40.78639,-81.96028
Property Damage Only,40.857734,-81.924729
Property Damage Only,40.87263,-82.05171
Property Damage Only,40.935035,-81.685906
Property Damage Only,40.915272,-81.648354
Property Damage Only,40.835634,-81.842396
Property Damage Only,40.784923,-81.963887
Property Damage Only,40.952975,-81.669692
Property Damage Only,40.799799,-81.942246
Property Damage Only,40.97616,-81.75409
Property Damage Only,40.863331,-81.85965
Property Damage Only,40.97265,-82.11
Minor Injury Suspected,40.972542,-82.109663
Property Damage Only,,
Property Damage Only,40.9697,-82.1058
Property Damage Only,,
Property Damage Only,40.814956,-81.93823
Property Damage Only,40.828599,-81.915518
Property Damage Only,40.835862,-81.927017
Property Damage Only,40.841039,-81.932751
Property Damage Only,40.858059,-81.969902
Property Damage Only,40.79932,-81.939703
Property Damage Only,40.802495,-81.932056
Minor Injury Suspected,40.805057,-81.935143
Minor Injury Suspected,40.858769,-81.951714
Property Damage Only,40.843252,-81.94238
Property Damage Only,40.8398,-81.940103
Property Damage Only,40.857657,-81.918099
Property Damage Only,40.853534,-81.763855
Property Damage Only,40.843929,-81.769709
Property Damage Only,40.804696,-81.926612
Property Damage Only,40.823329,-81.953398
Minor Injury Suspected,40.798401,-81.928492
Property Damage Only,40.833234,-81.950946
Property Damage Only,40.844349,-81.784162
Injury Possible,40.83085,-81.784441
Property Damage Only,40.862038,-81.784058
Injury Possible,40.80445,-81.924692
Property Damage Only,40.833065,-81.90534
Property Damage Only,40.818623,-81.909174
Injury Possible,40.79204,-81.952414
Injury Possible,40.831436,-81.915555
Property Damage Only,40.786415,-81.933271
Property Damage Only,40.826647,-81.911477
Property Damage Only,40.802773,-81.9321
Property Damage Only,40.842906,-81.942238
Property Damage Only,40.806393,-81.939466
Property Damage Only,40.85625,-81.929357
Property Damage Only,40.803145,-81.917322
Property Damage Only,40.983209,-81.797446
Property Damage Only,40.80555,-81.925673
Injury Possible,40.98457,-81.893326
Property Damage Only,40.804289,-81.961906
Property Damage Only,40.80392,-81.942972
Property Damage Only,40.850633,-81.953599
Injury Possible,40.859347,-81.889142
Property Damage Only,40.848338,-81.945175
Property Damage Only,40.830371,-81.948198
Property Damage Only,40.804367,-81.923226
Property Damage Only,40.841884,-81.764209
Property Damage Only,40.848325,-81.788291
Property Damage Only,40.865393,-81.761965
Property Damage Only,40.811144,-81.912925
Serious Injury Suspected,40.804944,-81.934384
Property Damage Only,40.859107,-81.924388
Minor Injury Suspected,40.853534,-81.763855
Property Damage Only,40.811928,-81.957106
Property Damage Only,40.866124,-81.956662
Serious Injury Suspected,40.812646,-81.933815
Property Damage Only,40.836002,-81.953397
Property Damage Only,40.859838,-81.783765
Property Damage Only,40.843666,-81.764021
Injury Possible,40.843494,-81.763079
Property Damage Only,40.842906,-81.942238
Property Damage Only,40.805057,-81.935143
Property Damage Only,40.805057,-81.935143
Injury Possible,40.799583,-81.936837
Property Damage Only,40.806577,-81.917663
Property Damage Only,40.804158,-81.945208
Property Damage Only,40.845362,-81.785701
Property Damage Only,40.796956,-81.931672
Minor Injury Suspected,40.828445,-81.916179
Property Damage Only,40.847685,-81.947812
Property Damage Only,40.808735,-81.934353
Property Damage Only,40.775268,-81.928347
Property Damage Only,40.842906,-81.942238
Injury Possible,40.828693,-81.944748
Property Damage Only,40.813424,-81.928738
Property Damage Only,40.804677,-81.934508
Injury Possible,40.859347,-81.889142
Property Damage Only,40.804704,-81.941601
Property Damage Only,40.852169,-81.762317
Property Damage Only,40.96028,-81.89924
Property Damage Only,40.986523,-81.994753
Injury Possible,40.828442,-81.912365
Property Damage Only,40.841769,-81.939626
Property Damage Only,40.843347,-81.954365
Property Damage Only,40.80321,-81.943976
Property Damage Only,40.8546,-81.763882
Minor Injury Suspected,40.838928,-81.764426
Property Damage Only,40.809426,-81.93833
Property Damage Only,40.843347,-81.954365
Injury Possible,40.865393,-81.761965
Property Damage Only,40.804677,-81.934508
Property Damage Only,40.849603,-81.946406
Property Damage Only,40.859347,-81.889142
Serious Injury Suspected,40.841772,-81.940332
Property Damage Only,40.813895,-81.934903
Property Damage Only,40.819598,-81.935729
Injury Possible,40.81086,-81.934345
Property Damage Only,40.830059,-81.930953
Property Damage Only,40.803404,-81.936143
Property Damage Only,40.828533,-81.930594
Property Damage Only,40.834182,-81.769675
Property Damage Only,40.841793,-81.769816
Property Damage Only,40.808743,-81.934356
Property Damage Only,40.853917,-81.949094
Minor Injury Suspected,40.801878,-81.924826
Property Damage Only,40.783431,-81.939483
Property Damage Only,40.818069,-81.934391
Property Damage Only,40.804708,-81.953677
Property Damage Only,40.842527,-81.944194
Property Damage Only,40.806775,-81.943743
Property Damage Only,40.847255,-81.944446
Property Damage Only,40.836002,-81.953397
Property Damage Only,40.854347,-81.769579
Property Damage Only,40.799766,-81.923014
Minor Injury Suspected,40.788298,-81.936416
Property Damage Only,40.863875,-81.923318
Property Damage Only,40.827535,-81.914294
Property Damage Only,40.801655,-81.94523
Property Damage Only,40.84519,-81.943173
Property Damage Only,40.843929,-81.942901
Minor Injury Suspected,40.804361,-81.947704
Property Damage Only,40.800572,-81.940572
Property Damage Only,40.799583,-81.936837
Property Damage Only,40.828561,-81.931779
Property Damage Only,40.813843,-81.928544
Minor Injury Suspected,40.830416,-81.939634
Property Damage Only,40.843266,-81.939801
Injury Possible,40.8078,-81.94095
Property Damage Only,40.842784,-81.939866
Property Damage Only,40.796683,-81.939275
Property Damage Only,40.829533,-81.806636
Minor Injury Suspected,40.823329,-81.953398
Property Damage Only,40.794267,-81.923065
Property Damage Only,40.842476,-81.929043
Property Damage Only,40.803655,-81.932067
Property Damage Only,40.828556,-81.90321
Injury Possible,40.806387,-81.938344
Minor Injury Suspected,40.842009,-81.902532
Injury Possible,40.866124,-81.956662
Property Damage Only,40.809909,-81.932077
Property Damage Only,40.842856,-81.942827
Injury Possible,40.837906,-81.908291
Property Damage Only,40.829705,-81.783732
Property Damage Only,40.843467,-81.765541
Injury Possible,40.80495,-81.931275
Property Damage Only,40.843266,-81.939801
Property Damage Only,40.828859,-81.907791
Minor Injury Suspected,40.820634,-81.945165
Property Damage Only,40.846572,-81.760753
Property Damage Only,40.851669,-81.786239
Minor Injury Suspected,40.840489,-81.765515
Minor Injury Suspected,40.839769,-81.779175
Property Damage Only,40.819552,-81.957317
Injury Possible,40.798182,-81.948038
Minor Injury Suspected,40.80343,-81.938318
Injury Possible,40.798727,-81.945951
Property Damage Only,40.843248,-81.938731
Property Damage Only,40.843773,-81.939006
Minor Injury Suspected,40.808157,-81.929414
Property Damage Only,40.828818,-81.908957
Property Damage Only,40.847255,-81.944446
Property Damage Only,40.842334,-81.939492
Property Damage Only,40.805057,-81.935143
Property Damage Only,40.819384,-81.929597
Property Damage Only,40.841769,-81.939626
Property Damage Only,40.828103,-81.918225
Property Damage Only,40.806387,-81.938344
Property Damage Only,40.788298,-81.936416
Property Damage Only,40.805147,-81.942093
Property Damage Only,40.836756,-81.763324
Property Damage Only,40.797737,-81.941019
Property Damage Only,40.883494,-81.952854
Property Damage Only,40.801566,-81.935175
Minor Injury Suspected,40.800688,-81.942506
Property Damage Only,40.902324,-81.733969
Property Damage Only,40.854004,-81.764337
Injury Possible,40.844012,-81.92857
Property Damage Only,40.799488,-81.936885
Property Damage Only,40.793916,-81.935605
Property Damage Only,40.809891,-81.924663
Property Damage Only,40.84234,-81.776805
Property Damage Only,40.841769,-81.762898
Property Damage Only,40.844511,-81.764239
Property Damage Only,40.799927,-81.936542
Property Damage Only,40.804756,-81.924824
Property Damage Only,40.82843,-81.907386
Property Damage Only,40.798064,-81.940764
Minor Injury Suspected,40.801446,-81.940865
Property Damage Only,40.788335,-81.934553
Property Damage Only,40.79989,-81.926799
Property Damage Only,40.847133,-81.945307
Minor Injury Suspected,40.848188,-81.7761
Property Damage Only,40.843666,-81.764021
Property Damage Only,40.803619,-81.921254
Property Damage Only,40.866124,-81.956662
Property Damage Only,40.842346,-81.944776
Property Damage Only,40.825263,-81.908029
Property Damage Only,40.805908,-81.934175
Injury Possible,40.798727,-81.945951
Property Damage Only,40.828208,-81.917259
Property Damage Only,40.84176,-81.939558
Property Damage Only,40.824601,-81.935648
Property Damage Only,40.822463,-81.920623
Property Damage Only,40.841893,-81.941554
Property Damage Only,40.798488,-81.94029
Property Damage Only,40.828818,-81.908957
Property Damage Only,40.821928,-81.957501
Property Damage Only,40.831165,-81.935079
Injury Possible,40.840684,-81.934157
Injury Possible,40.809456,-81.937545
Property Damage Only,40.806387,-81.938344
Property Damage Only,40.827535,-81.914294
Property Damage Only,40.840474,-81.915676
Property Damage Only,40.83729,-81.946515
Property Damage Only,40.822152,-81.932741
Property Damage Only,40.826158,-81.949497
Property Damage Only,40.802755,-81.931292
Minor Injury Suspected,40.854005,-81.925862
Property Damage Only,40.866124,-81.956662
Property Damage Only,40.827535,-81.914294
Property Damage Only,40.837042,-81.758886
Injury Possible,40.840706,-81.775437
Property Damage Only,40.837949,-81.909541
Property Damage Only,40.859107,-81.924388
Property Damage Only,40.835901,-81.940209
Property Damage Only,40.835901,-81.940209
Injury Possible,40.794146,-81.942266
Property Damage Only,40.810495,-81.953571
Property Damage Only,40.788298,-81.936416
Property Damage Only,40.823454,-81.931574
Property Damage Only,40.859347,-81.889142
Property Damage Only,40.828765,-81.960812
Minor Injury Suspected,40.788877,-81.933584
Property Damage Only,40.808128,-81.929464
Property Damage Only,40.824511,-81.933556
Property Damage Only,40.856971,-81.92494
Property Damage Only,40.828096,-81.908517
Minor Injury Suspected,40.901637,-81.728154
Property Damage Only,40.840741,-81.767649
Serious Injury Suspected,40.797078,-81.945882
Property Damage Only,40.828137,-81.911907
Property Damage Only,40.795312,-81.930083
Minor Injury Suspected,40.798497,-81.932767
Property Damage Only,40.808406,-81.915977
Property Damage Only,40.805057,-81.935143
Property Damage Only,40.780876,-81.939032
Minor Injury Suspected,40.846461,-81.928704
Property Damage Only,40.801048,-81.937405
Injury Possible,40.828382,-81.91599
Property Damage Only,40.804951,-81.929509
Property Damage Only,40.802924,-81.939525
Minor Injury Suspected,40.805147,-81.942093
Property Damage Only,40.828428,-81.902935
Property Damage Only,40.79842,-81.936496
Property Damage Only,40.827943,-81.909159
Minor Injury Suspected,40.788666,-81.935211
Property Damage Only,40.851678,-81.946775
Minor Injury Suspected,40.799644,-81.938697
Property Damage Only,40.809456,-81.937545
Property Damage Only,40.82126,-81.935044
Property Damage Only,40.804482,-81.927117
Property Damage Only,40.828187,-81.912205
Property Damage Only,40.797903,-81.94038
Property Damage Only,40.866124,-81.956662
Property Damage Only,40.788687,-81.934676
Property Damage Only,40.80416,-81.947544
Property Damage Only,40.797693,-81.943093
Property Damage Only,40.806273,-81.948931
Property Damage Only,40.801688,-81.941338
Property Damage Only,40.837315,-81.955452
Property Damage Only,40.855496,-81.949931
Property Damage Only,40.843555,-81.774264
Property Damage Only,40.836718,-81.759706
Property Damage Only,40.788298,-81.936416
Property Damage Only,40.797494,-81.935101
Property Damage Only,40.8178,-81.936454
Property Damage Only,40.798949,-81.937248
Property Damage Only,40.840952,-81.929463
Property Damage Only,40.829628,-81.924442
Property Damage Only,40.804378,-81.948831
Property Damage Only,40.842009,-81.902532
Property Damage Only,40.791274,-81.938406
Property Damage Only,40.828561,-81.931891
Property Damage Only,40.827626,-81.928648
Property Damage Only,40.828381,-81.90947
Property Damage Only,40.795646,-81.947927
Property Damage Only,40.859347,-81.889142
Property Damage Only,40.829533,-81.806636
Property Damage Only,40.840774,-81.764098
Property Damage Only,40.843266,-81.939801
Minor Injury Suspected,40.806611,-81.945236
Property Damage Only,40.828917,-81.863512
Property Damage Only,40.797463,-81.936466
Minor Injury Suspected,40.833819,-81.938993
Property Damage Only,40.821789,-81.91798
Property Damage Only,40.860805,-81.953358
Property Damage Only,40.828457,-81.925165
Minor Injury Suspected,40.802924,-81.939525
Serious Injury Suspected,40.796764,-81.939848
Property Damage Only,40.843488,-81.76429
Injury Possible,40.829765,-81.785235
Property Damage Only,40.798073,-81.945984
Property Damage Only,40.804333,-81.943995
Property Damage Only,40.838754,-81.897104
Property Damage Only,40.795698,-81.947995
Injury Possible,40.82464,-81.938669
Property Damage Only,40.828309,-81.90604
Property Damage Only,40.816649,-81.932302
Property Damage Only,40.802887,-81.953717
Serious Injury Suspected,40.841039,-81.932751
Property Damage Only,40.84081,-81.784557
Property Damage Only,40.801529,-81.932976
Property Damage Only,40.821905,-81.956055
Property Damage Only,40.850633,-81.953599
Minor Injury Suspected,40.813949,-81.912584
Property Damage Only,40.843294,-81.937702
Minor Injury Suspected,40.804361,-81.947704
Property Damage Only,40.797375,-81.949894
Property Damage Only,40.817415,-81.947896
Property Damage Only,40.816115,-81.929234
Property Damage Only,40.832703,-81.93656
Injury Possible,40.824148,-81.907783
Property Damage Only,40.841905,-81.787093
Property Damage Only,40.840797,-81.784419
Property Damage Only,40.813879,-81.902197
Minor Injury Suspected,40.793916,-81.935605
Property Damage Only,40.828875,-81.908526
Minor Injury Suspected,40.801053,-81.938607
Property Damage Only,40.822818,-81.907772
Property Damage Only,40.837657,-81.764402
Injury Possible,40.811061,-81.934301
Property Damage Only,40.812578,-81.938683
Property Damage Only,40.792069,-81.941421
Property Damage Only,40.83729,-81.946515
Property Damage Only,40.840756,-81.946972
Property Damage Only,40.800368,-81.936715
Property Damage Only,40.859107,-81.924388
Property Damage Only,40.866124,-81.956662
Property Damage Only,40.859115,-81.796467
Minor Injury Suspected,40.834542,-81.767207
Property Damage Only,40.821888,-81.915869
Property Damage Only,40.841769,-81.939626
Property Damage Only,40.854335,-81.947685
Property Damage Only,40.812581,-81.951819
Injury Possible,40.805057,-81.935143
Property Damage Only,40.834613,-81.774463
Property Damage Only,40.843292,-81.944184
Property Damage Only,40.798554,-81.924642
Property Damage Only,40.850633,-81.953599
Minor Injury Suspected,40.795167,-81.81383
Property Damage Only,40.795517,-81.942435
Minor Injury Suspected,40.798189,-81.939174
Property Damage Only,40.82886,-81.936368
Property Damage Only,40.862586,-81.763603
Property Damage Only,40.794582,-81.933922
Property Damage Only,40.823602,-81.940142
Property Damage Only,40.801302,-81.935188
Property Damage Only,40.824789,-81.927492
Property Damage Only,40.843469,-81.763115
Injury Possible,40.843274,-81.939799
Property Damage Only,40.843347,-81.954365
Minor Injury Suspected,40.843003,-81.897064
Property Damage Only,40.843003,-81.897064
Property Damage Only,40.80445,-81.924692
Property Damage Only,40.836685,-81.764403
Property Damage Only,40.803608,-81.941743
Injury Possible,40.828571,-81.918742
Property Damage Only,40.804953,-81.932064
Minor Injury Suspected,40.835014,-81.76979
Property Damage Only,40.836505,-81.770749
Serious Injury Suspected,40.799011,-81.945946
Property Damage Only,40.859347,-81.889142
Injury Possible,40.849621,-81.763966
Property Damage Only,40.83159,-81.784084
Property Damage Only,40.828859,-81.907791
Property Damage Only,40.804704,-81.95366
Property Damage Only,40.839919,-81.940063
Property Damage Only,40.793447,-81.939086
Property Damage Only,40.797813,-81.933887
Property Damage Only,40.822354,-81.934242
Property Damage Only,40.852904,-81.76388
Minor Injury Suspected,40.817654,-81.909042
Property Damage Only,40.812593,-81.938313
Property Damage Only,40.836288,-81.929773
Property Damage Only,40.799711,-81.938855
Injury Possible,40.828383,-81.910856
Property Damage Only,40.845555,-81.943758
Serious Injury Suspected,40.825263,-81.908029
Minor Injury Suspected,40.786415,-81.933271
Property Damage Only,40.851646,-81.947714
Property Damage Only,40.804912,-81.94048
Property Damage Only,40.857637,-81.915888
Minor Injury Suspected,40.812621,-81.933784
Property Damage Only,40.804535,-81.960146
Property Damage Only,40.866124,-81.956662
Property Damage Only,40.843662,-81.769755
Property Damage Only,40.802924,-81.939525
Property Damage Only,40.841039,-81.932751
Property Damage Only,40.828818,-81.908957
Injury Possible,40.858769,-81.951714
Property Damage Only,40.797416,-81.942267
Property Damage Only,40.824498,-81.932574
Property Damage Only,40.802524,-81.942755
Property Damage Only,40.844963,-81.939205
Property Damage Only,40.787612,-81.9343
Property Damage Only,40.832895,-81.761012
Property Damage Only,40.798771,-81.93571
Property Damage Only,40.73676,-81.937295
Property Damage Only,40.807005,-81.959694
Property Damage Only,40.828391,-81.908797
Property Damage Only,40.813786,-81.913342
Property Damage Only,40.852679,-81.774155
Property Damage Only,40.838239,-81.799292
Property Damage Only,40.843358,-81.766846
Property Damage Only,40.804535,-81.932071
Minor Injury Suspected,40.81373,-81.938691
Property Damage Only,40.813424,-81.928738
Property Damage Only,40.843494,-81.763079
Injury Possible,40.8368,-81.765779
Property Damage Only,40.846393,-81.774342
Property Damage Only,40.847551,-81.94239
Minor Injury Suspected,40.799554,-81.932478
Property Damage Only,40.859347,-81.889142
Injury Possible,40.841039,-81.932751
Property Damage Only,40.826577,-81.921556
Property Damage Only,40.829201,-81.931545
Injury Possible,40.781809,-81.930494
Property Damage Only,40.828754,-81.908759
Property Damage Only,40.859107,-81.924388
Injury Possible,40.812621,-81.933784
Property Damage Only,40.813924,-81.938327
Property Damage Only,40.795282,-81.942479
Property Damage Only,40.851111,-81.915833
Property Damage Only,40.842336,-81.773321
Minor Injury Suspected,40.78864,-81.934508
Property Damage Only,40.820484,-81.936435
Property Damage Only,40.795282,-81.942479
Property Damage Only,40.857939,-81.951625
Property Damage Only,40.83451,-81.763426
Property Damage Only,40.837315,-81.955452
Property Damage Only,40.859347,-81.889142
Property Damage Only,40.853591,-81.764115
Injury Possible,40.838115,-81.760223
Property Damage Only,40.788298,-81.936416
Property Damage Only,40.808098,-81.92467
Property Damage Only,40.824601,-81.935648
Property Damage Only,40.788298,-81.936416
Property Damage Only,40.802924,-81.939525
Property Damage Only,40.844963,-81.939205
Property Damage Only,40.832493,-81.939616
Property Damage Only,40.825299,-81.924848
Property Damage Only,40.840755,-81.779826
Property Damage Only,40.840549,-81.764163
Property Damage Only,40.806589,-81.91756
Property Damage Only,40.833306,-81.93007
Serious Injury Suspected,40.883494,-81.952854
Property Damage Only,40.820488,-81.935263
Property Damage Only,40.862289,-81.917523
Minor Injury Suspected,40.804954,-81.930491
Property Damage Only,40.804802,-81.93836
Property Damage Only,40.798949,-81.937248
Property Damage Only,40.842346,-81.944776
Property Damage Only,40.899189,-81.733646
Minor Injury Suspected,40.79941,-81.941831
Minor Injury Suspected,40.960978,-81.656848
Property Damage Only,40.756146,-81.944242
Minor Injury Suspected,40.823329,-81.953398
Property Damage Only,40.806444,-81.924685
Property Damage Only,40.830035,-81.918972
Property Damage Only,40.819276,-81.936372
Property Damage Only,40.8404,-81.76596
Property Damage Only,40.828818,-81.908957
Property Damage Only,40.8398,-81.940103
Property Damage Only,40.809329,-81.9411
Property Damage Only,40.795282,-81.942479
Minor Injury Suspected,40.828599,-81.938779
Property Damage Only,40.883494,-81.952854
Property Damage Only,40.786415,-81.933271
Property Damage Only,40.84519,-81.943173
Property Damage Only,40.788298,-81.936416
Property Damage Only,40.829628,-81.924442
Property Damage Only,40.788247,-81.933555
Property Damage Only,40.842334,-81.939492
Property Damage Only,40.79259,-81.94392
Minor Injury Suspected,40.842865,-81.940775
Property Damage Only,40.833233,-81.953404
Minor Injury Suspected,40.804643,-81.944009
Property Damage Only,40.804643,-81.944009
Injury Possible,40.813477,-81.939921
Property Damage Only,40.859107,-81.924388
Property Damage Only,40.80445,-81.924692
Property Damage Only,40.844984,-81.764601
Property Damage Only,40.846177,-81.774825
Property Damage Only,40.811144,-81.912925
Property Damage Only,40.854335,-81.947685
Property Damage Only,40.844181,-81.781488
Minor Injury Suspected,40.80137,-81.93135
Injury Possible,40.828333,-81.915278
Property Damage Only,40.798774,-81.939241
Minor Injury Suspected,40.859107,-81.924388
Minor Injury Suspected,40.798099,-81.93934
Property Damage Only,40.828848,-81.764321
Property Damage Only,40.987028,-81.893444
Property Damage Only,40.859365,-81.952361
Property Damage Only,40.81086,-81.934345
Property Damage Only,40.800823,-81.944627
Property Damage Only,40.804759,-81.944012
Property Damage Only,40.843214,-81.942336
Property Damage Only,40.80374,-81.926979
Minor Injury Suspected,40.817772,-81.936627
Property Damage Only,40.852169,-81.762317
Property Damage Only,40.822693,-81.934227
Property Damage Only,40.857723,-81.92545
Property Damage Only,40.850446,-81.926383
Property Damage Only,40.830763,-81.908847
Property Damage Only,40.788298,-81.936416
Property Damage Only,40.807568,-81.937577
Property Damage Only,40.795656,-81.947051
Property Damage Only,40.80495,-81.931275
Property Damage Only,40.829628,-81.924442
Property Damage Only,40.796967,-81.931483
Property Damage Only,40.812581,-81.951819
Property Damage Only,40.804944,-81.934384
Property Damage Only,40.847321,-81.945097
Property Damage Only,40.837932,-81.929179
Property Damage Only,40.85774,-81.930384
Minor Injury Suspected,40.811144,-81.912925
Property Damage Only,40.82254,-81.953565
Property Damage Only,40.821937,-81.9575
Property Damage Only,40.822686,-81.902057
Property Damage Only,40.843307,-81.951384
Injury Possible,40.811144,-81.912925
Injury Possible,40.804333,-81.943995
Property Damage Only,40.833179,-81.951001
Property Damage Only,40.813424,-81.928738
Property Damage Only,40.808148,-81.934363
Property Damage Only,40.812581,-81.951819
Property Damage Only,40.842346,-81.944776
Injury Possible,40.804944,-81.934384
Property Damage Only,40.798878,-81.945967
Property Damage Only,40.840882,-81.770093
Property Damage Only,40.800101,-81.950573
Property Damage Only,40.799439,-81.95042
Property Damage Only,40.834556,-81.768438
Property Damage Only,40.857637,-81.915888
Property Damage Only,40.846671,-81.946192
Property Damage Only,40.866124,-81.956662
Property Damage Only,40.804954,-81.930491
Property Damage Only,40.801048,-81.937405
Property Damage Only,40.824789,-81.927492
Property Damage Only,40.832056,-81.91557
Injury Possible,40.80268,-81.924728
Property Damage Only,40.849446,-81.784327
Injury Possible,40.798635,-81.937335
Minor Injury Suspected,40.852964,-81.926157
Property Damage Only,40.795656,-81.947051
Minor Injury Suspected,40.842476,-81.929043
Property Damage Only,40.843258,-81.946987
Property Damage Only,40.842643,-81.915722
Property Damage Only,40.854335,-81.947685
Property Damage Only,40.794645,-81.938435
Property Damage Only,40.807568,-81.937577
Property Damage Only,40.807523,-81.934362
Property Damage Only,40.796988,-81.922878
Property Damage Only,40.850633,-81.953599
Minor Injury Suspected,40.847551,-81.94239
Property Damage Only,40.841106,-81.939425
Injury Possible,40.852691,-81.946692
Property Damage Only,40.817754,-81.963037
Property Damage Only,40.828318,-81.914273
Property Damage Only,40.842865,-81.940775
Property Damage Only,40.788298,-81.936416
Property Damage Only,40.838783,-81.897142
Property Damage Only,40.822815,-81.934355
Property Damage Only,40.828351,-81.931787
Property Damage Only,40.838721,-81.930737
Property Damage Only,40.811018,-81.934336
Serious Injury Suspected,40.804964,-81.933856
Property Damage Only,40.841,-81.7656
Minor Injury Suspected,40.852254,-81.948041
Property Damage Only,40.956329,-82.066866
Property Damage Only,40.861771,-81.861593
Property Damage Only,40.760048,-81.975335
Property Damage Only,40.792451,-81.905446
Minor Injury Suspected,40.773027,-81.971953
Property Damage Only,40.94532,-81.907507
Property Damage Only,40.963157,-81.832244
Serious Injury Suspected,40.723014,-81.695151
Property Damage Only,40.793466,-82.057362
Minor Injury Suspected,40.94576,-81.85699
Property Damage Only,40.936669,-82.020668
Injury Possible,40.837335,-81.708898
Property Damage Only,40.795699,-81.917751
Property Damage Only,40.795699,-81.917751
Minor Injury Suspected,40.978041,-81.761722
Property Damage Only,40.733307,-81.99195
Minor Injury Suspected,40.936202,-82.020853
Minor Injury Suspected,40.820422,-81.933032
Property Damage Only,40.748808,-81.691483
Property Damage Only,40.945835,-81.801039
Property Damage Only,40.9702,-81.72169
Minor Injury Suspected,40.846824,-81.842497
Property Damage Only,40.808662,-81.831396
Property Damage Only,40.912677,-81.648257
Minor Injury Suspected,40.811661,-81.991465
Property Damage Only,40.91098,-82.00583
Property Damage Only,40.93433,-82.109215
Minor Injury Suspected,40.98597,-81.7563
Property Damage Only,40.973924,-81.744936
Property Damage Only,40.817376,-81.843472
Minor Injury Suspected,40.946,-81.76348
Minor Injury Suspected,40.79649,-81.82537
Property Damage Only,40.88403,-81.95318
Minor Injury Suspected,40.864124,-81.97579
Minor Injury Suspected,40.726638,-81.664813
Minor Injury Suspected,40.693171,-81.697626
Property Damage Only,40.733626,-81.668267
Property Damage Only,40.98102,-82.03525
Property Damage Only,40.844201,-81.731759
Property Damage Only,40.94305,-81.993939
Property Damage Only,40.711019,-81.912618
Minor Injury Suspected,40.737869,-81.81794
Property Damage Only,40.76675,-82.07199
Property Damage Only,40.944475,-81.962332
Minor Injury Suspected,40.715168,-82.074127
Minor Injury Suspected,40.916026,-81.982419
Property Damage Only,40.865014,-81.725306
Property Damage Only,40.864191,-82.082165
Property Damage Only,40.978823,-82.042871
Property Damage Only,40.972066,-82.049094
Property Damage Only,40.80221,-82.000364
Injury Possible,40.879948,-81.763235
Property Damage Only,40.668146,-82.018999
Property Damage Only,40.768225,-82.007754
Property Damage Only,40.795595,-81.905255
Property Damage Only,40.790439,-82.070676
Property Damage Only,40.685324,-81.923781
Minor Injury Suspected,40.84342,-81.877828
Property Damage Only,40.859105,-81.806653
Property Damage Only,40.768123,-82.0079
Property Damage Only,40.867,-81.82345
Minor Injury Suspected,40.741349,-81.766303
Minor Injury Suspected,40.857787,-81.877978
Serious Injury Suspected,40.785947,-82.091505
Minor Injury Suspected,40.965732,-81.828856
Property Damage Only,40.978823,-82.042892
Property Damage Only,40.755556,-81.697175
Property Damage Only,40.774339,-81.843943
Property Damage Only,40.784255,-82.10678
Property Damage Only,40.988463,-82.033538
Property Damage Only,40.68638,-81.710682
Property Damage Only,40.693151,-81.69769
Property Damage Only,40.905834,-81.977903
Property Damage Only,40.690625,-82.0048
Injury Possible,40.963376,-81.718073
Minor Injury Suspected,40.945631,-81.829945
Minor Injury Suspected,40.926111,-81.762809
Minor Injury Suspected,40.85752,-82.109847
Property Damage Only,40.753439,-81.828002
Minor Injury Suspected,40.844274,-81.744806
Serious Injury Suspected,40.806252,-81.825596
Property Damage Only,40.71234,-82.00793
Minor Injury Suspected,40.755909,-81.754864
Minor Injury Suspected,40.941995,-81.746146
Minor Injury Suspected,40.801379,-81.818971
Property Damage Only,40.808935,-81.844184
Property Damage Only,40.906203,-81.840648
Property Damage Only,40.944422,-81.95991
Property Damage Only,40.771338,-81.972726
Injury Possible,40.79235,-81.693504
Minor Injury Suspected,40.675327,-81.817744
Property Damage Only,40.94735,-81.994048
Property Damage Only,40.684118,-81.842343
Property Damage Only,40.937247,-82.103719
Injury Possible,40.868861,-81.946414
Property Damage Only,40.968277,-81.710049
Minor Injury Suspected,40.759873,-81.989178
Property Damage Only,40.945395,-81.763562
Property Damage Only,40.806825,-81.826738
Minor Injury Suspected,40.858012,-82.043351
Property Damage Only,40.797041,-81.768929
Property Damage Only,40.820989,-81.825179
Property Damage Only,40.796857,-81.749655
Minor Injury Suspected,40.675199,-81.746375
Property Damage Only,40.746188,-81.843784
Property Damage Only,40.727867,-82.047383
Minor Injury Suspected,40.902123,-81.762943
Minor Injury Suspected,40.902163,-81.76295
Property Damage Only,40.979405,-81.662864
Property Damage Only,40.799458,-82.016274
Minor Injury Suspected,40.902163,-81.762952
Minor Injury Suspected,40.901303,-81.914126
Property Damage Only,40.86864,-81.763423
Minor Injury Suspected,40.676536,-81.842153
Property Damage Only,40.840903,-81.702875
Minor Injury Suspected,40.958955,-81.658957
Minor Injury Suspected,40.767963,-81.97277
Property Damage Only,40.797382,-81.668514
Property Damage Only,40.740784,-81.808699
Property Damage Only,40.945598,-81.666114
Minor Injury Suspected,40.710166,-81.8913
Injury Possible,40.85782,-81.934666
Minor Injury Suspected,40.674196,-81.877186
Minor Injury Suspected,40.869679,-82.092074
Injury Possible,40.874763,-81.840218
Property Damage Only,40.945154,-81.936143
Minor Injury Suspected,40.86071,-81.709037
Property Damage Only,40.843995,-81.80396
Property Damage Only,40.959216,-81.995598
Property Damage Only,40.7544,-82.07404
Minor Injury Suspected,40.801816,-82.022707
Property Damage Only,40.829294,-81.813319
Minor Injury Suspected,40.949837,-81.901488
Property Damage Only,40.689056,-81.706786
Property Damage Only,40.824756,-81.701067
Property Damage Only,40.978388,-81.762225
Property Damage Only,40.898438,-81.676776
Property Damage Only,40.688602,-81.905401
Serious Injury Suspected,40.797162,-81.746486
Property Damage Only,40.755759,-81.796631
Minor Injury Suspected,40.894886,-82.008476
Minor Injury Suspected,40.86422,-81.71116
Minor Injury Suspected,40.90067,-81.934516
Minor Injury Suspected,40.78746,-81.957725
Minor Injury Suspected,40.927721,-81.748008
Minor Injury Suspected,40.857843,-81.887673
Property Damage Only,40.944938,-81.664371
Property Damage Only,40.756537,-81.860824
Property Damage Only,40.69446,-81.702742
Minor Injury Suspected,40.750062,-81.745152
Minor Injury Suspected,40.810294,-81.844034
Property Damage Only,40.730647,-81.659371
Property Damage Only,40.767548,-81.972705
Property Damage Only,40.756648,-81.862699
Property Damage Only,40.972784,-82.048448
Property Damage Only,40.936163,-81.991392
Minor Injury Suspected,40.722372,-81.999031
Injury Possible,40.724219,-81.784109
Property Damage Only,40.947433,-82.019071
Property Damage Only,40.858055,-81.962048
Minor Injury Suspected,40.70046,-82.101005
Property Damage Only,40.955971,-81.994653
Property Damage Only,40.694671,-81.914935
Property Damage Only,40.747761,-82.069576
Minor Injury Suspected,40.933877,-81.95644
Property Damage Only,40.725251,-82.051957
Property Damage Only,40.786493,-82.089229
Property Damage Only,40.701426,-81.843027
Property Damage Only,40.744508,-82.017312
Minor Injury Suspected,40.798901,-81.784933
Property Damage Only,40.770814,-81.913815
Property Damage Only,40.804898,-82.06006
Property Damage Only,40.688811,-81.878097
Property Damage Only,40.941907,-81.657661
Property Damage Only,40.823649,-81.667462
Property Damage Only,40.831592,-81.740665
Injury Possible,40.819043,-81.69968
Minor Injury Suspected,40.693372,-81.745666
Property Damage Only,40.866512,-81.956926
Property Damage Only,40.796228,-81.765521
Property Damage Only,40.818807,-81.764305
Property Damage Only,40.683707,-81.875567
Property Damage Only,40.808467,-81.850123
Minor Injury Suspected,40.671204,-81.923463
Property Damage Only,40.827887,-81.764717
Property Damage Only,40.916652,-81.780661
Property Damage Only,40.914929,-81.790968
Injury Possible,40.873998,-81.842414
Property Damage Only,40.988551,-81.666701
Injury Possible,40.756001,-81.745144
Property Damage Only,40.944519,-81.969692
Serious Injury Suspected,40.828948,-81.861839
Minor Injury Suspected,40.946082,-82.028792
Property Damage Only,40.774792,-81.944299
Property Damage Only,40.965763,-82.056235
Property Damage Only,40.953796,-82.109318
Property Damage Only,40.777836,-81.789229
Property Damage Only,40.952363,-82.072327
Property Damage Only,40.924376,-82.12536
Property Damage Only,40.800422,-81.879165
Property Damage Only,40.777715,-81.824221
Property Damage Only,40.771314,-81.972846
Minor Injury Suspected,40.79558,-81.914285
Minor Injury Suspected,40.927729,-81.878593
Property Damage Only,40.713645,-81.746153
Property Damage Only,40.688296,-81.685672
Property Damage Only,40.803128,-81.905496
Property Damage Only,40.797542,-81.66894
Property Damage Only,40.69889,-81.692013
Property Damage Only,40.916567,-81.782503
Property Damage Only,40.794517,-81.99864
Property Damage Only,40.791863,-81.895819
Minor Injury Suspected,40.858131,-81.975639
Property Damage Only,40.94351,-82.10938
Property Damage Only,40.828738,-81.874244
Minor Injury Suspected,40.77166,-81.972923
Property Damage Only,40.944916,-81.985576
Property Damage Only,40.795295,-81.745396
Minor Injury Suspected,40.832513,-82.073623
Property Damage Only,40.945485,-81.903015
Property Damage Only,40.964995,-82.086854
Property Damage Only,40.737159,-81.776257
Injury Possible,40.829826,-81.814804
Property Damage Only,40.711619,-81.842521
Serious Injury Suspected,40.975199,-81.70528
Property Damage Only,40.858967,-81.647949
Property Damage Only,40.858962,-81.842523
Fatal,40.828805,-81.729116
Serious Injury Suspected,40.87363,-81.920679
Property Damage Only,40.796568,-81.754941
Property Damage Only,40.988638,-81.679162
Minor Injury Suspected,40.948329,-81.69963
Property Damage Only,40.76699,-82.071985
Property Damage Only,40.919329,-82.108906
Property Damage Only,40.795759,-81.843974
Property Damage Only,40.944871,-81.983686
Minor Injury Suspected,40.828698,-81.875325
Property Damage Only,40.844097,-81.714129
Injury Possible,40.930159,-81.95635
Property Damage Only,40.945078,-81.743732
Minor Injury Suspected,40.977931,-81.996375
Property Damage Only,40.772521,-81.892921
Property Damage Only,40.85892,-81.84262
Minor Injury Suspected,40.933366,-82.081795
Minor Injury Suspected,40.807281,-81.78486
Property Damage Only,40.982311,-81.92329
Minor Injury Suspected,40.833865,-81.877601
Property Damage Only,40.741445,-81.754649
Property Damage Only,40.98788,-81.820939
Minor Injury Suspected,40.901902,-81.803845
Property Damage Only,40.956696,-82.06611
Minor Injury Suspected,40.967532,-82.05421
Property Damage Only,40.711652,-81.842895
Property Damage Only,40.702045,-81.722418
Injury Possible,40.888729,-81.799208
Property Damage Only,40.693424,-81.697558
Property Damage Only,40.902333,-81.722211
Minor Injury Suspected,40.78997,-82.022902
Property Damage Only,40.797421,-81.84172
Injury Possible,40.697777,-82.019232
Property Damage Only,40.916525,-81.788177
Minor Injury Suspected,40.720812,-81.77484
Property Damage Only,40.724725,-81.894158
Fatal,40.984884,-81.715646
Property Damage Only,40.878795,-82.108507
Property Damage Only,40.858893,-81.844952
Minor Injury Suspected,40.719633,-81.674352
Property Damage Only,40.915552,-82.108861
Serious Injury Suspected,40.980915,-82.097375
Minor Injury Suspected,40.961116,-82.061838
Minor Injury Suspected,40.990856,-82.029554
Property Damage Only,40.934315,-82.109688
Property Damage Only,40.925951,-81.763408
Minor Injury Suspected,40.895089,-81.655071
Minor Injury Suspected,40.796752,-81.765011
Property Damage Only,40.796345,-81.784963
Property Damage Only,40.710957,-81.745877
Property Damage Only,40.742095,-81.706655
Property Damage Only,40.668091,-82.011036
Property Damage Only,40.946133,-81.673979
Property Damage Only,40.874876,-81.961995
Minor Injury Suspected,40.900819,-82.108619
Property Damage Only,40.913136,-81.793507
Property Damage Only,40.873644,-82.011606
Property Damage Only,40.944896,-81.74361
Property Damage Only,40.800301,-81.7314
Property Damage Only,40.792936,-81.991188
Property Damage Only,40.761751,-81.890952
Serious Injury Suspected,40.93778,-81.749231
Property Damage Only,40.894488,-81.81197
Property Damage Only,40.796577,-81.759682
Property Damage Only,40.878852,-82.108653
Property Damage Only,40.983006,-81.663487
Property Damage Only,40.89332,-81.814358
Property Damage Only,40.727925,-81.7945
Minor Injury Suspected,40.964957,-82.086764
Property Damage Only,40.708479,-82.048109
Property Damage Only,40.982993,-81.687188
Minor Injury Suspected,40.784773,-81.96368
Serious Injury Suspected,40.762338,-81.944282
Minor Injury Suspected,40.859188,-81.842571
Property Damage Only,40.784725,-81.786687
Minor Injury Suspected,40.829837,-81.787268
Property Damage Only,40.872962,-81.763353
Property Damage Only,40.947288,-82.081635
Property Damage Only,40.974262,-82.046882
Property Damage Only,40.748105,-81.923769
Property Damage Only,40.756924,-81.930723
Property Damage Only,40.737714,-81.818121
Property Damage Only,40.797644,-81.668353
Property Damage Only,40.988529,-81.994739
Minor Injury Suspected,40.886189,-81.918247
Property Damage Only,40.762436,-81.985167
Property Damage Only,40.879829,-81.940655
Injury Possible,40.803853,-81.866523
Property Damage Only,40.985033,-82.037087
Minor Injury Suspected,40.916408,-81.869823
Property Damage Only,40.790775,-82.070701
Property Damage Only,40.771182,-81.971961
Property Damage Only,40.7536,-81.77524
Property Damage Only,40.940503,-82.099314
Property Damage Only,40.983714,-82.038625
Property Damage Only,40.9421,-82.09379
Property Damage Only,40.798781,-81.815046
Property Damage Only,40.796826,-81.746218
Property Damage Only,40.74769,-81.834848
Property Damage Only,40.945334,-81.743984
Property Damage Only,40.783108,-81.96626
Serious Injury Suspected,40.965103,-82.118975
Property Damage Only,40.974449,-82.036234
Injury Possible,40.829574,-81.811388
Property Damage Only,40.720196,-81.774781
Serious Injury Suspected,40.916005,-82.108935
Minor Injury Suspected,40.841599,-81.968502
Property Damage Only,40.794112,-81.919893
Property Damage Only,40.693368,-81.751172
Minor Injury Suspected,40.852548,-81.719183
Property Damage Only,40.914757,-81.983794
Property Damage Only,40.946517,-82.084133
Injury Possible,40.934169,-82.111658
Property Damage Only,40.792753,-81.914998
Property Damage Only,40.932712,-82.114647
Property Damage Only,40.939642,-82.109257
Property Damage Only,40.757474,-81.876853
Property Damage Only,40.728009,-81.89583
Property Damage Only,40.972097,-81.661548
Minor Injury Suspected,40.967372,-81.660753
Minor Injury Suspected,40.916727,-81.781918
Property Damage Only,40.808209,-81.820466
Serious Injury Suspected,40.909229,-81.797602
Property Damage Only,40.935252,-82.109928
Property Damage Only,40.900987,-81.934488
Property Damage Only,40.668221,-82.086253
Property Damage Only,40.759439,-81.884363
Property Damage Only,40.915632,-82.080785
Minor Injury Suspected,40.90089,-81.783197
Minor Injury Suspected,40.965576,-81.809783
Property Damage Only,40.736222,-82.032525
Property Damage Only,40.79868,-81.911484
Minor Injury Suspected,40.829957,-81.815449
Property Damage Only,40.794947,-81.982704
Property Damage Only,40.77795,-81.897172
Property Damage Only,40.935996,-81.905262
Property Damage Only,40.8749,-81.840315
Property Damage Only,40.722455,-81.745398
Property Damage Only,40.98833,-82.03338
Serious Injury Suspected,40.942348,-81.657758
Minor Injury Suspected,40.979767,-81.736775
Property Damage Only,40.699473,-81.784474
Property Damage Only,40.848033,-81.703898
Property Damage Only,40.801523,-81.875347
Property Damage Only,40.945148,-81.657713
Minor Injury Suspected,40.960622,-81.659493
Property Damage Only,40.689207,-81.842223
Minor Injury Suspected,40.828539,-81.89678
Property Damage Only,40.901844,-81.803608
Serious Injury Suspected,40.945003,-81.902877
Minor Injury Suspected,40.719662,-81.674445
Property Damage Only,40.944942,-81.743623
Property Damage Only,40.931646,-82.116949
Property Damage Only,40.929991,-82.109001
Property Damage Only,40.916385,-81.863206
Property Damage Only,40.959052,-81.659073
Injury Possible,40.756943,-81.930752
Property Damage Only,40.891882,-81.762995
Property Damage Only,40.934105,-82.109249
Property Damage Only,40.741107,-81.789486
Property Damage Only,40.796664,-81.773236
Property Damage Only,40.770444,-81.973057
Minor Injury Suspected,40.925248,-82.059381
Property Damage Only,40.934312,-82.109222
Property Damage Only,40.950655,-82.074559
Minor Injury Suspected,40.844013,-81.715125
Minor Injury Suspected,40.974381,-82.063522
Property Damage Only,40.872379,-82.053714
Injury Possible,40.901962,-81.803577
Serious Injury Suspected,40.966374,-81.660509
Minor Injury Suspected,40.785805,-82.023016
Property Damage Only,40.828573,-81.784562
Property Damage Only,40.872916,-81.763337
Injury Possible,40.796994,-81.67508
Property Damage Only,40.843722,-81.702933
Property Damage Only,40.967443,-81.753629
Property Damage Only,40.792998,-81.921519
Minor Injury Suspected,40.925458,-81.763385
Minor Injury Suspected,40.792902,-81.982683
Property Damage Only,40.857649,-81.909004
Property Damage Only,40.814417,-81.844085
Minor Injury Suspected,40.716879,-81.943745
Property Damage Only,40.868395,-81.850635
Property Damage Only,40.69647,-81.803475
Property Damage Only,40.698106,-82.104424
Property Damage Only,40.793788,-81.808047
Property Damage Only,40.936132,-82.109445
Property Damage Only,40.991622,-82.110184
Serious Injury Suspected,40.693593,-81.746028
Property Damage Only,40.945845,-81.801577
Minor Injury Suspected,40.709899,-81.793861
Minor Injury Suspected,40.875942,-82.012267
Property Damage Only,40.960598,-81.659498
Minor Injury Suspected,40.681587,-82.025638
Property Damage Only,40.853574,-81.842289
Property Damage Only,40.720959,-81.775186
Minor Injury Suspected,40.797814,-81.844074
Property Damage Only,40.888128,-81.861222
Property Damage Only,40.93083,-82.118454
Property Damage Only,40.805546,-82.068789
Property Damage Only,40.796753,-81.765112
Fatal,40.978056,-81.808247
Property Damage Only,40.939592,-82.099976
Property Damage Only,40.756591,-81.876791
Injury Possible,40.862347,-81.861715
Property Damage Only,40.793055,-81.948019
Property Damage Only,40.796433,-81.75561
Property Damage Only,40.693255,-81.697692
Minor Injury Suspected,40.858096,-81.969198
Property Damage Only,40.696509,-81.849853
Property Damage Only,40.811662,-81.783392
Property Damage Only,40.799638,-81.912397
Property Damage Only,40.831531,-81.784478
Property Damage Only,40.790809,-81.924792
Property Damage Only,40.978823,-82.042871
Property Damage Only,40.98608,-82.036677
Minor Injury Suspected,40.75612,-81.996064
Minor Injury Suspected,40.921162,-81.770388
Property Damage Only,40.902163,-81.762952
Property Damage Only,40.792819,-81.982684
Property Damage Only,40.968924,-81.709405
Injury Possible,40.984285,-82.038309
Minor Injury Suspected,40.743592,-81.829406
Property Damage Only,40.722525,-81.998815
Injury Possible,40.865578,-81.711974
Property Damage Only,40.988399,-81.729836
Minor Injury Suspected,40.727955,-81.895803
Minor Injury Suspected,40.67695,-81.66609
Property Damage Only,40.751367,-81.972845
Property Damage Only,40.828813,-81.957878
Property Damage Only,40.750008,-81.745247
Property Damage Only,40.850307,-81.861523
Serious Injury Suspected,40.911067,-82.005725
Property Damage Only,40.945975,-81.783695
Property Damage Only,40.845524,-81.703427
Property Damage Only,40.943118,-81.659691
Serious Injury Suspected,40.94116,-81.88866
Property Damage Only,40.941915,-81.657541
Property Damage Only,40.933088,-81.653092
Minor Injury Suspected,40.756734,-81.868354
Property Damage Only,40.697212,-81.710382
Property Damage Only,40.950844,-82.074391
Property Damage Only,40.946297,-81.902566
Property Damage Only,40.925274,-82.059524
Injury Possible,40.944979,-81.743611
Property Damage Only,40.809447,-81.845995
Property Damage Only,40.988441,-82.03318
Property Damage Only,40.974283,-82.053975
Property Damage Only,40.89945,-81.86086
Minor Injury Suspected,40.793341,-82.042117
Minor Injury Suspected,40.766928,-81.972747
Injury Possible,40.972483,-82.10939
Injury Possible,40.819608,-81.765226
Minor Injury Suspected,40.809966,-81.844032
Property Damage Only,40.675206,-81.817866
Minor Injury Suspected,40.763106,-81.734969
Property Damage Only,40.845356,-82.100559
Minor Injury Suspected,40.798202,-81.894357
Serious Injury Suspected,40.836982,-81.808872
Property Damage Only,40.963489,-81.71804
Minor Injury Suspected,40.987929,-81.753621
Property Damage Only,40.766765,-81.962911
Property Damage Only,40.856554,-81.64787
Property Damage Only,40.961168,-82.061143
Minor Injury Suspected,40.870648,-81.921696
Property Damage Only,40.89,-81.817611
Property Damage Only,40.945749,-81.878657
Minor Injury Suspected,40.904843,-81.801195
Property Damage Only,40.791362,-81.923344
Property Damage Only,40.801376,-82.008443
Property Damage Only,40.950046,-81.740221
Injury Possible,40.950884,-81.956954
Minor Injury Suspected,40.796734,-81.766092
Minor Injury Suspected,40.692132,-81.704246
Property Damage Only,40.857988,-81.993496
Minor Injury Suspected,40.748336,-81.726166
Property Damage Only,40.894933,-81.655025
Property Damage Only,40.988716,-81.985139
Minor Injury Suspected,40.914449,-82.011615
Property Damage Only,40.862587,-81.923318
Minor Injury Suspected,40.91664,-81.782243
Property Damage Only,40.805788,-81.860361
Property Damage Only,40.684028,-81.84226
Property Damage Only,40.836354,-81.664175
Property Damage Only,40.971337,-81.660931
Property Damage Only,40.932612,-82.114748
Minor Injury Suspected,40.92842,-82.12089
Property Damage Only,40.986705,-82.036965
Property Damage Only,40.858015,-81.896468
Minor Injury Suspected,40.71193,-81.945027
Property Damage Only,40.747192,-81.833881
Minor Injury Suspected,40.695269,-81.930198
Property Damage Only,40.799586,-81.909375
Minor Injury Suspected,40.795432,-81.7884
Property Damage Only,40.894556,-81.953133
Property Damage Only,40.927747,-82.081535
Property Damage Only,40.934234,-82.112238
Minor Injury Suspected,40.726696,-82.049484
Injury Possible,40.921679,-81.769662
Property Damage Only,40.67533,-81.813254
Property Damage Only,40.970657,-81.730131
Property Damage Only,40.899298,-81.673008
Property Damage Only,40.936371,-81.750593
Property Damage Only,40.952767,-82.071202
Property Damage Only,40.764421,-82.081834
Property Damage Only,40.858034,-81.969352
Fatal,40.753336,-81.979728
Property Damage Only,40.976942,-82.044524
Injury Possible,40.988658,-81.688524
Injury Possible,40.816636,-81.843763
Property Damage Only,40.814776,-81.809278
Injury Possible,40.79594,-81.891243
Injury Possible,40.693435,-81.658564
Property Damage Only,40.921324,-82.128204
Minor Injury Suspected,40.968227,-81.710013
Serious Injury Suspected,40.789535,-81.648299
Property Damage Only,40.914816,-82.012627
Property Damage Only,40.794846,-81.789898
Property Damage Only,40.945035,-81.744139
Property Damage Only,40.796268,-81.885332
Minor Injury Suspected,40.739966,-82.066922
Property Damage Only,40.770738,-81.721988
Minor Injury Suspected,40.79876,-81.911313
Property Damage Only,40.944466,-81.946157
Property Damage Only,40.859151,-81.796456
Property Damage Only,40.847824,-82.057018
Minor Injury Suspected,40.828638,-81.699878
Minor Injury Suspected,40.797339,-81.844034
Injury Possible,40.828141,-81.699871
Injury Possible,40.948288,-81.901937
Property Damage Only,40.741198,-81.745337
Serious Injury Suspected,40.915359,-81.95515
Property Damage Only,40.944584,-81.946252
Property Damage Only,40.76768,-82.023458
Property Damage Only,40.931362,-81.756552
Property Damage Only,40.871208,-81.842302
Minor Injury Suspected,40.734367,-81.81935
Injury Possible,40.982799,-82.059017
Property Damage Only,40.855227,-81.870576
Property Damage Only,40.845918,-82.053704
Property Damage Only,40.794966,-81.911927
Injury Possible,40.845259,-81.973354
Property Damage Only,40.668371,-82.052877
Property Damage Only,40.950671,-81.90132
Injury Possible,40.946783,-81.742909
Injury Possible,40.75655,-81.860489
Property Damage Only,40.871521,-81.921153
Property Damage Only,40.858224,-81.938691
Property Damage Only,40.84401,-81.724469
Property Damage Only,40.938098,-81.675075
Property Damage Only,40.812852,-81.648054
Property Damage Only,40.960048,-81.659485
Property Damage Only,40.869651,-81.849128
Property Damage Only,40.957648,-81.733559
Property Damage Only,40.916609,-81.782377
Minor Injury Suspected,40.878649,-82.10844
Property Damage Only,40.874698,-81.841079
Property Damage Only,40.974417,-82.054966
Minor Injury Suspected,40.90295,-81.913875
Injury Possible,40.888475,-81.751596
Property Damage Only,40.971582,-82.049529
Property Damage Only,40.858026,-82.040951
Serious Injury Suspected,40.843542,-81.87646
Property Damage Only,40.756516,-81.8606
Minor Injury Suspected,40.797065,-81.674063
Property Damage Only,40.807795,-81.96007
Property Damage Only,40.6881,-81.7082
Injury Possible,40.678626,-81.722326
Property Damage Only,40.935302,-82.110528
Minor Injury Suspected,40.972373,-82.109472
Property Damage Only,40.796869,-81.765398
Property Damage Only,40.796207,-81.75524
Property Damage Only,40.931239,-81.794648
Minor Injury Suspected,40.968631,-81.709695
Property Damage Only,40.944949,-81.932735
Property Damage Only,40.675179,-81.745849
Property Damage Only,40.857905,-82.010666
Serious Injury Suspected,40.901755,-81.841787
Property Damage Only,40.928422,-81.888444
Property Damage Only,40.928422,-81.888444
Property Damage Only,40.844152,-81.745943
Injury Possible,40.793826,-81.766098
Minor Injury Suspected,40.915604,-82.052205
Property Damage Only,40.796246,-81.6781
Injury Possible,40.756192,-81.85747
Property Damage Only,40.719295,-81.951094
Property Damage Only,40.829892,-81.815268
Injury Possible,40.921513,-81.667081
Property Damage Only,40.822049,-81.766655
Property Damage Only,40.674264,-81.869337
Injury Possible,40.687477,-81.924459
Serious Injury Suspected,40.844322,-81.803421
Property Damage Only,40.945411,-81.903016
Property Damage Only,40.797761,-81.877264
Minor Injury Suspected,40.689044,-81.878385
Minor Injury Suspected,40.951627,-81.739378
Property Damage Only,40.916345,-81.782717
Injury Possible,40.988544,-81.706005
Property Damage Only,40.779531,-81.969114
Minor Injury Suspected,40.878791,-82.108513
Property Damage Only,40.796464,-81.775081
Property Damage Only,40.796424,-81.825605
Property Damage Only,40.757431,-81.930896
Minor Injury Suspected,40.863861,-81.94478
Property Damage Only,40.793089,-81.981254
Minor Injury Suspected,40.979668,-81.736759
Minor Injury Suspected,40.988751,-81.688421
Property Damage Only,40.954506,-81.994418
Minor Injury Suspected,40.798754,-81.698635
Property Damage Only,40.70432,-81.69996
Property Damage Only,40.829745,-81.822997
Property Damage Only,40.79692,-81.678176
Property Damage Only,40.784555,-82.103914
Serious Injury Suspected,40.973824,-81.981515
Property Damage Only,40.798176,-81.910577
Injury Possible,40.945361,-81.902864
Minor Injury Suspected,40.843989,-81.703219
Minor Injury Suspected,40.703591,-82.016209
Property Damage Only,40.955444,-81.736475
Property Damage Only,40.761803,-81.775192
Injury Possible,40.980025,-82.041804
Property Damage Only,40.983609,-82.03856
Property Damage Only,40.756577,-81.861119
Property Damage Only,40.689083,-82.097869
Property Damage Only,40.988571,-81.729871
Property Damage Only,40.951977,-81.739489
Property Damage Only,40.768569,-81.697346
Property Damage Only,40.74124,-81.754474
Minor Injury Suspected,40.75514,-81.978181
Property Damage Only,40.944675,-81.935823
Minor Injury Suspected,40.978694,-81.761788
Property Damage Only,40.797156,-81.746359
Property Damage Only,40.945345,-81.899215
Property Damage Only,40.97471,-81.94619
Property Damage Only,40.988556,-81.677793
Property Damage Only,40.723169,-82.055549
Property Damage Only,40.943424,-81.993941
Property Damage Only,40.874017,-81.842319
Property Damage Only,40.959729,-81.931994
Property Damage Only,40.722392,-81.999248
Minor Injury Suspected,40.829907,-81.817806
Minor Injury Suspected,40.799429,-81.982711
Property Damage Only,40.712586,-81.944842
Property Damage Only,40.98814,-81.66348
Minor Injury Suspected,40.934242,-82.109156
Property Damage Only,40.790324,-81.954819
Minor Injury Suspected,40.799147,-81.765393
Serious Injury Suspected,40.814408,-81.668123
Property Damage Only,40.816681,-82.04399
Minor Injury Suspected,40.712057,-81.831375
Property Damage Only,40.7973,-81.745785
Property Damage Only,40.973731,-81.979972
Injury Possible,40.930913,-81.783611
Property Damage Only,40.784519,-82.105229
Property Damage Only,40.979493,-81.761025
Property Damage Only,40.932791,-81.65259
Minor Injury Suspected,40.792754,-81.80648
Property Damage Only,40.916733,-81.777902
Minor Injury Suspected,40.728501,-81.896024
Property Damage Only,40.94871,-82.079457
Property Damage Only,40.76806,-81.843714
Property Damage Only,40.79247,-81.64984
Property Damage Only,40.967193,-82.054224
Property Damage Only,40.95515,-81.736861
Property Damage Only,40.978991,-81.736902
Property Damage Only,40.955911,-81.736171
Injury Possible,40.955638,-81.736219
Property Damage Only,40.792953,-81.913867
Property Damage Only,40.795367,-81.912054
Injury Possible,40.874055,-81.842406
Minor Injury Suspected,40.858187,-81.975061
Property Damage Only,40.797312,-81.91585
Property Damage Only,40.98194,-81.996473
Minor Injury Suspected,40.821438,-81.842758
Minor Injury Suspected,40.741038,-81.791416
Injury Possible,40.966256,-81.711731
Fatal,40.814607,-81.835015
Minor Injury Suspected,40.900997,-81.975977
Property Damage Only,40.797356,-81.667801
Property Damage Only,40.917322,-81.780394
Property Damage Only,40.774977,-81.929786
Serious Injury Suspected,40.820123,-81.934003
Serious Injury Suspected,40.724514,-81.784703
Serious Injury Suspected,40.714861,-81.755938
Property Damage Only,40.931377,-81.811606
Injury Possible,40.755862,-81.762749
Serious Injury Suspected,40.894436,-81.934834
Property Damage Only,40.869834,-81.677967
Property Damage Only,40.792779,-81.777712
Property Damage Only,40.796686,-81.763606
Serious Injury Suspected,40.915643,-82.080864
Property Damage Only,40.93657,-82.10669
Property Damage Only,40.858125,-82.071163
Minor Injury Suspected,40.931107,-81.756662
Serious Injury Suspected,40.782266,-81.7676
Property Damage Only,40.987326,-82.035172
Property Damage Only,40.92327,-82.12667
Property Damage Only,40.785699,-82.092271
Property Damage Only,40.694235,-81.702325
Property Damage Only,40.676486,-81.87031
Minor Injury Suspected,40.8075,-82.1008
Minor Injury Suspected,40.723042,-81.943978
Property Damage Only,40.680472,-82.022286
Injury Possible,40.85889,-81.842739
Property Damage Only,40.676613,-82.084841
Minor Injury Suspected,40.743704,-82.018666
Injury Possible,40.797007,-81.678322
Minor Injury Suspected,40.915685,-81.789934
Property Damage Only,40.94471,-81.700363
Property Damage Only,40.755372,-81.844073
Property Damage Only,40.731988,-81.944191
Injury Possible,40.819149,-81.699865
Minor Injury Suspected,40.713331,-82.07907
Minor Injury Suspected,40.962941,-81.719061
Serious Injury Suspected,40.797365,-81.914357
Property Damage Only,40.758962,-81.745175
Minor Injury Suspected,40.965714,-81.822013
Property Damage Only,40.924109,-81.707309
Serious Injury Suspected,40.874633,-81.842449
Property Damage Only,40.816415,-82.112724
Property Damage Only,40.981792,-82.035295
Minor Injury Suspected,40.897507,-81.783059
Property Damage Only,40.777524,-81.668273
Minor Injury Suspected,40.892652,-81.814993
Serious Injury Suspected,40.945042,-81.99396
Property Damage Only,40.984135,-82.038458
Minor Injury Suspected,40.93612,-82.10923
Minor Injury Suspected,40.927093,-82.109032
Property Damage Only,40.899888,-81.69876
Injury Possible,40.719525,-81.674399
Property Damage Only,40.790039,-82.072313
Property Damage Only,40.831451,-81.743284
Minor Injury Suspected,40.821937,-81.764676
Minor Injury Suspected,40.711041,-81.746176
Injury Possible,40.951925,-82.022015
Serious Injury Suspected,40.902175,-81.762859
Property Damage Only,40.681511,-82.022134
Minor Injury Suspected,40.797175,-81.746817
Property Damage Only,40.94437,-81.662916
Injury Possible,40.71979,-81.674392
Property Damage Only,40.796304,-81.784929
Property Damage Only,40.849172,-81.878529
Property Damage Only,40.762933,-81.690423
Property Damage Only,40.811771,-81.783067
Property Damage Only,40.926429,-81.762317
Property Damage Only,40.933344,-81.653084
Minor Injury Suspected,40.945332,-81.902796
Minor Injury Suspected,40.800757,-81.726156
Property Damage Only,40.694233,-81.702331
Property Damage Only,40.987094,-81.663403
Property Damage Only,40.797354,-81.668472
Property Damage Only,40.784132,-81.648197
Property Damage Only,40.794714,-81.919294
Minor Injury Suspected,40.88811,-81.7631
Property Damage Only,40.746252,-81.859882
Property Damage Only,40.785242,-82.091429
Minor Injury Suspected,40.75554,-81.707301
Property Damage Only,40.756434,-81.863906
Property Damage Only,40.759322,-81.975919
Minor Injury Suspected,40.954241,-81.994443
Property Damage Only,40.824275,-81.764982
Minor Injury Suspected,40.80502,-82.01336
Property Damage Only,40.805007,-82.013366
Property Damage Only,40.949495,-81.783477
Property Damage Only,40.936829,-81.905194
Minor Injury Suspected,40.822213,-81.774605
Minor Injury Suspected,40.803046,-81.869976
Property Damage Only,40.728722,-81.695934
Property Damage Only,40.895426,-81.934584
Property Damage Only,40.888236,-81.783461
Property Damage Only,40.916454,-81.855537
Minor Injury Suspected,40.724932,-82.052554
Minor Injury Suspected,40.676307,-81.870955
Injury Possible,40.982328,-81.866011
Property Damage Only,40.80912,-81.844147
Minor Injury Suspected,40.922306,-81.956317
Serious Injury Suspected,40.67025,-81.784116
Fatal,40.923388,-81.782768
Property Damage Only,40.86897,-81.763492
Injury Possible,40.795575,-81.904442
Property Damage Only,40.873959,-81.842331
Injury Possible,40.777168,-81.93056
Property Damage Only,40.726884,-81.973091
Minor Injury Suspected,40.859617,-82.073819
Minor Injury Suspected,40.771577,-81.972554
Property Damage Only,40.944368,-81.956744
Property Damage Only,40.944421,-81.956682
Minor Injury Suspected,40.748111,-81.877089
Property Damage Only,40.90194,-81.803943
Property Damage Only,40.822137,-81.724686
Property Damage Only,40.872558,-82.073921
Property Damage Only,40.9656,-82.121683
Injury Possible,40.930103,-81.932336
Minor Injury Suspected,40.677358,-81.949348
Property Damage Only,40.794215,-81.919172
Property Damage Only,40.949931,-82.076445
Serious Injury Suspected,40.974316,-82.023533
Minor Injury Suspected,40.810437,-81.844125
Minor Injury Suspected,40.711824,-81.78505
Property Damage Only,40.829555,-81.845177
Minor Injury Suspected,40.797342,-81.74578
Property Damage Only,40.901906,-81.802585
Property Damage Only,40.844214,-81.80394
Property Damage Only,40.74125,-82.024009
Property Damage Only,40.914524,-81.79151
Minor Injury Suspected,40.67537,-81.803951
Minor Injury Suspected,40.797167,-81.746957
Property Damage Only,40.770914,-81.913928
Property Damage Only,40.935443,-81.990958
Property Damage Only,40.796765,-81.675632
Property Damage Only,40.798687,-81.86824
Minor Injury Suspected,40.916488,-81.975023
Property Damage Only,40.92407,-81.708518
Minor Injury Suspected,40.940053,-81.904001
Property Damage Only,40.942757,-82.092469
Property Damage Only,40.777394,-81.755017
Property Damage Only,40.865233,-81.945342
Serious Injury Suspected,40.821216,-81.765153
Property Damage Only,40.794551,-81.982677
Minor Injury Suspected,40.744799,-81.944314
Minor Injury Suspected,40.989087,-81.994875
Property Damage Only,40.930166,-82.081969
Property Damage Only,40.904736,-81.647917
Property Damage Only,40.904736,-81.647917
Property Damage Only,40.904736,-81.647917
Property Damage Only,40.910713,-81.648243
Minor Injury Suspected,40.77259,-81.972286
Minor Injury Suspected,40.811854,-81.844167
Property Damage Only,40.777914,-81.944027
Property Damage Only,40.938461,-82.081455
Property Damage Only,40.756124,-81.876869
Serious Injury Suspected,40.815772,-81.765452
Minor Injury Suspected,40.808909,-81.844024
Injury Possible,40.796574,-81.766324
Minor Injury Suspected,40.929185,-81.759024
Property Damage Only,40.874098,-81.841995
Property Damage Only,40.792942,-81.982584
Injury Possible,40.689058,-81.878515
Property Damage Only,40.888576,-81.819502
Property Damage Only,40.718884,-81.944249
Property Damage Only,40.824624,-82.063843
Injury Possible,40.710974,-81.697453
Property Damage Only,40.710311,-81.746015
Property Damage Only,40.858723,-81.812888
Property Damage Only,40.858073,-81.890015
Property Damage Only,40.801691,-82.03227
Serious Injury Suspected,40.802477,-82.009272
Minor Injury Suspected,40.797302,-81.668786
Property Damage Only,40.836483,-81.701658
Minor Injury Suspected,40.797771,-81.846931
Property Damage Only,40.792607,-81.988363
Property Damage Only,40.842659,-81.890381
Property Damage Only,40.793145,-81.992236
Injury Possible,40.873899,-81.842401
Property Damage Only,40.867596,-81.922129
Property Damage Only,40.903697,-81.914078
Property Damage Only,40.991426,-82.097043
Property Damage Only,40.987708,-81.967854
Property Damage Only,40.828806,-81.962987
Minor Injury Suspected,40.968514,-81.660952
Property Damage Only,40.796702,-81.757456
Minor Injury Suspected,40.925867,-82.052267
Property Damage Only,40.942459,-81.657879
Property Damage Only,40.822339,-81.784232
Property Damage Only,40.795828,-81.694081
Property Damage Only,40.802696,-82.013114
Property Damage Only,40.802511,-82.008763
Minor Injury Suspected,40.778358,-81.745342
Property Damage Only,40.893816,-81.916468
Property Damage Only,40.795636,-81.905412
Minor Injury Suspected,40.703083,-81.651541
Property Damage Only,40.814515,-81.728714
Minor Injury Suspected,40.873815,-81.723103
Property Damage Only,40.767161,-81.697678
Property Damage Only,40.679986,-81.817752
Minor Injury Suspected,40.960252,-81.738754
Property Damage Only,40.80288,-82.001336
Property Damage Only,40.795166,-82.051751
Property Damage Only,40.986795,-81.994896
Property Damage Only,40.797161,-81.746347
Minor Injury Suspected,40.91554,-82.081173
Property Damage Only,40.701239,-81.95039
Property Damage Only,40.79711,-81.91481
Property Damage Only,40.711354,-81.677023
Minor Injury Suspected,40.674516,-81.729615
Property Damage Only,40.988379,-81.731941
Property Damage Only,40.87378,-81.842373
Property Damage Only,40.828471,-81.874305
Property Damage Only,40.95263,-82.071536
Property Damage Only,40.937406,-82.103859
Property Damage Only,40.901827,-81.803796
Property Damage Only,40.901623,-81.727848
Injury Possible,40.963487,-81.718084
Minor Injury Suspected,40.730469,-81.908075
Minor Injury Suspected,40.784483,-81.900855
Minor Injury Suspected,40.761586,-81.986858
Injury Possible,40.87276,-81.706583
Property Damage Only,40.988427,-81.689541
Property Damage Only,40.972329,-82.04889
Minor Injury Suspected,40.721834,-81.74586
Property Damage Only,40.815125,-81.765263
Property Damage Only,40.811269,-81.980311
Property Damage Only,40.814705,-81.803588
Minor Injury Suspected,40.879792,-81.897469
Property Damage Only,40.694621,-81.703211
Minor Injury Suspected,40.700179,-81.700631
Property Damage Only,40.945403,-81.743873
Minor Injury Suspected,40.707603,-81.682983
Property Damage Only,40.924746,-81.764731
Injury Possible,40.693384,-81.754021
Minor Injury Suspected,40.724586,-82.053259
Property Damage Only,40.96448,-81.80235
Property Damage Only,40.817376,-81.774877
Minor Injury Suspected,40.94234,-81.657633
Property Damage Only,40.91823,-81.782262
Injury Possible,40.767365,-81.978473
Minor Injury Suspected,40.982357,-81.859023
Minor Injury Suspected,40.796383,-81.678258
Minor Injury Suspected,40.889986,-81.783389
Injury Possible,40.944975,-81.744221
Property Damage Only,40.888843,-81.803285
Property Damage Only,40.694383,-81.702812
Minor Injury Suspected,40.857849,-81.982849
Minor Injury Suspected,40.844316,-81.803942
Property Damage Only,40.93431,-82.109447
Property Damage Only,40.69437,-81.8124
Property Damage Only,40.676627,-81.870491
Property Damage Only,40.873859,-81.842274
Minor Injury Suspected,40.858884,-81.842517
Property Damage Only,40.727813,-81.995518
Minor Injury Suspected,40.797477,-81.844079
Property Damage Only,40.916845,-81.766521
Property Damage Only,40.776963,-81.843909
Property Damage Only,40.888087,-81.861162
Property Damage Only,40.702326,-81.658862
Property Damage Only,40.858314,-81.982995
Property Damage Only,40.865705,-81.956442
Property Damage Only,40.878735,-82.108488
Minor Injury Suspected,40.862271,-81.897435
Property Damage Only,40.802792,-81.820745
Injury Possible,40.943816,-81.743604
Property Damage Only,40.93729,-82.10355
Fatal,40.960273,-81.937762
Property Damage Only,40.922137,-82.081392
Property Damage Only,40.79562,-81.90999
Property Damage Only,40.800508,-81.990494
Minor Injury Suspected,40.725687,-81.665972
Injury Possible,40.942615,-81.658097
Property Damage Only,40.829999,-81.815455
Minor Injury Suspected,40.825155,-81.700487
Property Damage Only,40.901494,-81.702356
Property Damage Only,40.729851,-81.790102
Minor Injury Suspected,40.874029,-81.842278
Property Damage Only,40.682871,-82.126052
Minor Injury Suspected,40.857757,-82.00265
Minor Injury Suspected,40.974583,-82.011192
Property Damage Only,40.945807,-81.802017
Serious Injury Suspected,40.987475,-81.680678
Property Damage Only,40.744566,-81.744993
Minor Injury Suspected,40.754121,-81.842233
Property Damage Only,40.940043,-82.100009
Property Damage Only,40.942196,-82.093889
Injury Possible,40.797731,-81.660806
Property Damage Only,40.923298,-81.763261
Property Damage Only,40.923271,-81.763249
Property Damage Only,40.988567,-81.69022
Minor Injury Suspected,40.940339,-82.099801
Property Damage Only,40.737278,-82.030555
Property Damage Only,40.725333,-81.786663
Property Damage Only,40.798146,-81.657986
Property Damage Only,40.709493,-81.697688
Property Damage Only,40.798901,-81.902362
Property Damage Only,40.948651,-82.078262
Property Damage Only,40.792977,-81.962403
Property Damage Only,40.763652,-81.931538
Minor Injury Suspected,40.900947,-82.038346
Injury Possible,40.72775,-81.895632
Minor Injury Suspected,40.923118,-81.908664
Serious Injury Suspected,40.685419,-81.923568
Property Damage Only,40.825228,-81.764278
Minor Injury Suspected,40.87706,-81.83726
Minor Injury Suspected,40.79429,-81.808956
Property Damage Only,40.79514,-81.69256
Property Damage Only,40.900883,-82.108942
Minor Injury Suspected,40.822331,-81.724261
Property Damage Only,40.898736,-81.673765
Property Damage Only,40.728155,-81.895886
Minor Injury Suspected,40.873852,-81.842436
Minor Injury Suspected,40.916745,-81.748665
Minor Injury Suspected,40.94554,-81.783281
Property Damage Only,40.793003,-81.970595
Property Damage Only,40.933913,-81.905957
Injury Possible,40.842769,-82.048548
Minor Injury Suspected,40.898365,-81.67831
Minor Injury Suspected,40.763712,-81.896036
Property Damage Only,40.945912,-82.084692
Property Damage Only,40.872742,-81.705918
Property Damage Only,40.9022,-81.76562
Property Damage Only,40.982403,-82.064697
Property Damage Only,40.822423,-81.784401
Injury Possible,40.807713,-81.793371
Property Damage Only,40.934954,-81.75171
Property Damage Only,40.808936,-81.696246
Property Damage Only,40.931297,-81.756524
Property Damage Only,40.952305,-81.864505
Property Damage Only,40.903581,-81.913186
Minor Injury Suspected,40.822195,-81.779613
Property Damage Only,40.828549,-81.89452
Property Damage Only,40.937401,-82.109377
Property Damage Only,40.706646,-81.707109
Injury Possible,40.98805,-81.663377
Property Damage Only,40.886884,-81.763213
Serious Injury Suspected,40.751516,-81.648388
Minor Injury Suspected,40.945203,-81.744204
Minor Injury Suspected,40.873038,-81.706005
Property Damage Only,40.795917,-81.894108
Property Damage Only,40.858955,-81.842805
Property Damage Only,40.843047,-81.890931
Property Damage Only,40.959941,-81.659392
Property Damage Only,40.879958,-81.964666
Serious Injury Suspected,40.668308,-82.072967
Property Damage Only,40.873671,-81.842246
Property Damage Only,40.680736,-81.670364
Property Damage Only,40.784651,-82.100671
Minor Injury Suspected,40.797051,-81.746283
Serious Injury Suspected,40.824808,-81.700493
Property Damage Only,40.7455,-81.984284
Property Damage Only,40.828819,-81.962554
Property Damage Only,40.963537,-81.718143
Property Damage Only,40.981368,-81.73557
Property Damage Only,40.915062,-81.974988
Property Damage Only,40.797502,-81.665194
Property Damage Only,40.844275,-81.798998
Property Damage Only,40.919994,-81.648325
Property Damage Only,40.72472,-81.66724
Property Damage Only,40.928058,-82.121855
Property Damage Only,40.92294,-82.127499
Injury Possible,40.821954,-81.765069
Injury Possible,40.88598,-81.822767
Property Damage Only,40.842531,-81.877786
Property Damage Only,40.797731,-82.040351
Property Damage Only,40.838161,-81.929453
Property Damage Only,40.858145,-81.974246
Property Damage Only,40.798954,-81.865031
Minor Injury Suspected,40.800479,-81.722469
Property Damage Only,40.989121,-81.664124
Injury Possible,40.910118,-81.796853
Property Damage Only,40.961587,-82.109638
Fatal,40.974427,-82.018546
Minor Injury Suspected,40.942097,-81.657468
Minor Injury Suspected,40.874089,-81.84232
Property Damage Only,40.780727,-81.844019
Serious Injury Suspected,40.724561,-82.053187
Property Damage Only,40.967707,-82.054263
Serious Injury Suspected,40.872636,-81.706265
Property Damage Only,40.945886,-81.763639
Property Damage Only,40.788122,-81.93985
Serious Injury Suspected,40.840339,-81.842452
Property Damage Only,40.693663,-81.699672
Minor Injury Suspected,40.826321,-82.100531
Property Damage Only,40.972418,-82.049335
Property Damage Only,40.939686,-82.109232
Property Damage Only,40.874992,-81.840281
Property Damage Only,40.873921,-81.842132
Property Damage Only,40.797722,-81.664626
Serious Injury Suspected,40.845733,-81.975833
Property Damage Only,40.754037,-82.114011
Injury Possible,40.923796,-81.985806
Property Damage Only,40.876739,-81.920139
Property Damage Only,40.739908,-82.025621
Property Damage Only,40.857886,-82.01033
Property Damage Only,40.679896,-81.952237
Minor Injury Suspected,40.809776,-81.837346
Property Damage Only,40.943962,-82.116538
Property Damage Only,40.898349,-81.674739
Minor Injury Suspected,40.802025,-81.844114
Minor Injury Suspected,40.93342,-82.114193
Injury Possible,40.858191,-82.010766
Property Damage Only,40.892928,-81.91661
Property Damage Only,40.982446,-82.040248
Property Damage Only,40.973708,-81.97917
Injury Possible,40.711944,-81.842666
Injury Possible,40.740459,-81.696579
Property Damage Only,40.945296,-81.910665
Injury Possible,40.689305,-81.842232
Property Damage Only,40.697094,-81.709658
Minor Injury Suspected,40.892698,-81.815199
Property Damage Only,40.796387,-81.756603
Property Damage Only,40.799179,-81.685216
Minor Injury Suspected,40.795608,-81.905422
Property Damage Only,40.775036,-82.117413
Property Damage Only,40.804679,-81.865162
Property Damage Only,40.873614,-81.842401
Property Damage Only,40.746717,-81.929542
Property Damage Only,40.945919,-81.862221
Minor Injury Suspected,40.87363,-81.823034
Property Damage Only,40.967937,-81.709389
Property Damage Only,40.98787,-81.970128
Fatal,40.79642,-81.755861
Property Damage Only,40.723712,-81.744892
Minor Injury Suspected,40.962379,-81.7155
Property Damage Only,40.817578,-82.099291
Property Damage Only,40.809021,-81.97865
Property Damage Only,40.800205,-81.88108
Minor Injury Suspected,40.924129,-81.708168
Injury Possible,40.929109,-82.038489
Property Damage Only,40.955309,-81.994577
Property Damage Only,40.796924,-81.76775
Property Damage Only,40.916769,-81.778082
Property Damage Only,40.873902,-81.748895
Property Damage Only,40.726239,-81.861716
Minor Injury Suspected,40.796615,-81.767611
Minor Injury Suspected,40.857928,-81.877921
Property Damage Only,40.791868,-81.923305
Property Damage Only,40.941965,-81.657545
Property Damage Only,40.737773,-81.818021
Injury Possible,40.799623,-81.711695
Property Damage Only,40.778951,-81.913999
Property Damage Only,40.82906,-81.858322
Property Damage Only,40.942178,-82.006148
Property Damage Only,40.946145,-81.764266
Minor Injury Suspected,40.689125,-81.878385
Fatal,40.689032,-81.878684
Property Damage Only,40.676035,-81.726684
Property Damage Only,40.87968,-81.783682
Property Damage Only,40.755667,-81.754843
Minor Injury Suspected,40.734983,-82.062511
Property Damage Only,40.913144,-82.108776
Property Damage Only,40.752025,-81.929818
Property Damage Only,40.944902,-81.975926
Minor Injury Suspected,40.881861,-81.919127
Property Damage Only,40.988527,-81.694605
Property Damage Only,40.80456,-81.864851
Property Damage Only,40.894217,-81.916242
Property Damage Only,40.79722,-81.77995
Property Damage Only,40.90353,-81.925656
Minor Injury Suspected,40.973271,-81.743497
Property Damage Only,40.942805,-81.657595
Injury Possible,40.712626,-81.676258
Property Damage Only,40.888499,-81.706266
Property Damage Only,40.988551,-81.688364
Minor Injury Suspected,40.95424,-82.069969
Property Damage Only,40.755612,-81.745107
Minor Injury Suspected,40.797237,-81.746389
Property Damage Only,40.941969,-81.65694
Property Damage Only,40.892056,-81.878097
Minor Injury Suspected,40.886156,-81.969237
Property Damage Only,40.727487,-82.008231
Property Damage Only,40.682578,-81.67195
Minor Injury Suspected,40.79707,-81.675064
Property Damage Only,40.895642,-81.915494
Serious Injury Suspected,40.70216,-81.842498
Property Damage Only,40.888647,-81.803381
Property Damage Only,40.824906,-81.700509
Property Damage Only,40.795972,-81.811444
Injury Possible,40.865756,-81.873461
Minor Injury Suspected,40.973958,-81.957903
Property Damage Only,40.944737,-81.978287
Property Damage Only,40.942159,-82.094076
Injury Possible,40.952352,-82.072296
Minor Injury Suspected,40.952815,-81.957068
Property Damage Only,40.802977,-81.984243
Property Damage Only,40.945435,-81.763621
Minor Injury Suspected,40.722592,-81.998718
Serious Injury Suspected,40.736098,-81.824105
Property Damage Only,40.755782,-81.79662
Property Damage Only,40.864976,-81.842554
Property Damage Only,40.84024,-81.84248
Property Damage Only,40.893759,-81.916579
Property Damage Only,40.945767,-81.866914
Property Damage Only,40.802763,-82.009639
Property Damage Only,40.755874,-81.745442
Property Damage Only,40.942763,-82.092477
Property Damage Only,40.937285,-82.10413
Property Damage Only,40.798718,-81.911255
Property Damage Only,40.836439,-81.69239
Property Damage Only,40.929601,-82.119856
Property Damage Only,40.74819,-81.928773
Property Damage Only,40.919671,-82.108982
Property Damage Only,40.909978,-81.912099
Property Damage Only,40.952588,-81.715103
Property Damage Only,40.749104,-82.008996
Property Damage Only,40.713983,-82.006151
Minor Injury Suspected,40.839489,-82.099743
Property Damage Only,40.969471,-82.113566
Minor Injury Suspected,40.924946,-81.763483
Property Damage Only,40.963403,-81.717898
Injury Possible,40.748656,-81.691555
Property Damage Only,40.706513,-82.091127
Property Damage Only,40.812294,-81.84443
Serious Injury Suspected,40.807016,-81.812359
Property Damage Only,40.699827,-82.018261
Property Damage Only,40.739745,-81.988124
Minor Injury Suspected,40.783456,-81.74532
Minor Injury Suspected,40.667721,-81.971081
Property Damage Only,40.784249,-82.124009
Property Damage Only,40.689097,-81.687608
Property Damage Only,40.770518,-81.913348
Property Damage Only,40.757795,-82.117794
Minor Injury Suspected,40.763628,-81.931511
Injury Possible,40.796395,-81.882963
Property Damage Only,40.778024,-81.745703
Property Damage Only,40.914177,-81.763124
Property Damage Only,40.70678,-81.784383
Minor Injury Suspected,40.79694,-81.76784
Injury Possible,40.797041,-81.675603
Property Damage Only,40.951138,-81.783458
Property Damage Only,40.789384,-82.075612
Property Damage Only,40.879661,-81.922833
Property Damage Only,40.820818,-82.009003
Injury Possible,40.990502,-82.110011
Property Damage Only,40.698477,-81.950914
Property Damage Only,40.805416,-82.013336
Property Damage Only,40.967411,-82.054548
Property Damage Only,40.822019,-81.754607
Property Damage Only,40.945834,-81.76333
Property Damage Only,40.988579,-81.688329
Minor Injury Suspected,40.960209,-81.848385
Property Damage Only,40.697249,-81.684601
Minor Injury Suspected,40.784396,-81.692604
Property Damage Only,40.800787,-81.725998
Serious Injury Suspected,40.70888,-82.048073
Minor Injury Suspected,40.975343,-82.045999
Property Damage Only,40.795604,-81.904677
Minor Injury Suspected,40.795747,-81.898097
Property Damage Only,40.945872,-81.798992
Minor Injury Suspected,40.733497,-81.674331
Property Damage Only,40.674955,-81.847798
Property Damage Only,40.947992,-81.956849
Minor Injury Suspected,40.916924,-82.108843
Property Damage Only,40.799653,-81.73474
Minor Injury Suspected,40.796804,-81.830188
Property Damage Only,40.771263,-81.972053
Property Damage Only,40.764313,-81.745251
Injury Possible,40.972902,-82.109077
Property Damage Only,40.901904,-81.804044
Property Damage Only,40.88347,-81.842175
Property Damage Only,40.681386,-82.022748
Property Damage Only,40.918097,-81.775699
Minor Injury Suspected,40.731234,-81.92729
Serious Injury Suspected,40.687321,-81.924331
Property Damage Only,40.97844,-81.824269
Property Damage Only,40.960461,-81.780417
Property Damage Only,40.95826,-81.76576
Property Damage Only,40.96713,-81.78552
Property Damage Only,40.95561,-81.77339
Injury Possible,40.97531,-81.79141
Minor Injury Suspected,40.928269,-82.067748
Property Damage Only,40.960181,-81.657762
Property Damage Only,40.9886,-81.66366
Serious Injury Suspected,40.98171,-81.7744
Minor Injury Suspected,40.98023,-81.76471
Property Damage Only,40.969025,-81.709464
Minor Injury Suspected,40.84198,-81.9641
Minor Injury Suspected,40.951826,-82.109458
Injury Possible,40.988014,-81.759662
Property Damage Only,40.98749,-81.80195
Property Damage Only,40.97215,-81.77913
Property Damage Only,40.980095,-81.764595
Property Damage Only,40.97616,-81.78204
Property Damage Only,40.97044,-81.69629
Property Damage Only,40.960251,-81.659516
Property Damage Only,40.970726,-81.762328
Property Damage Only,40.97783,-81.781915
Property Damage Only,40.858055,-81.964158
Property Damage Only,40.959834,-81.763016
Property Damage Only,40.809842,-81.83994
Property Damage Only,40.981267,-81.770913
Minor Injury Suspected,40.971864,-81.762185
Property Damage Only,40.925117,-82.007285
Property Damage Only,40.737837,-81.817942
Property Damage Only,40.81052,-81.99049
Minor Injury Suspected,40.879875,-81.919402
Property Damage Only,40.986321,-81.79833
Injury Possible,40.975141,-81.704853
Property Damage Only,40.824787,-81.700587
Minor Injury Suspected,40.95567,-81.73632
Property Damage Only,40.7117,-81.83165
Minor Injury Suspected,40.973001,-81.775852
Minor Injury Suspected,40.972912,-81.77541
Property Damage Only,40.9784,-81.778877
Injury Possible,40.965495,-81.781453
Property Damage Only,40.955933,-81.773094
Serious Injury Suspected,40.972729,-81.791961
Property Damage Only,40.972691,-81.785178
Property Damage Only,40.97467,-81.689036
Property Damage Only,40.978587,-81.78145
Property Damage Only,40.960421,-81.780431
Property Damage Only,40.979974,-81.778112
Serious Injury Suspected,40.97523,-81.791992
Property Damage Only,40.97907,-81.899081
Property Damage Only,40.980169,-81.764769
Property Damage Only,40.954564,-81.90016
Property Damage Only,40.97569,-81.78475
Property Damage Only,40.984822,-81.760683
Property Damage Only,40.96451,-81.801138
Serious Injury Suspected,40.98823,-81.76182
Injury Possible,,
Property Damage Only,,
Property Damage Only,40.853679,-81.763882
Property Damage Only,40.841039,-81.932751
Property Damage Only,40.836756,-81.763324
Property Damage Only,40.834639,-81.774534
Property Damage Only,40.788298,-81.936416
Property Damage Only,40.82838,-81.90945
Property Damage Only,40.857778,-81.936111
Property Damage Only,40.809865,-81.915214
Property Damage Only,40.788298,-81.936416
Property Damage Only,40.817633,-81.929366
Property Damage Only,40.83325,-81.784453
Property Damage Only,40.842418,-81.765727
Property Damage Only,40.842334,-81.939492
Property Damage Only,40.843636,-81.76989
Property Damage Only,40.811334,-81.963962
Property Damage Only,40.796376,-81.936228
Property Damage Only,40.840446,-81.778374
Injury Possible,40.804951,-81.929509
Property Damage Only,40.808108,-81.932042
Property Damage Only,40.797096,-81.946944
Property Damage Only,40.804874,-81.936368
Property Damage Only,40.843538,-81.765473
Property Damage Only,40.801053,-81.938607
Property Damage Only,40.804361,-81.947704
Property Damage Only,40.841454,-81.763136
Injury Possible,40.843347,-81.954365
Property Damage Only,40.983209,-81.797446
Minor Injury Suspected,40.857238,-81.915476
Property Damage Only,40.857238,-81.915476
Property Damage Only,40.850799,-81.927176
Property Damage Only,40.828561,-81.931779
Property Damage Only,40.811144,-81.912925
Property Damage Only,40.852904,-81.76388
Property Damage Only,40.802889,-81.953693
Property Damage Only,40.792834,-81.939349
Property Damage Only,40.804944,-81.934384
Property Damage Only,40.843219,-81.768892
Property Damage Only,40.823329,-81.953398
Property Damage Only,40.798629,-81.93684
Minor Injury Suspected,40.80421,-81.922301
Property Damage Only,40.824222,-81.932126
Property Damage Only,40.842845,-81.915993
Property Damage Only,40.800926,-81.93153
Property Damage Only,40.828309,-81.90604
Property Damage Only,40.837315,-81.955452
Property Damage Only,40.850667,-81.916308
Property Damage Only,40.841039,-81.932751
Property Damage Only,40.797048,-81.931791
Property Damage Only,40.811207,-81.963383
Property Damage Only,40.806387,-81.938344
Property Damage Only,40.831806,-81.934369
Property Damage Only,40.843398,-81.764125
Property Damage Only,40.823729,-81.933587
Property Damage Only,40.827254,-81.941401
Property Damage Only,40.843347,-81.954365
Property Damage Only,40.836755,-81.777925
Property Damage Only,40.8545,-81.7858
Property Damage Only,40.848547,-81.774298
Property Damage Only,40.830571,-81.951992
Property Damage Only,40.845541,-81.9756
Property Damage Only,40.840413,-81.924511
Minor Injury Suspected,40.842427,-81.916035
Property Damage Only,40.835486,-81.929115
Property Damage Only,40.797545,-81.924475
Injury Possible,40.844963,-81.939205
Property Damage Only,40.845126,-81.784139
Property Damage Only,40.86545,-81.776304
Property Damage Only,40.842329,-81.772168
Property Damage Only,40.792213,-81.942097
Property Damage Only,40.837315,-81.955452
Property Damage Only,40.808734,-81.95356
Property Damage Only,40.844273,-81.942063
Property Damage Only,40.824722,-81.933556
Property Damage Only,40.858769,-81.951714
Property Damage Only,40.841039,-81.932751
Property Damage Only,40.798906,-81.938618
Property Damage Only,40.850633,-81.953599
Property Damage Only,40.844391,-81.784168
Property Damage Only,40.859347,-81.889142
Property Damage Only,40.833251,-81.926005
Property Damage Only,40.838307,-81.779297
Property Damage Only,40.802742,-81.932085
Property Damage Only,40.960978,-81.656848
Minor Injury Suspected,40.84519,-81.943173
Injury Possible,40.786406,-81.932182
Property Damage Only,40.799369,-81.963694
Property Damage Only,40.840544,-81.946639
Property Damage Only,40.830207,-81.786197
Property Damage Only,40.850774,-81.772081
Minor Injury Suspected,40.821805,-81.94439
Property Damage Only,40.839919,-81.940063
Property Damage Only,40.785185,-81.939314
Property Damage Only,40.825901,-81.961949
Property Damage Only,40.854335,-81.947685
Injury Possible,40.834307,-81.926471
Property Damage Only,40.85357,-81.94172
Property Damage Only,40.806521,-81.917611
Property Damage Only,40.851864,-81.947776
Property Damage Only,40.803619,-81.921254
Property Damage Only,40.958645,-81.957238
Property Damage Only,40.843347,-81.954365
Property Damage Only,40.790747,-81.936004
Property Damage Only,40.798775,-81.936013
Property Damage Only,40.786415,-81.933271
Property Damage Only,40.801494,-81.940824
Injury Possible,40.808753,-81.93833
Property Damage Only,40.814696,-81.938335
Property Damage Only,40.854335,-81.947685
Property Damage Only,40.798627,-81.924755
Property Damage Only,40.802609,-81.932147
Property Damage Only,40.809864,-81.934382
Property Damage Only,40.83703,-81.927395
Property Damage Only,40.784467,-81.925447
Minor Injury Suspected,40.804941,-81.92934
Property Damage Only,40.802312,-81.932223
Property Damage Only,40.843545,-81.763778
Property Damage Only,40.829533,-81.806636
Minor Injury Suspected,40.794796,-81.694214
Property Damage Only,40.844963,-81.939205
Minor Injury Suspected,40.797375,-81.949894
Property Damage Only,40.843347,-81.954365
Property Damage Only,40.843666,-81.764021
Property Damage Only,40.834473,-81.763404
Property Damage Only,40.79865,-81.936789
Property Damage Only,40.823475,-81.935035
Minor Injury Suspected,40.958645,-81.957238
Property Damage Only,40.805057,-81.935143
Property Damage Only,40.79842,-81.936496
Property Damage Only,40.813868,-81.938296
Property Damage Only,40.829628,-81.924442
Minor Injury Suspected,40.825263,-81.908029
Property Damage Only,40.852013,-81.791986
Property Damage Only,40.842296,-81.761878
Property Damage Only,40.844344,-81.784527
Property Damage Only,40.842334,-81.939492
Property Damage Only,40.829628,-81.924442
Property Damage Only,40.829628,-81.924442
Property Damage Only,40.79941,-81.941831
Property Damage Only,40.842346,-81.944776
Property Damage Only,40.799349,-81.935028
Property Damage Only,40.796012,-81.93893
Property Damage Only,40.801573,-81.93019
Property Damage Only,40.826663,-81.944731
Minor Injury Suspected,40.786415,-81.933271
Property Damage Only,40.844765,-81.939515
Property Damage Only,40.80244,-81.935788
Property Damage Only,40.788472,-81.933169
Property Damage Only,40.85493,-81.784116
Property Damage Only,40.812581,-81.951819
Minor Injury Suspected,40.823329,-81.953398
Property Damage Only,40.798791,-81.704253
Property Damage Only,40.798708,-81.697479
Property Damage Only,40.853616,-81.949934
Property Damage Only,40.828383,-81.907196
Property Damage Only,40.843219,-81.768892
Property Damage Only,40.795509,-81.694432
Property Damage Only,40.857657,-81.918099
Injury Possible,40.794107,-81.936067
Property Damage Only,40.837986,-81.955373
Property Damage Only,40.844963,-81.939205
Minor Injury Suspected,40.824053,-81.945654
Property Damage Only,40.811144,-81.912925
Property Damage Only,40.798949,-81.937248
Property Damage Only,40.841769,-81.939626
Property Damage Only,40.799369,-81.963694
Property Damage Only,40.83576,-81.767848
Property Damage Only,40.853502,-81.763823
Property Damage Only,40.802587,-81.953601
Property Damage Only,40.797813,-81.933887
Injury Possible,40.775116,-81.927889
Property Damage Only,40.841613,-81.931538
Property Damage Only,40.829628,-81.924442
Property Damage Only,40.846168,-81.917927
Property Damage Only,40.837315,-81.955452
Minor Injury Suspected,40.849593,-81.94719
Property Damage Only,40.841072,-81.788902
Property Damage Only,40.824789,-81.927492
Property Damage Only,40.843347,-81.954365
Property Damage Only,40.805057,-81.935143
Property Damage Only,40.841039,-81.932751
Property Damage Only,40.804582,-81.934946
Property Damage Only,40.813844,-81.924582
Property Damage Only,40.846572,-81.928301
Property Damage Only,40.846572,-81.928301
Property Damage Only,40.863497,-81.923551
Property Damage Only,40.829628,-81.924442
Property Damage Only,40.823329,-81.953398
Property Damage Only,40.803753,-81.927065
Property Damage Only,40.842865,-81.940775
Property Damage Only,40.82839,-81.937887
Injury Possible,40.796967,-81.931483
Property Damage Only,40.850633,-81.91583
Property Damage Only,40.79842,-81.936496
Property Damage Only,40.843494,-81.763079
Property Damage Only,40.851602,-81.947448
Property Damage Only,40.836098,-81.946322
Property Damage Only,40.829628,-81.924442
Property Damage Only,40.797142,-81.930583
Property Damage Only,40.797938,-81.928801
Property Damage Only,40.834425,-81.939036
Property Damage Only,40.795762,-81.939289
Property Damage Only,40.81802,-81.969705
Property Damage Only,40.828403,-81.909208
Property Damage Only,40.795646,-81.947927
Property Damage Only,40.85367,-81.764811
Minor Injury Suspected,40.85353,-81.763806
Injury Possible,40.796012,-81.93893
Property Damage Only,40.804954,-81.930491
Property Damage Only,40.842009,-81.902532
Minor Injury Suspected,40.829133,-81.907809
Property Damage Only,40.798965,-81.954665
Property Damage Only,40.845492,-81.940158
Property Damage Only,40.794202,-81.69405
Property Damage Only,40.800442,-81.720744
Property Damage Only,40.813843,-81.928544
Property Damage Only,40.804866,-81.936377
Property Damage Only,40.824601,-81.935648
Property Damage Only,40.812621,-81.933784
Property Damage Only,40.788033,-81.941406
Property Damage Only,40.800092,-81.94374
Injury Possible,40.841039,-81.932751
Property Damage Only,40.807194,-81.943975
Injury Possible,40.960978,-81.656848
Property Damage Only,40.806387,-81.938344
Property Damage Only,40.836756,-81.763324
Property Damage Only,40.795555,-81.940903
Property Damage Only,40.840801,-81.776413
Property Damage Only,40.803311,-81.932033
Minor Injury Suspected,40.794107,-81.936067
Minor Injury Suspected,40.843347,-81.954365
Property Damage Only,40.84479,-81.935735
Property Damage Only,40.806755,-81.938367
Property Damage Only,40.80636,-81.939981
Property Damage Only,40.799196,-81.950519
Property Damage Only,40.802471,-81.93615
Property Damage Only,40.811018,-81.934336
Injury Possible,40.807552,-81.93635
Property Damage Only,40.813938,-81.939575
Property Damage Only,40.827749,-81.932628
Property Damage Only,40.858769,-81.951714
Injury Possible,40.794836,-81.696483
Property Damage Only,40.840964,-81.76425
Property Damage Only,40.843666,-81.764021
Property Damage Only,40.841009,-81.771474
Injury Possible,40.806387,-81.938344
Injury Possible,40.842527,-81.944194
Injury Possible,40.842302,-81.765615
Property Damage Only,40.842377,-81.787096
Property Damage Only,40.85491,-81.784123
Property Damage Only,40.835908,-81.764512
Property Damage Only,40.883494,-81.952854
Property Damage Only,40.805057,-81.935143
Property Damage Only,40.841769,-81.939626
Property Damage Only,40.786415,-81.933271
Injury Possible,40.843266,-81.939801
Property Damage Only,40.80884,-81.961391
Injury Possible,40.802745,-81.929486
Property Damage Only,40.818038,-81.953496
Property Damage Only,40.842865,-81.940775
Property Damage Only,40.806387,-81.938344
Property Damage Only,40.794107,-81.936067
Property Damage Only,40.829962,-81.951111
Property Damage Only,40.828917,-81.863512
Property Damage Only,40.809934,-81.940586
Property Damage Only,40.797519,-81.934889
Property Damage Only,40.798864,-81.935285
Property Damage Only,40.828917,-81.863512
Property Damage Only,40.828411,-81.907647
Property Damage Only,40.828187,-81.912205
Injury Possible,40.804146,-81.943998
Property Damage Only,40.844012,-81.776978
Property Damage Only,40.847551,-81.94239
Property Damage Only,40.796968,-81.93962
Property Damage Only,40.801053,-81.938607
Property Damage Only,40.829628,-81.924442
Property Damage Only,40.853852,-81.925612
Minor Injury Suspected,40.82464,-81.938669
Minor Injury Suspected,40.857222,-81.951111
Property Damage Only,40.807889,-81.9164
Property Damage Only,40.813424,-81.928738
Property Damage Only,40.795185,-81.929495
Property Damage Only,40.845692,-81.938222
Property Damage Only,40.843638,-81.769777
Property Damage Only,40.843284,-81.941542
Property Damage Only,40.856181,-81.92499
Property Damage Only,40.799554,-81.932478
Property Damage Only,40.829628,-81.924442
Property Damage Only,40.80435,-81.926349
Property Damage Only,40.801616,-81.935944
Property Damage Only,40.829509,-81.780738
Property Damage Only,40.84069,-81.769863
Property Damage Only,40.844091,-81.769157
Serious Injury Suspected,40.798401,-81.928492
Property Damage Only,40.828818,-81.908957
Property Damage Only,40.804215,-81.941566
Property Damage Only,40.798928,-81.941443
Property Damage Only,40.799538,-81.934581
Fatal,40.798611,-81.936667
Property Damage Only,40.827535,-81.914294
Property Damage Only,40.825263,-81.908029
Property Damage Only,40.828917,-81.863512
Property Damage Only,40.804954,-81.930491
Minor Injury Suspected,40.844061,-81.76463
Property Damage Only,40.792007,-81.935539
Minor Injury Suspected,40.804704,-81.95366
Injury Possible,40.850446,-81.926383
Property Damage Only,40.958645,-81.957238
Injury Possible,40.825901,-81.961949
Property Damage Only,40.797206,-81.938034
Minor Injury Suspected,40.798554,-81.924642
Property Damage Only,40.843347,-81.954365
Minor Injury Suspected,40.792075,-81.941316
Property Damage Only,40.828399,-81.910727
Property Damage Only,40.848259,-81.785646
Minor Injury Suspected,40.852904,-81.76388
Property Damage Only,40.799488,-81.936885
Property Damage Only,40.817505,-81.938663
Property Damage Only,40.857058,-81.924533
Property Damage Only,40.850633,-81.91583
Property Damage Only,40.820484,-81.936435
Property Damage Only,40.858769,-81.951714
Property Damage Only,40.854335,-81.947685
Property Damage Only,40.810134,-81.927675
Property Damage Only,40.797479,-81.945975
Property Damage Only,40.800099,-81.716099
Injury Possible,40.79545,-81.694248
Property Damage Only,40.798803,-81.694738
Property Damage Only,40.840421,-81.766497
Property Damage Only,40.843258,-81.939806
Property Damage Only,40.797375,-81.949894
Property Damage Only,40.837315,-81.955452
Property Damage Only,40.841039,-81.932751
Property Damage Only,40.835165,-81.929387
Property Damage Only,40.79488,-81.69452
Property Damage Only,40.800016,-81.716042
Property Damage Only,40.840982,-81.763812
Property Damage Only,40.802924,-81.939525
Property Damage Only,40.846671,-81.946192
Property Damage Only,40.813077,-81.956416
Minor Injury Suspected,40.80353,-81.93452
Property Damage Only,40.829133,-81.907809
Property Damage Only,40.79842,-81.936496
Property Damage Only,40.828024,-81.908341
Property Damage Only,40.821224,-81.934395
Property Damage Only,40.84195,-81.915713
Property Damage Only,40.799814,-81.945439
Property Damage Only,40.846671,-81.946192
Property Damage Only,40.827525,-81.90947
Property Damage Only,40.844426,-81.784531
Property Damage Only,40.841769,-81.939626
Property Damage Only,40.828695,-81.953361
Property Damage Only,40.840756,-81.946972
Injury Possible,40.799269,-81.945778
Property Damage Only,40.841383,-81.783046
Minor Injury Suspected,40.844387,-81.784088
Property Damage Only,40.850607,-81.766291
Minor Injury Suspected,40.818147,-81.919451
Property Damage Only,40.808753,-81.93833
Property Damage Only,40.80356,-81.9423
Property Damage Only,40.798051,-81.939515
Property Damage Only,40.786222,-81.938259
Serious Injury Suspected,40.781883,-81.931848
Property Damage Only,40.852904,-81.76388
Property Damage Only,40.796736,-81.938316
Property Damage Only,40.802924,-81.939525
Property Damage Only,40.836011,-81.953397
Minor Injury Suspected,40.788298,-81.936416
Property Damage Only,40.795222,-81.948146
Property Damage Only,40.834429,-81.759263
Property Damage Only,40.794725,-81.937684
Property Damage Only,40.800092,-81.94374
Property Damage Only,40.79987,-81.69508
Property Damage Only,40.798774,-81.694918
Property Damage Only,40.796967,-81.931483
Serious Injury Suspected,40.80445,-81.924692
Property Damage Only,40.825263,-81.908029
Property Damage Only,40.827525,-81.90947
Property Damage Only,40.796133,-81.939695
Property Damage Only,40.833752,-81.906596
Property Damage Only,40.82435,-81.933784
Property Damage Only,40.825263,-81.908029
Property Damage Only,40.840557,-81.778724
Property Damage Only,40.90285,-81.73422
Property Damage Only,40.804333,-81.943995
Property Damage Only,40.809456,-81.937545
Property Damage Only,40.843549,-81.915729
Injury Possible,40.823329,-81.953398
Injury Possible,40.804333,-81.943995
Property Damage Only,40.844402,-81.784507
Property Damage Only,40.847255,-81.944446
Property Damage Only,40.823729,-81.933587
Property Damage Only,40.850994,-81.768153
Injury Possible,40.849534,-81.947128
Minor Injury Suspected,40.826654,-81.922179
Property Damage Only,40.807048,-81.959137
Property Damage Only,40.804704,-81.941601
Property Damage Only,40.854335,-81.947685
Property Damage Only,40.851602,-81.947448
Property Damage Only,40.81086,-81.934345
Property Damage Only,40.809393,-81.925905
Property Damage Only,40.841397,-81.764244
Property Damage Only,40.82435,-81.933784
Property Damage Only,40.857058,-81.924533
Property Damage Only,40.89062,-81.647875
Minor Injury Suspected,40.798771,-81.694923
Property Damage Only,40.800092,-81.94374
Property Damage Only,40.840803,-81.927397
Property Damage Only,40.806286,-81.951762
Property Damage Only,40.830846,-81.936383
Property Damage Only,40.859347,-81.889142
Serious Injury Suspected,40.837918,-81.777863
Injury Possible,40.842009,-81.902532
Property Damage Only,40.788472,-81.933169
Property Damage Only,40.824874,-81.927268
Minor Injury Suspected,40.806387,-81.938344
Property Damage Only,40.822686,-81.902057
Property Damage Only,40.828369,-81.910593
Property Damage Only,40.807005,-81.959694
Injury Possible,40.837315,-81.955452
Property Damage Only,40.800126,-81.945727
Property Damage Only,40.80002,-81.944091
Property Damage Only,40.810495,-81.953571
Injury Possible,40.804802,-81.93836
Property Damage Only,40.804333,-81.943995
Property Damage Only,40.865818,-81.956472
Property Damage Only,40.835187,-81.927498
Property Damage Only,40.840343,-81.929602
Injury Possible,40.859347,-81.889142
Property Damage Only,40.788298,-81.936416
Property Damage Only,40.843003,-81.897064
Property Damage Only,40.788687,-81.934676
Property Damage Only,40.813868,-81.938296
Property Damage Only,40.792707,-81.944345
Property Damage Only,40.781894,-81.943974
Property Damage Only,40.800862,-81.72593
Minor Injury Suspected,40.840995,-81.769191
Property Damage Only,40.84083,-81.794224
Property Damage Only,40.820874,-81.957867
Property Damage Only,40.841039,-81.932751
Property Damage Only,40.83339,-81.915571
Property Damage Only,40.83411,-81.92743
Property Damage Only,40.840756,-81.946972
Minor Injury Suspected,40.795293,-81.942464
Property Damage Only,40.788298,-81.936416
Property Damage Only,40.814696,-81.938335
Property Damage Only,40.798189,-81.939174
Property Damage Only,40.806444,-81.924685
Property Damage Only,40.795073,-81.693988
Property Damage Only,40.834429,-81.759263
Property Damage Only,40.847293,-81.764863
Injury Possible,40.80445,-81.924692
Property Damage Only,40.797731,-81.945212
Property Damage Only,40.839066,-81.939938
Property Damage Only,40.801528,-81.932727
Property Damage Only,40.804953,-81.932064
Property Damage Only,40.795282,-81.942479
Property Damage Only,40.824789,-81.927492
Property Damage Only,40.816208,-81.934418
Property Damage Only,40.863875,-81.923318
Property Damage Only,40.788687,-81.934676
Property Damage Only,40.842792,-81.918466
Property Damage Only,40.799488,-81.936885
Injury Possible,40.794107,-81.936067
Minor Injury Suspected,40.801022,-81.937433
Injury Possible,40.806387,-81.938344
Minor Injury Suspected,40.798117,-81.942808
Property Damage Only,40.84519,-81.943173
Property Damage Only,40.821124,-81.934127
Property Damage Only,40.803239,-81.926149
Property Damage Only,40.824857,-81.941885
Property Damage Only,40.843494,-81.763079
Minor Injury Suspected,40.78988,-81.926092
Property Damage Only,40.789371,-81.92776
Property Damage Only,40.796778,-81.948134
Injury Possible,40.788298,-81.936416
Property Damage Only,40.809431,-81.940852
Property Damage Only,40.844387,-81.784088
Property Damage Only,40.680428,-82.023971
Property Damage Only,40.804675,-81.927076
Property Damage Only,40.846671,-81.946192
Property Damage Only,40.796683,-81.939275
Property Damage Only,40.828561,-81.931779
Property Damage Only,40.824874,-81.927268
Property Damage Only,40.809934,-81.940586
Property Damage Only,40.810644,-81.934391
Property Damage Only,40.827525,-81.90947
Minor Injury Suspected,40.791964,-81.936148
Property Damage Only,40.852964,-81.926157
Property Damage Only,40.792044,-81.941337
Property Damage Only,40.837315,-81.955452
Injury Possible,40.795091,-81.691414
Property Damage Only,40.850633,-81.91583
Property Damage Only,40.80001,-81.956124
Property Damage Only,40.852313,-81.916028
Property Damage Only,40.838246,-81.764306
Property Damage Only,40.805057,-81.935143
Property Damage Only,40.792069,-81.941421
Property Damage Only,40.799805,-81.944343
Property Damage Only,40.829628,-81.924442
Property Damage Only,40.829628,-81.924442
Property Damage Only,40.788298,-81.936416
Property Damage Only,40.828561,-81.931779
Property Damage Only,40.83043,-81.939003
Property Damage Only,40.850633,-81.953599
Property Damage Only,40.805057,-81.935143
Property Damage Only,40.814708,-81.913017
Property Damage Only,40.851602,-81.947448
Property Damage Only,40.800092,-81.94374
Property Damage Only,40.796824,-81.922159
Property Damage Only,40.85564,-81.761166
Property Damage Only,40.831335,-81.784675
Property Damage Only,40.798919,-81.695772
Property Damage Only,40.791159,-81.694863
Property Damage Only,40.786085,-81.932659
Property Damage Only,40.843347,-81.954365
Property Damage Only,40.862486,-81.954342
Property Damage Only,40.818149,-81.956586
Property Damage Only,40.792069,-81.941421
Property Damage Only,40.854335,-81.947685
Property Damage Only,40.842906,-81.942238
Property Damage Only,40.786415,-81.933271
Property Damage Only,40.796824,-81.922159
Property Damage Only,40.843347,-81.954365
Property Damage Only,40.858769,-81.951714
Property Damage Only,40.804773,-81.930421
Property Damage Only,40.674918,-82.028134
Property Damage Only,40.823332,-81.953424
Property Damage Only,40.81282,-81.924759
Injury Possible,40.824874,-81.927268
Property Damage Only,40.842346,-81.944776
Property Damage Only,40.857859,-81.932675
Property Damage Only,40.812034,-81.913759
Property Damage Only,40.829628,-81.924442
Property Damage Only,40.798789,-81.698528
Property Damage Only,40.851209,-81.94166
Property Damage Only,40.806722,-81.930608
Property Damage Only,40.788311,-81.935822
Injury Possible,40.837315,-81.955452
Property Damage Only,40.829628,-81.924442
Property Damage Only,40.801878,-81.924826
Property Damage Only,40.829628,-81.924442
Property Damage Only,40.865818,-81.956472
Property Damage Only,40.829628,-81.924442
Property Damage Only,40.798653,-81.936777
Property Damage Only,40.804935,-81.932047
Property Damage Only,40.828743,-81.958105
Property Damage Only,40.845913,-81.938983
Property Damage Only,40.805057,-81.935143
Property Damage Only,40.79146,-81.93881
Property Damage Only,40.805057,-81.935143
Property Damage Only,40.828416,-81.940673
Property Damage Only,40.848547,-81.774298
Property Damage Only,40.83077,-81.932219
Property Damage Only,40.797316,-81.935964
Property Damage Only,40.842346,-81.944776
Property Damage Only,40.786085,-81.932659
Property Damage Only,40.800259,-81.718247
Property Damage Only,40.844384,-81.945523
Property Damage Only,40.823667,-81.920758
Property Damage Only,40.800101,-81.950573
Property Damage Only,40.806953,-81.938648
Injury Possible,40.848954,-81.945567
Minor Injury Suspected,40.8064,-81.938374
Property Damage Only,40.823422,-81.918292
Property Damage Only,40.801744,-81.942617
Property Damage Only,40.79932,-81.939703
Property Damage Only,40.788298,-81.936416
Property Damage Only,40.840803,-81.784487
Serious Injury Suspected,40.794645,-81.938435
Property Damage Only,40.79671,-81.939596
Property Damage Only,40.842774,-81.941064
Property Damage Only,40.839772,-81.782149
Property Damage Only,40.852904,-81.76388
Minor Injury Suspected,40.797673,-81.943044
Property Damage Only,40.831862,-81.964798
Property Damage Only,40.837315,-81.955452
Property Damage Only,40.826837,-81.962394
Property Damage Only,40.800976,-81.942363
Property Damage Only,40.804704,-81.95366
Property Damage Only,40.824511,-81.933556
Property Damage Only,40.837362,-81.899848
Property Damage Only,40.788298,-81.936416
Property Damage Only,40.854959,-81.784127
Property Damage Only,40.79545,-81.940938
Property Damage Only,40.829628,-81.924442
Property Damage Only,40.840242,-81.764144
Property Damage Only,40.800319,-81.93516
Property Damage Only,40.799364,-81.959851
Property Damage Only,40.841788,-81.784895
Property Damage Only,40.842906,-81.942238
Property Damage Only,40.843698,-81.769589
Property Damage Only,40.828917,-81.863512
Property Damage Only,40.798371,-81.948266
Property Damage Only,40.850633,-81.953599
Property Damage Only,40.788298,-81.936416
Property Damage Only,40.850633,-81.953599
Property Damage Only,40.821394,-81.945972
Property Damage Only,40.794844,-81.945332
Property Damage Only,40.806479,-81.927964
Property Damage Only,40.821521,-81.938696
Property Damage Only,40.852345,-81.763943
Property Damage Only,40.851465,-81.784328
Property Damage Only,40.842378,-81.787088
Property Damage Only,40.828859,-81.907791
Property Damage Only,40.844443,-81.784608
Property Damage Only,40.809097,-81.930143
Property Damage Only,40.786085,-81.932659
Property Damage Only,40.842865,-81.940775
Property Damage Only,40.841769,-81.939626
Property Damage Only,40.788298,-81.936416
Property Damage Only,40.852691,-81.946692
Property Damage Only,40.804438,-81.934272
Property Damage Only,40.842865,-81.940775
Property Damage Only,40.84096,-81.932766
Property Damage Only,40.829628,-81.924442
Property Damage Only,40.798792,-81.70063
Property Damage Only,40.788298,-81.936416
Property Damage Only,40.82956,-81.780053
Property Damage Only,40.852313,-81.916028
Property Damage Only,40.854546,-81.77196
Property Damage Only,40.797486,-81.945975
Property Damage Only,40.807628,-81.932022
Property Damage Only,40.786085,-81.932659
Property Damage Only,40.818147,-81.919451
Property Damage Only,40.816786,-81.963074
Property Damage Only,40.883494,-81.952854
Property Damage Only,40.854479,-81.789328
Property Damage Only,40.834669,-81.77427
Property Damage Only,40.827525,-81.90947
Property Damage Only,40.796133,-81.939695
Property Damage Only,40.818164,-81.957716
Property Damage Only,40.857893,-81.952116
Property Damage Only,40.841769,-81.939626
Injury Possible,40.805057,-81.935143
Property Damage Only,40.788298,-81.936416
Property Damage Only,40.800101,-81.950573
Property Damage Only,40.843347,-81.954365
Property Damage Only,40.796714,-81.94468
Property Damage Only,40.787676,-81.943432
Property Damage Only,40.865017,-81.922878
Property Damage Only,40.840573,-81.76407
Property Damage Only,40.844963,-81.939205
Property Damage Only,40.847255,-81.944446
Injury Possible,40.850633,-81.91583
Property Damage Only,40.800867,-81.724287
Minor Injury Suspected,40.79236,-81.707049
Property Damage Only,40.794268,-81.694033
Property Damage Only,40.796815,-81.746526
Property Damage Only,40.800992,-81.726237
Property Damage Only,40.872785,-82.053725
Property Damage Only,40.86955,-81.680661
Property Damage Only,40.858157,-81.878012
Property Damage Only,40.694706,-81.703151
Property Damage Only,40.956117,-81.658656
Property Damage Only,40.67833,-81.86814
Property Damage Only,40.815237,-81.780486
Property Damage Only,40.901261,-82.108503
Property Damage Only,40.864338,-82.010248
Property Damage Only,40.834781,-81.701165
Property Damage Only,40.877951,-81.723976
Property Damage Only,40.815689,-81.843978
Injury Possible,40.919231,-81.909611
Property Damage Only,40.723374,-81.669042
Property Damage Only,40.850273,-81.861563
Property Damage Only,40.966685,-81.937971
Minor Injury Suspected,40.817772,-81.667244
Property Damage Only,40.857867,-81.877494
Minor Injury Suspected,40.797684,-81.876977
Property Damage Only,40.740941,-81.81126
Property Damage Only,40.70678,-82.09078
Property Damage Only,40.945726,-81.815704
Property Damage Only,40.960073,-81.658293
Property Damage Only,40.963699,-81.864271
Property Damage Only,40.780853,-81.963488
Property Damage Only,40.79766,-81.765402
Property Damage Only,40.824904,-82.023098
Minor Injury Suspected,40.829893,-81.816738
Property Damage Only,40.917308,-81.776871
Property Damage Only,40.747343,-81.843788
Property Damage Only,40.793025,-81.990309
Minor Injury Suspected,40.689798,-81.705527
Property Damage Only,40.784514,-82.099113
Property Damage Only,40.70722,-82.09048
Property Damage Only,40.88855,-81.729605
Property Damage Only,40.977943,-81.816889
Minor Injury Suspected,40.902308,-81.976457
Property Damage Only,40.960486,-81.874992
Property Damage Only,40.779123,-81.914067
Property Damage Only,40.900775,-82.079629
Property Damage Only,40.7996,-82.005137
Property Damage Only,40.674536,-81.868806
Property Damage Only,40.981669,-82.040381
Minor Injury Suspected,40.820732,-81.708699
Property Damage Only,40.85754,-82.109739
Property Damage Only,40.724257,-81.94403
Property Damage Only,40.79902,-81.86321
Minor Injury Suspected,40.792893,-81.982459
Property Damage Only,40.767977,-82.017639
Property Damage Only,40.926064,-81.811634
Property Damage Only,40.78814,-81.745384
Property Damage Only,40.873141,-81.763593
Minor Injury Suspected,40.670346,-81.653611
Property Damage Only,40.857926,-82.113281
Property Damage Only,40.812121,-81.877223
Property Damage Only,40.708709,-81.697773
Property Damage Only,40.820396,-82.008822
Property Damage Only,40.957894,-81.723904
Property Damage Only,40.822258,-81.778494
Injury Possible,40.795998,-81.745603
Minor Injury Suspected,40.713816,-81.784447
Property Damage Only,40.718819,-81.674818
Property Damage Only,40.942477,-82.081941
Property Damage Only,40.907195,-82.108631
Property Damage Only,40.927289,-81.811579
Property Damage Only,40.793495,-81.784519
Property Damage Only,40.953636,-81.657964
Minor Injury Suspected,40.978423,-81.702143
Property Damage Only,40.723456,-81.894105
Property Damage Only,40.987812,-81.759551
Property Damage Only,40.952055,-82.093954
Minor Injury Suspected,40.901366,-81.913454
Property Damage Only,40.670673,-81.735623
Property Damage Only,40.798488,-81.873938
Minor Injury Suspected,40.901111,-81.975975
Property Damage Only,40.85824,-82.016664
Minor Injury Suspected,40.875506,-81.861321
Property Damage Only,40.847852,-81.897067
Minor Injury Suspected,40.68252,-81.861424
Property Damage Only,40.734377,-81.697082
Property Damage Only,40.689045,-81.890216
Property Damage Only,40.741228,-81.777275
Property Damage Only,40.934228,-81.752294
Injury Possible,40.829475,-81.842333
Property Damage Only,40.802324,-81.912899
Minor Injury Suspected,40.7727,-81.99723
Property Damage Only,40.695585,-81.740066
Property Damage Only,40.845042,-81.971383
Property Damage Only,40.853746,-81.842386
Injury Possible,40.694726,-81.695766
Property Damage Only,40.785419,-82.076196
Property Damage Only,40.88428,-81.967903
Property Damage Only,40.96053,-81.873019
Injury Possible,40.796646,-81.812258
Property Damage Only,40.864001,-81.676714
Injury Possible,40.726772,-81.664496
Minor Injury Suspected,40.726017,-81.665471
Property Damage Only,40.730918,-82.04827
Property Damage Only,40.716577,-81.746206
Property Damage Only,40.769506,-82.083868
Minor Injury Suspected,40.97496,-82.046901
Property Damage Only,40.961004,-82.062049
Property Damage Only,40.816084,-81.991548
Property Damage Only,40.755705,-81.82275
Property Damage Only,40.798735,-81.694853
Property Damage Only,40.842924,-81.703096
Property Damage Only,40.924806,-81.764889
Property Damage Only,40.820144,-81.708777
Property Damage Only,40.740922,-81.816285
Property Damage Only,40.967808,-82.127079
Property Damage Only,40.755928,-81.853897
Property Damage Only,40.916482,-81.787493
Property Damage Only,40.944888,-81.931699
Property Damage Only,40.873042,-81.879491
Property Damage Only,40.866537,-81.95693
Minor Injury Suspected,40.948939,-82.078561
Property Damage Only,40.984347,-81.760726
Property Damage Only,40.777554,-81.925317
Property Damage Only,40.756132,-81.856789
Property Damage Only,40.865774,-82.085041
Property Damage Only,40.870824,-82.094044
Property Damage Only,40.945064,-81.743869
Property Damage Only,40.959608,-81.925837
Property Damage Only,40.72068,-81.774861
Property Damage Only,40.690937,-81.692807
Property Damage Only,40.756439,-81.860183
Property Damage Only,40.801853,-81.905519
Property Damage Only,40.889632,-82.022424
Property Damage Only,40.797073,-81.747009
Property Damage Only,40.857916,-81.877979
Property Damage Only,40.812035,-81.844852
Injury Possible,40.874073,-81.842424
Minor Injury Suspected,40.898708,-81.695655
Minor Injury Suspected,40.796635,-81.999425
Property Damage Only,40.797587,-81.843603
Minor Injury Suspected,40.910532,-82.006202
Injury Possible,40.898772,-81.695396
Property Damage Only,40.708988,-82.047964
Injury Possible,40.829101,-81.699938
Property Damage Only,40.829108,-81.699939
Property Damage Only,40.969512,-81.736697
Property Damage Only,40.858145,-81.981986
Property Damage Only,40.719696,-82.031573
Minor Injury Suspected,40.901808,-81.823318
Minor Injury Suspected,40.688858,-81.878324
Property Damage Only,40.936078,-81.674739
Minor Injury Suspected,40.872687,-82.097254
Property Damage Only,40.795939,-81.891583
Property Damage Only,40.9343,-82.10917
Property Damage Only,40.916757,-81.78231
Property Damage Only,40.79175,-81.951807
Minor Injury Suspected,40.799382,-81.97715
Property Damage Only,40.822497,-81.842468
Injury Possible,40.797053,-81.755198
Injury Possible,40.779548,-81.968985
Property Damage Only,40.857934,-81.934537
Minor Injury Suspected,40.728216,-81.973039
Property Damage Only,40.851696,-81.801423
Property Damage Only,40.678442,-81.668075
Property Damage Only,40.688537,-81.843026
Property Damage Only,40.922077,-81.985078
Minor Injury Suspected,40.95168,-81.739543
Property Damage Only,40.794613,-81.999041
Property Damage Only,40.896211,-81.660134
Property Damage Only,40.962773,-82.109587
Property Damage Only,40.909174,-81.64822
Property Damage Only,40.689492,-81.853712
Property Damage Only,40.90176,-81.828473
Minor Injury Suspected,40.731653,-81.843885
Property Damage Only,40.756271,-81.994457
Property Damage Only,40.735245,-81.990849
Property Damage Only,40.891909,-81.917009
Property Damage Only,40.735481,-82.033709
Minor Injury Suspected,40.824882,-81.700602
Property Damage Only,40.796157,-81.754953
Property Damage Only,40.828754,-81.874166
Property Damage Only,40.784633,-81.843909
Property Damage Only,40.90199,-81.79927
Serious Injury Suspected,40.944375,-81.956644
Minor Injury Suspected,40.916356,-81.878459
Injury Possible,40.799566,-81.982859
Minor Injury Suspected,40.767279,-81.85368
Property Damage Only,40.973597,-81.972551
Property Damage Only,40.795724,-82.0031
Serious Injury Suspected,40.796376,-81.678412
Property Damage Only,40.787013,-81.785748
Property Damage Only,40.736275,-81.944731
Property Damage Only,40.833624,-82.033433
Serious Injury Suspected,40.945104,-81.902777
Property Damage Only,40.829574,-81.81353
Property Damage Only,40.763269,-81.896022
Property Damage Only,40.935127,-81.743375
Property Damage Only,40.864975,-81.922544
Property Damage Only,40.974489,-81.928739
Property Damage Only,40.932927,-82.115041
Minor Injury Suspected,40.767486,-81.905511
Injury Possible,40.905575,-81.953889
Property Damage Only,40.675486,-81.949424
Property Damage Only,40.722245,-81.77884
Property Damage Only,40.722437,-81.670207
Property Damage Only,40.697844,-81.700982
Property Damage Only,40.796295,-81.883843
Property Damage Only,40.96898,-82.05361
Minor Injury Suspected,40.94988,-82.07706
Property Damage Only,40.751068,-82.120333
Property Damage Only,40.824754,-81.700435
Injury Possible,40.794691,-81.794435
Property Damage Only,40.843081,-81.842456
Minor Injury Suspected,40.732012,-81.657559
Property Damage Only,40.719789,-81.772659
Injury Possible,40.689881,-81.745968
Property Damage Only,40.714957,-81.828427
Property Damage Only,40.823878,-81.666315
Property Damage Only,40.901558,-81.884302
Property Damage Only,40.805133,-81.823482
Minor Injury Suspected,40.733666,-81.944162
Property Damage Only,40.805914,-81.897665
Property Damage Only,40.766468,-81.692382
Property Damage Only,40.710807,-81.745657
Minor Injury Suspected,40.755151,-81.978307
Fatal,40.755705,-81.821614
Minor Injury Suspected,40.719004,-81.893957
Property Damage Only,40.798203,-81.894373
Property Damage Only,40.915499,-81.79032
Property Damage Only,40.748882,-81.691416
Property Damage Only,40.873113,-81.751635
Property Damage Only,40.822078,-81.724898
Minor Injury Suspected,40.915581,-82.051723
Property Damage Only,40.796953,-81.767767
Minor Injury Suspected,40.763604,-81.89585
Injury Possible,40.881996,-81.966513
Property Damage Only,40.7634,-81.905361
Property Damage Only,40.749865,-81.929216
Minor Injury Suspected,40.851656,-81.875091
Property Damage Only,40.90172,-81.822291
Property Damage Only,40.726922,-81.943575
Minor Injury Suspected,40.945084,-81.994016
Property Damage Only,40.84811,-82.12026
Injury Possible,40.821784,-81.700545
Minor Injury Suspected,40.693043,-81.819704
Serious Injury Suspected,40.945896,-81.783153
Property Damage Only,40.790579,-81.745437
Property Damage Only,40.828542,-81.896909
Property Damage Only,40.953047,-82.071649
Property Damage Only,40.796902,-81.767742
Property Damage Only,40.955075,-81.994497
Property Damage Only,40.946039,-81.763371
Minor Injury Suspected,40.797379,-81.668483
Property Damage Only,40.955657,-81.736346
Property Damage Only,40.865109,-81.90681
Property Damage Only,40.701921,-81.886391
Minor Injury Suspected,40.945826,-81.865857
Property Damage Only,40.724098,-81.783722
Injury Possible,40.864714,-81.72535
Property Damage Only,40.675302,-82.032836
Property Damage Only,40.771323,-81.972838
Property Damage Only,40.694335,-81.702831
Property Damage Only,40.733818,-81.689658
Property Damage Only,40.844736,-82.05178
Property Damage Only,40.902399,-81.712378
Minor Injury Suspected,40.831416,-81.764427
Property Damage Only,40.784858,-82.097458
Minor Injury Suspected,40.694298,-81.70228
Property Damage Only,40.983347,-82.05872
Property Damage Only,40.873842,-81.842361
Property Damage Only,40.741006,-81.80407
Property Damage Only,40.796622,-81.880324
Minor Injury Suspected,40.894216,-81.812551
Property Damage Only,40.960035,-81.658639
Property Damage Only,40.839967,-82.099934
Serious Injury Suspected,40.863766,-81.676758
Property Damage Only,40.88038,-82.111562
Property Damage Only,40.898841,-81.696105
Serious Injury Suspected,40.76764,-82.062271
Minor Injury Suspected,40.858038,-81.982983
Property Damage Only,40.801708,-82.022717
Property Damage Only,40.793038,-81.978733
Property Damage Only,40.796565,-81.754666
Property Damage Only,40.85899,-81.839796
Minor Injury Suspected,40.96129,-81.659736
Property Damage Only,40.957456,-82.113085
Property Damage Only,40.957181,-82.083947
Property Damage Only,40.797763,-81.847862
Property Damage Only,40.75479,-81.97867
Property Damage Only,40.967037,-82.054335
Injury Possible,40.857972,-81.877818
Property Damage Only,40.899631,-81.975201
Minor Injury Suspected,40.959935,-82.000411
Minor Injury Suspected,40.8583,-81.964034
Property Damage Only,40.811201,-81.765453
Injury Possible,40.826632,-81.842201
Minor Injury Suspected,40.929509,-81.731573
Minor Injury Suspected,40.952611,-82.07195
Serious Injury Suspected,40.87255,-81.70597
Property Damage Only,40.72709,-81.792187
Minor Injury Suspected,40.986059,-82.089844
Property Damage Only,40.923249,-82.126699
Serious Injury Suspected,40.91657,-82.108844
Injury Possible,40.936278,-82.088416
Property Damage Only,40.838703,-81.930975
Minor Injury Suspected,40.693364,-81.754046
Property Damage Only,40.918158,-81.782225
Property Damage Only,40.799491,-81.918529
Minor Injury Suspected,40.915504,-81.95524
Minor Injury Suspected,40.784994,-81.676128
Property Damage Only,40.970012,-81.718356
Property Damage Only,40.937109,-81.656094
Property Damage Only,40.706593,-82.091109
Minor Injury Suspected,40.796095,-81.811613
Property Damage Only,40.873745,-81.842365
Property Damage Only,40.725897,-81.996787
Property Damage Only,40.94439,-81.965726
Property Damage Only,40.733291,-81.991794
Property Damage Only,40.806084,-82.07569
Property Damage Only,40.796217,-81.883146
Property Damage Only,40.733851,-81.944189
Property Damage Only,40.909547,-81.763362
Property Damage Only,40.767337,-82.032744
Property Damage Only,40.802975,-82.022722
Property Damage Only,40.874891,-81.840221
Property Damage Only,40.802842,-81.765298
Property Damage Only,40.704653,-81.888115
Property Damage Only,40.794355,-81.694094
Property Damage Only,40.829207,-81.845025
Property Damage Only,40.711601,-82.082243
Property Damage Only,40.71038,-81.678707
Property Damage Only,40.720146,-82.000515
Property Damage Only,40.796579,-81.7553
Injury Possible,40.796617,-81.755442
Minor Injury Suspected,40.702461,-81.658461
Minor Injury Suspected,40.900188,-81.914469
Property Damage Only,40.936064,-81.750611
Property Damage Only,40.742389,-81.986513
Property Damage Only,40.873788,-81.842361
Property Damage Only,40.988998,-81.996607
Property Damage Only,40.914811,-81.734929
Property Damage Only,40.76619,-81.944508
Property Damage Only,40.779839,-81.968414
Property Damage Only,40.798427,-81.766128
Property Damage Only,40.72039,-82.00041
Property Damage Only,40.704552,-82.015748
Property Damage Only,40.738758,-81.934835
Property Damage Only,40.864513,-82.125396
Property Damage Only,40.925737,-82.124548
Property Damage Only,40.733628,-81.709996
Injury Possible,40.711672,-81.831549
Minor Injury Suspected,40.981418,-82.096478
Property Damage Only,40.799585,-81.909635
Property Damage Only,40.777428,-81.692316
Property Damage Only,40.741247,-81.775224
Serious Injury Suspected,40.737796,-81.81815
Minor Injury Suspected,40.931223,-81.78314
Property Damage Only,40.892655,-81.916692
Property Damage Only,40.848062,-82.028009
Property Damage Only,40.684071,-82.021844
Property Damage Only,40.839985,-82.102044
Property Damage Only,40.751599,-81.97322
Property Damage Only,40.785047,-81.964247
Property Damage Only,40.734496,-81.725023
Property Damage Only,40.924861,-82.125369
Property Damage Only,40.830008,-81.786394
Property Damage Only,40.708014,-82.089742
Injury Possible,40.880265,-81.919557
Property Damage Only,40.859101,-81.842597
Property Damage Only,40.872743,-81.705999
Serious Injury Suspected,40.942252,-81.657417
Property Damage Only,40.668187,-82.024757
Property Damage Only,40.83648,-81.7015
Injury Possible,40.98858,-81.6633
Property Damage Only,40.961248,-82.109134
Injury Possible,40.988632,-81.662842
Property Damage Only,40.799351,-81.737871
Injury Possible,40.883588,-81.842178
Property Damage Only,40.887707,-81.763469
Property Damage Only,40.763557,-81.896171
Property Damage Only,40.80535,-82.01344
Injury Possible,40.942117,-81.657299
Property Damage Only,40.879108,-82.109103
Property Damage Only,40.693367,-81.754634
Property Damage Only,40.793272,-81.99116
Property Damage Only,40.838821,-82.102812
Property Damage Only,40.795432,-81.780008
Property Damage Only,40.799518,-81.904905
Minor Injury Suspected,40.807374,-82.096624
Property Damage Only,40.753503,-81.677069
Property Damage Only,40.765472,-82.117251
Property Damage Only,40.88152,-81.763323
Property Damage Only,40.973358,-82.048316
Minor Injury Suspected,40.858867,-81.842597
Property Damage Only,40.798941,-81.844075
Minor Injury Suspected,40.829733,-81.79168
Property Damage Only,40.927644,-82.122034
Minor Injury Suspected,40.798737,-81.699049
Property Damage Only,40.938114,-82.102572
Property Damage Only,40.95471,-81.658139
Property Damage Only,40.862727,-81.861356
Property Damage Only,40.800306,-81.880772
Serious Injury Suspected,40.842802,-81.889446
Property Damage Only,40.798831,-81.713886
Property Damage Only,40.768099,-81.843717
Property Damage Only,40.936593,-81.655705
Property Damage Only,40.984387,-82.038278
Property Damage Only,40.72415,-81.783908
Property Damage Only,40.946083,-81.78318
Property Damage Only,40.939255,-82.012775
Serious Injury Suspected,40.79641,-81.755541
Property Damage Only,40.940002,-82.099692
Property Damage Only,40.976416,-82.04501
Property Damage Only,40.873765,-81.842282
Minor Injury Suspected,40.979169,-81.685756
Property Damage Only,40.942169,-81.657706
Property Damage Only,40.777121,-81.880277
Property Damage Only,40.852195,-81.82331
Property Damage Only,40.693349,-81.700628
Property Damage Only,40.797653,-81.745099
Property Damage Only,40.926504,-81.648662
Injury Possible,40.711041,-81.746298
Minor Injury Suspected,40.838658,-81.929356
Property Damage Only,40.791915,-81.803538
Property Damage Only,40.79785,-81.744182
Property Damage Only,40.8798,-81.965015
Minor Injury Suspected,40.945741,-81.876684
Property Damage Only,40.828629,-81.87411
Property Damage Only,40.828696,-81.875612
Property Damage Only,40.828696,-81.875612
Injury Possible,40.791941,-81.784951
Property Damage Only,40.931319,-81.651386
Serious Injury Suspected,40.80273,-82.01019
Property Damage Only,40.804494,-81.914005
Property Damage Only,40.736426,-81.730692
Property Damage Only,40.792953,-81.982378
Property Damage Only,40.735513,-81.813378
Property Damage Only,40.888979,-81.842146
Property Damage Only,40.714689,-82.07614
Minor Injury Suspected,40.7713,-81.97286
Property Damage Only,40.79664,-81.784588
Property Damage Only,40.785634,-81.786507
Injury Possible,40.985645,-82.036897
Property Damage Only,40.960101,-81.659164
Property Damage Only,40.959521,-81.730452
Property Damage Only,40.727931,-81.794692
Property Damage Only,40.975143,-82.046266
Property Damage Only,40.945072,-81.915267
Property Damage Only,40.793082,-81.975687
Minor Injury Suspected,40.764488,-82.081656
Property Damage Only,40.801859,-82.02802
Injury Possible,40.737289,-81.824088
Minor Injury Suspected,40.959502,-81.89904
Property Damage Only,40.741104,-81.807608
Injury Possible,40.802633,-82.009486
Property Damage Only,40.796843,-81.746179
Property Damage Only,40.693331,-81.842481
Property Damage Only,40.984305,-82.038115
Minor Injury Suspected,40.699571,-81.884547
Serious Injury Suspected,40.985174,-82.090853
Property Damage Only,40.94536,-81.902689
Property Damage Only,40.747517,-82.069591
Property Damage Only,40.973813,-81.682899
Serious Injury Suspected,40.797434,-81.877674
Minor Injury Suspected,40.974301,-81.938251
Property Damage Only,40.88843,-81.762487
Property Damage Only,40.795766,-81.997643
Property Damage Only,40.924447,-81.764987
Property Damage Only,40.960314,-81.659534
Property Damage Only,40.948136,-81.936985
Property Damage Only,40.898549,-81.676641
Property Damage Only,40.71446,-81.755833
Minor Injury Suspected,40.934089,-82.109172
Minor Injury Suspected,40.884461,-81.918524
Property Damage Only,40.812656,-81.782457
Property Damage Only,40.756283,-81.795444
Injury Possible,40.875731,-82.053565
Minor Injury Suspected,40.853784,-81.647853
Property Damage Only,40.792886,-81.806974
Minor Injury Suspected,40.796467,-81.765347
Property Damage Only,40.962584,-81.720414
Property Damage Only,40.91668,-81.76
Property Damage Only,40.985318,-81.894301
Minor Injury Suspected,40.952267,-82.109532
Property Damage Only,40.946081,-81.783151
Property Damage Only,40.694727,-81.810301
Property Damage Only,40.950413,-81.763772
Property Damage Only,40.693381,-81.703513
Minor Injury Suspected,40.974437,-81.930396
Property Damage Only,40.772992,-81.790653
Injury Possible,40.974575,-81.996204
Injury Possible,40.831235,-81.764459
Injury Possible,40.971702,-82.049192
Property Damage Only,40.971696,-82.049209
Minor Injury Suspected,40.908701,-82.080402
Property Damage Only,40.953021,-81.84387
Property Damage Only,40.859002,-81.809791
Fatal,40.988295,-82.054775
Minor Injury Suspected,40.932677,-81.652654
Minor Injury Suspected,40.792428,-81.755323
Property Damage Only,40.82925,-81.806051
Minor Injury Suspected,40.879807,-81.950893
Property Damage Only,40.924455,-81.986088
Minor Injury Suspected,40.900834,-82.094121
Property Damage Only,40.791097,-81.934734
Property Damage Only,40.891526,-81.972374
Minor Injury Suspected,40.845634,-81.884092
Injury Possible,40.694738,-81.702738
Property Damage Only,40.935518,-82.11034
Property Damage Only,40.981508,-81.996469
Minor Injury Suspected,40.718647,-81.696
Property Damage Only,40.724077,-81.784345
Property Damage Only,40.792876,-81.945375
Property Damage Only,40.777878,-81.975499
Property Damage Only,40.837049,-81.801744
Minor Injury Suspected,40.71921,-81.67458
Property Damage Only,40.720934,-81.77479
Minor Injury Suspected,40.844165,-81.747287
Serious Injury Suspected,40.873807,-81.842386
Minor Injury Suspected,40.806862,-81.915179
Property Damage Only,40.988211,-81.7532
Property Damage Only,40.794426,-81.918672
Property Damage Only,40.961144,-82.053766
Property Damage Only,40.806151,-81.859048
Property Damage Only,40.843304,-81.704266
Property Damage Only,40.771433,-81.972156
Minor Injury Suspected,40.784446,-82.099916
Property Damage Only,40.673706,-81.730611
Property Damage Only,40.688898,-81.842312
Injury Possible,40.755956,-81.796757
Property Damage Only,40.880619,-82.112087
Property Damage Only,40.890754,-81.971779
Property Damage Only,40.869401,-82.091533
Property Damage Only,40.982133,-82.109949
Injury Possible,40.931036,-81.876817
Minor Injury Suspected,40.814197,-81.844183
Property Damage Only,40.839223,-82.099982
Property Damage Only,40.915291,-82.051641
Property Damage Only,40.727449,-82.048353
Property Damage Only,40.796367,-81.760839
Property Damage Only,40.793262,-82.059135
Property Damage Only,40.868609,-81.763428
Property Damage Only,40.939946,-82.100705
Minor Injury Suspected,40.748306,-81.834479
Serious Injury Suspected,40.696096,-81.930187
Minor Injury Suspected,40.988457,-81.714207
Injury Possible,40.790045,-82.074017
Property Damage Only,40.734903,-81.650532
Property Damage Only,40.796553,-81.765367
Minor Injury Suspected,40.808807,-81.844035
Property Damage Only,40.800445,-81.880285
Property Damage Only,40.808185,-81.851692
Property Damage Only,40.892103,-82.108127
Property Damage Only,40.757459,-81.963202
Property Damage Only,40.757459,-81.963202
Minor Injury Suspected,40.879796,-81.89783
Property Damage Only,40.792639,-81.988672
Minor Injury Suspected,40.808961,-81.843984
Property Damage Only,40.945851,-81.902808
Property Damage Only,40.839083,-82.100152
Property Damage Only,40.946272,-81.763541
Property Damage Only,40.960232,-81.659151
Minor Injury Suspected,40.929694,-82.119252
Minor Injury Suspected,40.691687,-81.927478
Minor Injury Suspected,40.756801,-81.868417
Injury Possible,40.796525,-81.75524
Serious Injury Suspected,40.967216,-81.710889
Serious Injury Suspected,40.89428,-82.108632
Property Damage Only,40.916695,-81.784014
Property Damage Only,40.695879,-81.715807
Injury Possible,40.92801,-81.907399
Minor Injury Suspected,40.720766,-81.774974
Serious Injury Suspected,40.933655,-81.724333
Property Damage Only,40.768189,-82.013332
Minor Injury Suspected,40.790176,-81.85381
Property Damage Only,40.671079,-81.655008
Property Damage Only,40.965007,-82.057453
Property Damage Only,40.766428,-82.047733
Minor Injury Suspected,40.727037,-82.053525
Property Damage Only,40.799383,-82.022814
Minor Injury Suspected,40.828455,-81.896533
Property Damage Only,40.857947,-82.106441
Minor Injury Suspected,40.919995,-81.772932
Injury Possible,40.795147,-81.788808
Property Damage Only,40.981996,-81.856789
Property Damage Only,40.859724,-82.073907
Property Damage Only,40.762892,-81.895925
Property Damage Only,40.874113,-81.841826
Property Damage Only,40.793159,-81.970234
Property Damage Only,40.970622,-81.818335
Property Damage Only,40.750213,-81.990874
Property Damage Only,40.968156,-81.710181
Injury Possible,40.701079,-81.784494
Minor Injury Suspected,40.69738,-82.019357
Property Damage Only,40.798024,-81.657786
Property Damage Only,40.785256,-81.9328
Injury Possible,40.85822,-81.983306
Property Damage Only,40.938719,-82.100931
Property Damage Only,40.872537,-81.705815
Minor Injury Suspected,40.732219,-81.657665
Property Damage Only,40.980989,-81.910594
Property Damage Only,40.9675,-82.053763
Minor Injury Suspected,40.982109,-82.095667
Property Damage Only,40.945807,-81.78318
Property Damage Only,40.829395,-82.075247
Serious Injury Suspected,40.945516,-81.892666
Property Damage Only,40.940636,-81.74715
Property Damage Only,40.79541,-81.707113
Minor Injury Suspected,40.797028,-81.76902
Minor Injury Suspected,40.902025,-81.782693
Property Damage Only,40.76606,-81.929547
Property Damage Only,40.675953,-81.727177
Minor Injury Suspected,40.988097,-81.759483
Property Damage Only,40.800202,-81.881172
Property Damage Only,40.864829,-81.84263
Property Damage Only,40.93745,-82.102887
Property Damage Only,40.750997,-82.005672
Property Damage Only,40.760958,-81.853583
Property Damage Only,40.960174,-81.65859
Property Damage Only,40.901059,-81.997691
Property Damage Only,40.724325,-81.784135
Injury Possible,40.874022,-81.842187
Minor Injury Suspected,40.868512,-81.851387
Property Damage Only,40.838954,-82.098332
Property Damage Only,40.6834,-82.026273
Property Damage Only,40.962676,-81.720022
Property Damage Only,40.748337,-81.929004
Property Damage Only,40.926429,-82.123266
Property Damage Only,40.794172,-82.055779
Minor Injury Suspected,40.932774,-81.989763
Property Damage Only,40.794426,-81.919817
Property Damage Only,40.780979,-81.94436
Minor Injury Suspected,40.987671,-81.663295
Property Damage Only,40.796768,-81.775827
Property Damage Only,40.867405,-81.770886
Property Damage Only,40.753541,-81.963096
Property Damage Only,40.987851,-81.970149
Property Damage Only,40.941783,-81.657089
Property Damage Only,40.887383,-82.077749
Property Damage Only,40.72122,-81.862388
Minor Injury Suspected,40.704731,-81.699652
Property Damage Only,40.857975,-81.9616
Minor Injury Suspected,40.925626,-82.109096
Property Damage Only,40.798901,-81.698686
Property Damage Only,40.845609,-81.703314
Property Damage Only,40.796535,-81.755272
Property Damage Only,40.96228,-81.680352
Injury Possible,40.849426,-81.87782
Property Damage Only,40.960875,-82.116654
Minor Injury Suspected,40.779513,-81.968794
Property Damage Only,40.779439,-81.914389
Property Damage Only,40.925176,-82.007073
Property Damage Only,40.809692,-81.692977
Property Damage Only,40.719367,-81.822839
Property Damage Only,40.892226,-81.763001
Property Damage Only,40.689507,-81.858647
Minor Injury Suspected,40.86565,-81.712133
Minor Injury Suspected,40.927739,-81.740805
Property Damage Only,40.806363,-82.016615
Minor Injury Suspected,40.945766,-81.874301
Property Damage Only,40.760002,-81.931348
Minor Injury Suspected,40.88,-81.783614
Property Damage Only,40.676318,-82.031625
Property Damage Only,40.827016,-81.995032
Property Damage Only,40.820329,-81.700427
Minor Injury Suspected,40.85493,-82.102811
Property Damage Only,40.8999,-81.698858
Property Damage Only,40.924955,-81.764822
Minor Injury Suspected,40.924227,-81.763363
Minor Injury Suspected,40.770053,-81.916063
Property Damage Only,40.899816,-81.698555
Property Damage Only,40.898718,-81.69565
Property Damage Only,40.724789,-82.053266
Property Damage Only,40.696967,-81.755648
Property Damage Only,40.945652,-81.869023
Property Damage Only,40.90214,-81.774329
Property Damage Only,40.98866,-81.698894
Minor Injury Suspected,40.988415,-81.725683
Property Damage Only,40.940738,-82.096559
Minor Injury Suspected,40.798037,-81.74298
Property Damage Only,40.796729,-81.764496
Property Damage Only,40.945021,-81.744051
Property Damage Only,40.808305,-81.85144
Injury Possible,40.672803,-81.89325
Minor Injury Suspected,40.92818,-82.121187
Property Damage Only,40.815086,-81.780607
Minor Injury Suspected,40.944443,-81.959044
Property Damage Only,40.686145,-81.952256
Property Damage Only,40.667992,-82.041348
Injury Possible,40.959774,-81.729724
Property Damage Only,40.957466,-81.738278
Property Damage Only,40.699178,-81.7159
Property Damage Only,40.857497,-81.897284
Property Damage Only,40.977607,-81.662167
Property Damage Only,40.901132,-81.976145
Property Damage Only,40.761404,-81.93172
Injury Possible,40.988564,-81.663668
Property Damage Only,40.837433,-81.977855
Property Damage Only,40.940697,-82.096616
Property Damage Only,40.754216,-81.979113
Serious Injury Suspected,40.797437,-81.842862
Minor Injury Suspected,40.968573,-82.052763
Property Damage Only,40.764852,-81.793456
Minor Injury Suspected,40.984642,-81.995595
Property Damage Only,40.799346,-81.912335
Property Damage Only,40.941444,-81.993796
Property Damage Only,40.726223,-82.125374
Property Damage Only,40.794869,-81.694484
Minor Injury Suspected,40.868354,-81.957966
Property Damage Only,40.826392,-81.994557
Minor Injury Suspected,40.93439,-82.1092
Property Damage Only,40.943851,-82.089731
Property Damage Only,40.988301,-81.678983
Property Damage Only,40.797601,-81.91386
Property Damage Only,40.79852,-81.912215
Property Damage Only,40.798148,-81.765925
Minor Injury Suspected,40.79543,-81.915197
Property Damage Only,40.901883,-81.810897
Property Damage Only,40.806365,-81.905263
Minor Injury Suspected,40.82899,-81.877464
Minor Injury Suspected,40.981549,-82.109811
Property Damage Only,40.797756,-81.847855
Minor Injury Suspected,40.93109,-81.872969
Minor Injury Suspected,40.757385,-81.877565
Property Damage Only,40.946137,-81.76429
Property Damage Only,40.798211,-81.712522
Injury Possible,40.825496,-81.764836
Serious Injury Suspected,40.876897,-81.763434
Minor Injury Suspected,40.828121,-81.869677
Property Damage Only,40.837167,-81.896997
Property Damage Only,40.879614,-82.110209
Injury Possible,40.792822,-81.786207
Injury Possible,40.872943,-81.803646
Property Damage Only,40.825917,-81.754622
Property Damage Only,40.960112,-81.728908
Property Damage Only,40.797528,-81.710994
Property Damage Only,40.943309,-82.090823
Property Damage Only,40.796574,-81.775801
Property Damage Only,40.91463,-82.011729
Minor Injury Suspected,40.681956,-81.716961
Property Damage Only,40.988019,-81.67982
Minor Injury Suspected,40.980638,-81.764462
Property Damage Only,40.922808,-82.109079
Property Damage Only,40.946445,-82.084426
Serious Injury Suspected,40.959459,-81.738587
Minor Injury Suspected,40.931384,-81.651496
Property Damage Only,40.902519,-81.762903
Minor Injury Suspected,40.946138,-81.764085
Serious Injury Suspected,40.908195,-81.978985
Property Damage Only,40.872138,-82.108594
Minor Injury Suspected,40.818612,-82.04821
Serious Injury Suspected,40.821861,-81.725492
Injury Possible,40.922302,-82.081274
Property Damage Only,40.766496,-82.042038
Minor Injury Suspected,40.879998,-81.96469
Serious Injury Suspected,40.988542,-81.703433
Minor Injury Suspected,40.9451,-81.743779
Minor Injury Suspected,40.689323,-81.878481
Property Damage Only,40.723812,-82.054731
Property Damage Only,40.807039,-81.827805
Property Damage Only,40.728305,-81.895983
Minor Injury Suspected,40.91695,-81.782328
Serious Injury Suspected,40.726129,-81.862481
Property Damage Only,40.796566,-81.999618
Minor Injury Suspected,40.82943,-81.861357
Property Damage Only,40.711784,-81.774682
Property Damage Only,40.959227,-81.898944
Property Damage Only,40.686377,-81.996494
Minor Injury Suspected,40.821823,-81.861279
Property Damage Only,40.794373,-81.693491
Property Damage Only,40.809648,-81.844013
Property Damage Only,40.798202,-81.889834
Property Damage Only,40.798984,-81.69545
Serious Injury Suspected,40.945753,-81.801749
Property Damage Only,40.787511,-81.942595
Property Damage Only,40.725921,-81.706922
Property Damage Only,40.791461,-81.90526
Injury Possible,40.797416,-81.877449
Serious Injury Suspected,40.6946,-81.81109
Property Damage Only,40.929177,-82.120415
Property Damage Only,40.711078,-81.908833
Property Damage Only,40.77118,-81.97296
Property Damage Only,40.767047,-81.905272
Property Damage Only,40.799839,-82.022848
Injury Possible,40.895699,-81.809214
Property Damage Only,40.712942,-82.024179
Minor Injury Suspected,40.822439,-81.779443
Property Damage Only,40.794579,-81.694196
Property Damage Only,40.798822,-81.815745
Property Damage Only,40.808891,-81.699616
Property Damage Only,40.77125,-81.97284
Minor Injury Suspected,40.82904,-82.073584
Property Damage Only,40.836325,-81.661558
Property Damage Only,40.901599,-81.872422
Minor Injury Suspected,40.799964,-81.765507
Minor Injury Suspected,40.811408,-81.784423
Property Damage Only,40.801445,-82.09667
Property Damage Only,40.829587,-81.804007
Property Damage Only,40.82952,-81.810663
Minor Injury Suspected,40.829923,-81.7869
Property Damage Only,40.687926,-82.004758
Property Damage Only,40.793761,-81.936081
Property Damage Only,40.90226,-81.74753
Minor Injury Suspected,40.795849,-81.892329
Minor Injury Suspected,40.701384,-81.784367
Property Damage Only,40.741141,-81.754794
Injury Possible,40.945279,-81.74393
Property Damage Only,40.828878,-81.863184
Minor Injury Suspected,40.68344,-81.875059
Property Damage Only,40.710388,-81.745888
Minor Injury Suspected,40.82706,-81.84216
Minor Injury Suspected,40.857997,-81.960159
Minor Injury Suspected,40.951599,-81.739641
Property Damage Only,40.954148,-82.06992
Property Damage Only,40.954148,-82.06992
Property Damage Only,40.804549,-82.012325
Property Damage Only,40.718343,-81.766034
Property Damage Only,40.799141,-81.648039
Injury Possible,40.879629,-81.91952
Property Damage Only,40.796708,-81.916519
Property Damage Only,40.698781,-81.842592
Injury Possible,40.796881,-81.832228
Minor Injury Suspected,40.973764,-81.957991
Property Damage Only,40.932359,-82.116053
Property Damage Only,40.72195,-82.057668
Property Damage Only,40.786482,-81.958007
Property Damage Only,40.942212,-81.657305
Property Damage Only,40.933627,-82.11345
Serious Injury Suspected,40.972273,-82.04881
Property Damage Only,40.784535,-81.907174
Minor Injury Suspected,40.711657,-81.947076
Property Damage Only,40.988915,-81.662503
Property Damage Only,40.929345,-82.120481
Injury Possible,40.724055,-81.783248
Property Damage Only,40.764178,-82.082168
Property Damage Only,40.9421,-82.09496
Property Damage Only,40.804084,-81.765405
Property Damage Only,40.957827,-81.723951
Minor Injury Suspected,40.755529,-81.798642
Property Damage Only,40.903683,-81.913625
Property Damage Only,40.793017,-81.959373
Property Damage Only,40.809773,-81.836913
Property Damage Only,40.766785,-81.965789
Minor Injury Suspected,40.75553,-81.706577
Minor Injury Suspected,40.797185,-81.746416
Property Damage Only,40.98721,-81.6633
Injury Possible,40.98613,-81.66332
Injury Possible,40.93403,-81.956443
Minor Injury Suspected,40.796716,-81.678026
Property Damage Only,40.798726,-81.912321
Property Damage Only,40.83506,-81.901637
Property Damage Only,40.909635,-81.797432
Property Damage Only,40.86746,-81.783959
Minor Injury Suspected,40.955189,-81.73687
Injury Possible,40.774761,-81.754951
Injury Possible,40.94908,-81.831462
Property Damage Only,40.962403,-81.957452
Property Damage Only,40.9451,-81.914498
Property Damage Only,40.878354,-82.107241
Property Damage Only,40.945055,-81.744073
Property Damage Only,40.945722,-81.783201
Serious Injury Suspected,40.689151,-81.881701
Property Damage Only,40.956141,-81.923283
Property Damage Only,40.990789,-82.082694
Property Damage Only,40.84503,-81.842512
Property Damage Only,40.960096,-81.658352
Property Damage Only,40.896828,-81.762914
Minor Injury Suspected,40.673226,-81.731583
Property Damage Only,40.867466,-81.97674
Minor Injury Suspected,40.908244,-81.950649
Minor Injury Suspected,40.81071,-81.990535
Property Damage Only,40.789654,-82.075573
Property Damage Only,40.931212,-81.78256
Serious Injury Suspected,40.921101,-81.770822
Injury Possible,40.6973,-82.01939
Property Damage Only,40.764764,-81.692042
Serious Injury Suspected,40.901374,-81.914168
Property Damage Only,40.873606,-81.842374
Minor Injury Suspected,40.9348,-82.11114
Minor Injury Suspected,40.793898,-81.920262
Property Damage Only,40.937453,-82.102818
Property Damage Only,40.874057,-81.842333
Property Damage Only,40.797508,-81.669057
Property Damage Only,40.817378,-82.099167
Property Damage Only,40.798503,-81.874082
Property Damage Only,40.895002,-81.648269
Minor Injury Suspected,40.945633,-81.828095
Property Damage Only,40.858411,-81.897301
Property Damage Only,40.829008,-81.861413
Property Damage Only,40.961353,-81.659408
Serious Injury Suspected,40.742067,-81.695638
Property Damage Only,40.945171,-81.743989
Injury Possible,40.957956,-81.899057
Property Damage Only,40.82334,-82.018864
Property Damage Only,40.930224,-81.95623
Property Damage Only,40.676389,-81.870133
Property Damage Only,40.957275,-81.737779
Minor Injury Suspected,40.897985,-81.664168
Property Damage Only,40.868871,-81.958391
Property Damage Only,40.948857,-82.079041
Property Damage Only,40.945102,-82.087718
Property Damage Only,40.757066,-81.895823
Property Damage Only,40.789188,-81.929918
Property Damage Only,40.69187,-81.82531
Minor Injury Suspected,40.799453,-81.910414
Property Damage Only,40.935936,-82.107429
Property Damage Only,40.880001,-81.965342
Property Damage Only,40.726218,-81.844368
Minor Injury Suspected,40.963467,-81.71801
Injury Possible,40.746562,-81.895903
Property Damage Only,40.769706,-81.915309
Property Damage Only,40.870648,-81.84235
Injury Possible,40.977049,-81.66202
Minor Injury Suspected,40.726213,-82.050567
Property Damage Only,40.873717,-81.719189
Minor Injury Suspected,40.828525,-81.883857
Property Damage Only,40.915105,-81.982217
Property Damage Only,40.877552,-81.963794
Property Damage Only,40.987114,-81.663397
Property Damage Only,40.796811,-81.766299
Property Damage Only,40.722888,-81.780225
Property Damage Only,40.874001,-81.71948
Injury Possible,40.940302,-81.704515
Property Damage Only,40.692766,-81.70364
Property Damage Only,40.815737,-82.042058
Property Damage Only,40.901527,-81.803551
Property Damage Only,40.668244,-82.052862
Property Damage Only,40.784686,-81.982848
Property Damage Only,40.829919,-81.819335
Minor Injury Suspected,40.799427,-81.906679
Property Damage Only,40.972934,-81.742712
Property Damage Only,40.942964,-81.688885
Property Damage Only,40.793301,-81.958458
Property Damage Only,40.944799,-81.983292
Minor Injury Suspected,40.887271,-81.969757
Property Damage Only,40.7967,-81.76414
Injury Possible,40.82988,-81.81997
Minor Injury Suspected,40.885984,-81.822776
Property Damage Only,40.899079,-81.975115
Property Damage Only,40.933298,-81.65334
Minor Injury Suspected,40.926193,-82.123414
Property Damage Only,40.827575,-81.754582
Property Damage Only,40.873983,-81.842001
Property Damage Only,40.985239,-81.864264
Property Damage Only,40.696053,-82.107145
Minor Injury Suspected,40.991187,-82.082212
Property Damage Only,40.902046,-81.783321
Property Damage Only,40.916815,-81.780051
Property Damage Only,40.775606,-81.984974
Property Damage Only,40.965581,-81.821806
Property Damage Only,40.723575,-81.784242
Property Damage Only,40.764649,-81.898624
Property Damage Only,40.90029,-81.97558
Property Damage Only,40.916388,-81.870178
Property Damage Only,40.845523,-81.713571
Minor Injury Suspected,40.797557,-81.668274
Minor Injury Suspected,40.984795,-82.037824
Property Damage Only,40.847302,-81.842581
Property Damage Only,40.975493,-81.704631
Property Damage Only,40.973212,-82.048023
Property Damage Only,40.761774,-81.931716
Property Damage Only,40.724243,-81.944073
Serious Injury Suspected,40.968017,-82.053178
Minor Injury Suspected,40.957318,-82.066338
Property Damage Only,40.969107,-82.052125
Minor Injury Suspected,40.928024,-81.841257
Property Damage Only,40.811311,-82.032831
Property Damage Only,40.819961,-82.000046
Serious Injury Suspected,40.688724,-81.842078
Property Damage Only,40.988571,-81.697348
Property Damage Only,40.958622,-81.65897
Property Damage Only,40.744691,-82.016953
Property Damage Only,40.873658,-81.842852
Minor Injury Suspected,40.951063,-82.07407
Property Damage Only,40.946195,-82.085145
Property Damage Only,40.84554,-81.70359
Property Damage Only,40.97444,-82.03849
Injury Possible,40.974102,-81.996145
Property Damage Only,40.829011,-81.861583
Property Damage Only,40.757973,-81.977735
Property Damage Only,40.72402,-82.073344
Minor Injury Suspected,40.961089,-82.124893
Property Damage Only,40.749405,-81.982092
Injury Possible,40.845523,-81.713571
Minor Injury Suspected,40.844088,-81.729083
Property Damage Only,40.805505,-82.013323
Fatal,40.923142,-81.908579
Property Damage Only,40.829184,-81.842789
Property Damage Only,40.798225,-81.766395
Minor Injury Suspected,40.71972,-81.771598
Property Damage Only,40.739958,-81.988008
Property Damage Only,40.784626,-81.962101
Property Damage Only,40.792646,-81.985583
Property Damage Only,40.797065,-81.755111
Minor Injury Suspected,40.812225,-81.844442
Property Damage Only,40.988014,-81.752077
Minor Injury Suspected,40.764478,-82.081721
Property Damage Only,40.927861,-81.649418
Property Damage Only,40.798916,-81.902134
Minor Injury Suspected,40.763719,-81.896143
Injury Possible,40.719505,-81.674472
Minor Injury Suspected,40.805294,-81.86232
Property Damage Only,40.842228,-81.897033
Property Damage Only,40.757797,-82.117747
Property Damage Only,40.747733,-81.905566
Injury Possible,40.724336,-81.784296
Property Damage Only,40.676197,-82.023977
Property Damage Only,40.806614,-81.826174
Property Damage Only,40.756245,-81.85697
Property Damage Only,40.795572,-81.914959
Property Damage Only,40.767202,-82.034643
Property Damage Only,40.691682,-81.952444
Minor Injury Suspected,40.797003,-81.675055
Injury Possible,40.749518,-82.008272
Injury Possible,40.960385,-81.849686
Property Damage Only,40.983492,-81.749241
Property Damage Only,40.807243,-82.091989
Property Damage Only,40.688487,-81.745963
Property Damage Only,40.873986,-81.783813
Property Damage Only,40.67659,-81.870459
Property Damage Only,40.972307,-81.702966
Minor Injury Suspected,40.797525,-81.668633
Property Damage Only,40.693572,-81.699528
Property Damage Only,40.968361,-81.71005
Property Damage Only,40.681048,-81.731398
Property Damage Only,40.695021,-81.702574
Property Damage Only,40.86667,-81.763427
Property Damage Only,40.982337,-81.833347
Injury Possible,40.797083,-81.765982
Property Damage Only,40.722419,-81.736508
Minor Injury Suspected,40.821714,-81.764484
Property Damage Only,40.986415,-82.035585
Minor Injury Suspected,40.888637,-81.842095
Property Damage Only,40.940169,-82.099457
Property Damage Only,40.985722,-81.940004
Injury Possible,40.952869,-81.783302
Property Damage Only,40.815174,-81.765383
Property Damage Only,40.943401,-81.745069
Property Damage Only,40.989053,-81.663292
Property Damage Only,40.936911,-82.019921
Property Damage Only,40.936911,-82.019921
Property Damage Only,40.950492,-81.657187
Property Damage Only,40.982322,-81.974743
Minor Injury Suspected,40.973853,-81.957952
Minor Injury Suspected,40.982407,-81.838501
Property Damage Only,40.676785,-81.870597
Minor Injury Suspected,40.796397,-81.755561
Injury Possible,40.974324,-82.053908
Property Damage Only,40.914793,-81.648312
Property Damage Only,40.880166,-81.919303
Minor Injury Suspected,40.793024,-81.895955
Minor Injury Suspected,40.741631,-81.775158
Minor Injury Suspected,40.946569,-81.743061
Property Damage Only,40.752056,-81.843853
Serious Injury Suspected,40.858008,-82.033867
Property Damage Only,40.794825,-81.698455
Property Damage Only,40.720281,-81.774801
Property Damage Only,40.796631,-81.751347
Minor Injury Suspected,40.95158,-81.739088
Property Damage Only,40.944759,-82.088005
Property Damage Only,40.797182,-81.747581
Minor Injury Suspected,40.74118,-81.775232
Minor Injury Suspected,40.748157,-81.927723
Property Damage Only,40.96047,-81.857791
Property Damage Only,40.816331,-81.843866
Minor Injury Suspected,40.765704,-81.843844
Property Damage Only,40.915701,-81.648139
Property Damage Only,40.945474,-81.831511
Property Damage Only,40.72245,-81.99881
Property Damage Only,40.746874,-82.012833
Property Damage Only,40.974721,-81.996645
Injury Possible,40.756756,-81.870434
Property Damage Only,40.926807,-82.122961
Minor Injury Suspected,40.778145,-81.843803
Minor Injury Suspected,40.683123,-82.052966
Property Damage Only,40.753327,-81.979692
Property Damage Only,40.809245,-81.835834
Property Damage Only,40.902001,-81.803502
Property Damage Only,40.678499,-81.722558
Injury Possible,40.797278,-81.746443
Property Damage Only,40.789081,-81.935193
Property Damage Only,40.820411,-82.008704
Property Damage Only,40.686107,-81.784024
Property Damage Only,40.829458,-81.7
Property Damage Only,40.6688,-82.107503
Minor Injury Suspected,40.928434,-82.121594
Property Damage Only,40.67135,-82.037912
Property Damage Only,40.784288,-82.101025
Property Damage Only,40.722125,-81.999162
Property Damage Only,40.843161,-81.877754
Property Damage Only,40.989712,-81.99479
Property Damage Only,40.924524,-82.125463
Property Damage Only,40.960451,-81.649554
Property Damage Only,40.873405,-81.767786
Injury Possible,40.729084,-81.994791
Property Damage Only,40.93638,-81.991372
Property Damage Only,40.952978,-81.669772
Minor Injury Suspected,40.923896,-81.908724
Property Damage Only,40.77369,-81.92212
Property Damage Only,40.965947,-81.712097
Property Damage Only,40.840861,-81.842721
Property Damage Only,40.793139,-81.972259
Property Damage Only,40.971321,-82.050862
Property Damage Only,40.84831,-82.12075
Property Damage Only,40.85834,-81.8973
Property Damage Only,40.725924,-81.942605
Property Damage Only,40.960033,-81.658664
Property Damage Only,40.738527,-81.905661
Property Damage Only,40.828898,-81.764196
Property Damage Only,40.714847,-81.976855
Minor Injury Suspected,40.95996,-81.65869
Property Damage Only,40.98287,-82.094673
Property Damage Only,40.911431,-81.795596
Property Damage Only,40.747276,-81.929349
Minor Injury Suspected,40.960323,-81.659672
Property Damage Only,40.978245,-81.822128
Minor Injury Suspected,40.89454,-81.783219
Serious Injury Suspected,40.98851,-81.7154
Injury Possible,40.973817,-81.959254
Property Damage Only,40.809615,-81.847309
Property Damage Only,40.988392,-81.730195
Injury Possible,40.898547,-81.675923
Minor Injury Suspected,40.982923,-82.094541
Property Damage Only,40.791157,-81.791522
Property Damage Only,40.800817,-81.912818
Property Damage Only,40.797952,-81.657807
Minor Injury Suspected,40.756106,-81.745167
Property Damage Only,40.960401,-81.854241
Serious Injury Suspected,40.976985,-82.044811
Minor Injury Suspected,40.842253,-81.890566
Serious Injury Suspected,40.705876,-82.091433
Property Damage Only,40.842941,-81.703282
Property Damage Only,40.820744,-82.004427
Property Damage Only,40.725354,-81.821773
Property Damage Only,40.806262,-81.858589
Minor Injury Suspected,40.977413,-82.044466
Property Damage Only,40.92667,-82.04807
Property Damage Only,40.798442,-81.652347
Property Damage Only,40.799948,-81.716172
Property Damage Only,40.755467,-81.978481
Minor Injury Suspected,40.94497,-81.932428
Minor Injury Suspected,40.974707,-81.995687
Serious Injury Suspected,40.873747,-81.842135
Property Damage Only,40.985969,-82.109869
Property Damage Only,40.700854,-82.10039
Minor Injury Suspected,40.982534,-82.059636
Property Damage Only,40.899694,-81.69838
Minor Injury Suspected,40.96625,-82.055474
Minor Injury Suspected,40.697376,-82.019291
Property Damage Only,40.802656,-82.004987
Minor Injury Suspected,40.829793,-81.8225
Property Damage Only,40.765745,-81.726794
Property Damage Only,40.814761,-81.812533
Property Damage Only,40.694332,-81.877083
Property Damage Only,40.932962,-82.114028
Property Damage Only,40.957281,-82.06586
Property Damage Only,40.772401,-81.917924
Property Damage Only,40.944464,-81.946182
Property Damage Only,40.869408,-82.09142
Property Damage Only,40.783488,-81.692422
Minor Injury Suspected,40.957787,-81.733381
Property Damage Only,40.81851,-81.765285
Property Damage Only,40.910601,-81.911927
Minor Injury Suspected,40.691533,-81.694518
Property Damage Only,40.894481,-81.811917
Property Damage Only,40.886085,-82.123034
Property Damage Only,40.699271,-82.018509
Property Damage Only,40.797865,-81.765887
Property Damage Only,40.945868,-81.868058
Property Damage Only,40.689536,-81.706084
Property Damage Only,40.772416,-81.917861
Property Damage Only,40.900846,-81.804303
Property Damage Only,40.845764,-81.976161
Property Damage Only,40.799967,-82.005746
Injury Possible,40.765714,-81.981337
Property Damage Only,40.857606,-81.842581
Minor Injury Suspected,40.76938,-81.909294
Property Damage Only,40.784199,-82.110144
Property Damage Only,40.793422,-81.956716
Property Damage Only,40.74923,-82.008727
Property Damage Only,40.767029,-81.888911
Property Damage Only,40.681511,-82.022555
Property Damage Only,40.792877,-81.969642
Serious Injury Suspected,40.910791,-82.006026
Minor Injury Suspected,40.806006,-81.825771
Property Damage Only,40.803631,-81.913791
Property Damage Only,40.974366,-82.058554
Property Damage Only,40.719184,-81.730855
Property Damage Only,40.693132,-81.697608
Property Damage Only,40.969515,-81.661169
Property Damage Only,40.918933,-81.983681
Property Damage Only,40.907756,-81.753081
Property Damage Only,40.938934,-81.748231
Property Damage Only,40.939873,-81.74761
Injury Possible,40.956271,-81.698697
Property Damage Only,40.94642,-81.743195
Property Damage Only,40.807966,-81.829177
Property Damage Only,40.792773,-81.972887
Property Damage Only,40.931713,-82.117089
Property Damage Only,40.900904,-82.0833
Property Damage Only,40.857805,-81.888318
Serious Injury Suspected,40.80788,-82.117701
Property Damage Only,40.82654,-81.9626
Property Damage Only,40.74013,-82.023975
Property Damage Only,40.947242,-81.742581
Property Damage Only,40.80144,-81.819144
Property Damage Only,40.959742,-82.030145
Property Damage Only,40.730264,-81.896481
Property Damage Only,40.9577,-82.065874
Property Damage Only,40.89677,-81.762788
Injury Possible,40.73381,-81.722723
Property Damage Only,40.94642,-81.743195
Property Damage Only,40.771573,-81.972607
Minor Injury Suspected,40.941162,-81.993635
Property Damage Only,40.836487,-81.842702
Property Damage Only,40.828441,-81.890448
Property Damage Only,40.723414,-81.998198
Property Damage Only,40.719957,-82.061343
Property Damage Only,40.946136,-81.764283
Property Damage Only,40.798659,-81.868759
Property Damage Only,40.797155,-81.899012
Property Damage Only,40.750529,-82.006245
Property Damage Only,40.858662,-81.803992
Property Damage Only,40.954993,-81.737232
Property Damage Only,40.698195,-81.692328
Minor Injury Suspected,40.927284,-82.122987
Property Damage Only,40.90201,-81.782412
Property Damage Only,40.894579,-81.878257
Property Damage Only,40.964147,-81.937921
Property Damage Only,40.930569,-81.906798
Property Damage Only,40.746245,-82.068994
Property Damage Only,40.792509,-81.806148
Serious Injury Suspected,40.88611,-82.12316
Property Damage Only,40.747401,-81.745152
Minor Injury Suspected,40.88616,-82.12346
Property Damage Only,40.766622,-81.843914
Property Damage Only,40.988437,-81.669829
Fatal,40.674089,-81.90149
Property Damage Only,40.857949,-82.043259
Property Damage Only,40.734186,-82.035644
Property Damage Only,40.810033,-81.843253
Property Damage Only,40.71836,-81.90175
Property Damage Only,40.776716,-81.994399
Minor Injury Suspected,40.725744,-81.842853
Property Damage Only,40.924945,-81.740186
Property Damage Only,40.968574,-82.053097
Property Damage Only,40.78431,-82.10372
Minor Injury Suspected,40.930995,-81.785549
Property Damage Only,40.756035,-81.853741
Property Damage Only,40.670885,-81.923866
Minor Injury Suspected,40.809301,-81.833899
Minor Injury Suspected,40.895022,-81.653862
Property Damage Only,40.843494,-81.969192
Property Damage Only,40.745605,-81.745024
Property Damage Only,40.829748,-81.877507
Property Damage Only,40.957528,-82.034513
Property Damage Only,40.895065,-81.973384
Property Damage Only,40.793126,-81.956873
Property Damage Only,40.960903,-81.812293
Minor Injury Suspected,40.784488,-81.953664
Property Damage Only,40.931691,-81.956343
Property Damage Only,40.872501,-81.844547
Property Damage Only,40.709752,-82.048044
Property Damage Only,40.982763,-82.039667
Property Damage Only,40.765613,-81.981246
Property Damage Only,40.723602,-81.998146
Property Damage Only,40.79614,-82.053954
Minor Injury Suspected,40.916788,-81.763188
Property Damage Only,40.793158,-81.98272
Property Damage Only,40.968357,-81.710025
Property Damage Only,40.797601,-81.846174
Injury Possible,40.733688,-81.719687
Property Damage Only,40.939275,-82.081839
Property Damage Only,40.922254,-82.08169
Property Damage Only,40.723417,-81.695137
Property Damage Only,40.829413,-81.829902
Minor Injury Suspected,40.878742,-82.108484
Property Damage Only,40.911172,-81.795814
Property Damage Only,40.8483,-82.12046
Property Damage Only,40.800082,-81.765315
Property Damage Only,40.888548,-81.742267
Property Damage Only,40.945644,-81.823501
Property Damage Only,40.94497,-81.993043
Property Damage Only,40.710949,-82.009396
Property Damage Only,40.865695,-81.955634
Injury Possible,40.711739,-81.83166
Property Damage Only,40.979381,-82.042872
Property Damage Only,40.975659,-82.046193
Property Damage Only,40.95207,-82.109529
Property Damage Only,40.974661,-82.005985
Property Damage Only,40.940143,-82.099378
Property Damage Only,40.886795,-81.821713
Property Damage Only,40.696798,-82.01964
Property Damage Only,40.756669,-81.862872
Injury Possible,40.901881,-81.803408
Property Damage Only,40.945433,-81.783289
Property Damage Only,40.974729,-82.001217
Property Damage Only,40.741472,-81.775262
Minor Injury Suspected,40.802164,-82.008978
Injury Possible,40.693764,-81.699677
Injury Possible,40.876077,-81.920234
Minor Injury Suspected,40.790203,-81.95507
Property Damage Only,40.796273,-81.812242
Property Damage Only,40.795745,-81.779435
Serious Injury Suspected,40.697223,-81.710482
Property Damage Only,40.954514,-82.069372
Fatal,40.879974,-81.949632
Property Damage Only,40.791134,-82.067733
Injury Possible,40.785582,-82.091471
Property Damage Only,40.711469,-81.934493
Property Damage Only,40.802316,-81.90558
Property Damage Only,40.937827,-81.656527
Property Damage Only,40.802494,-82.009102
Property Damage Only,40.741121,-81.788331
Property Damage Only,40.940074,-82.099529
Property Damage Only,40.933062,-82.114831
Minor Injury Suspected,40.96827,-81.710048
Property Damage Only,40.828707,-81.876176
Property Damage Only,40.837222,-82.094994
Minor Injury Suspected,40.935527,-82.108487
Property Damage Only,40.960045,-82.085231
Injury Possible,40.724828,-81.943352
Property Damage Only,40.793916,-81.919358
Property Damage Only,40.820526,-82.008092
Property Damage Only,40.763397,-81.895983
Property Damage Only,40.981725,-81.68135
Property Damage Only,40.988261,-82.086471
Serious Injury Suspected,40.797224,-81.668649
Minor Injury Suspected,40.758587,-81.775201
Minor Injury Suspected,40.966613,-81.850086
Property Damage Only,40.706463,-82.091061
Property Damage Only,40.858235,-81.980772
Property Damage Only,40.752537,-81.980153
Property Damage Only,40.901835,-81.802839
Property Damage Only,40.72119,-81.709715
Property Damage Only,40.722712,-81.755809
Property Damage Only,40.813387,-81.765371
Property Damage Only,40.986453,-82.04259
Minor Injury Suspected,40.821872,-81.735101
Injury Possible,40.931283,-81.811584
Property Damage Only,40.796152,-81.755383
Property Damage Only,40.939482,-82.100259
Injury Possible,40.968399,-81.823218
Property Damage Only,40.797128,-81.915891
Property Damage Only,40.707641,-81.877
Property Damage Only,40.939482,-82.100259
Property Damage Only,40.94255,-81.65788
Property Damage Only,40.757804,-81.880158
Property Damage Only,40.739732,-82.025994
Property Damage Only,40.80638,-81.90552
Property Damage Only,40.777124,-81.863303
Property Damage Only,40.755939,-81.853679
Serious Injury Suspected,40.930903,-81.900662
Injury Possible,40.792878,-81.806677
Property Damage Only,40.987837,-81.761121
Property Damage Only,40.708406,-82.088889
Property Damage Only,40.785207,-81.786698
Property Damage Only,40.887934,-81.820123
Injury Possible,40.946079,-81.673935
Property Damage Only,40.798829,-81.868306
Property Damage Only,40.879838,-81.965013
Property Damage Only,40.72497,-81.667305
Injury Possible,40.953394,-81.657947
Property Damage Only,40.913417,-81.981488
Property Damage Only,40.913438,-81.981448
Property Damage Only,40.695804,-81.739313
Minor Injury Suspected,40.934653,-82.111801
Property Damage Only,40.858071,-82.010744
Property Damage Only,40.927988,-82.041032
Minor Injury Suspected,40.915971,-81.841706
Property Damage Only,40.87383,-81.815022
Property Damage Only,40.942243,-81.657463
Minor Injury Suspected,40.968376,-81.710055
Property Damage Only,40.692766,-82.111773
Property Damage Only,40.797056,-81.765973
Minor Injury Suspected,40.829426,-81.826961
Property Damage Only,40.837024,-81.793417
Property Damage Only,40.789507,-81.930371
Minor Injury Suspected,40.849343,-81.878155
Injury Possible,40.978816,-81.82518
Property Damage Only,40.715135,-81.746183
Property Damage Only,40.698028,-81.701056
Property Damage Only,40.760666,-81.974971
Property Damage Only,40.822164,-81.754692
Property Damage Only,40.922221,-82.081436
Minor Injury Suspected,40.796145,-81.707255
Minor Injury Suspected,40.792887,-81.982701
Property Damage Only,40.678903,-81.745692
Minor Injury Suspected,40.671674,-81.914943
Injury Possible,40.68545,-82.12232
Injury Possible,40.879704,-81.904299
Property Damage Only,40.697204,-82.082991
Property Damage Only,40.824587,-82.100524
Property Damage Only,40.748278,-81.703382
Property Damage Only,40.789362,-81.928015
Minor Injury Suspected,40.829041,-81.860793
Property Damage Only,40.738021,-81.817941
Property Damage Only,40.773231,-81.928719
Property Damage Only,40.779529,-81.962284
Property Damage Only,40.798855,-81.91235
Serious Injury Suspected,40.755792,-81.754836
Property Damage Only,40.857881,-81.896533
Property Damage Only,40.873897,-81.783837
Minor Injury Suspected,40.903265,-81.765353
Injury Possible,40.6846,-82.120432
Injury Possible,40.84526,-81.64792
Property Damage Only,40.880945,-82.112465
Property Damage Only,40.732902,-81.938742
Property Damage Only,40.898162,-81.682712
Injury Possible,40.879093,-81.919666
Property Damage Only,40.738689,-81.944171
Property Damage Only,40.942445,-81.745937
Minor Injury Suspected,40.799178,-82.023049
Property Damage Only,40.945093,-81.91221
Property Damage Only,40.797164,-81.746431
Property Damage Only,40.765209,-81.930123
Minor Injury Suspected,40.858815,-81.842671
Property Damage Only,40.741031,-81.81628
Property Damage Only,40.667738,-82.05274
Property Damage Only,40.79313,-81.949296
Property Damage Only,40.836702,-82.038442
Serious Injury Suspected,40.688977,-81.914847
Property Damage Only,40.870967,-81.716257
Property Damage Only,40.798248,-81.766395
Property Damage Only,40.687884,-81.84636
Property Damage Only,40.795932,-81.917554
Minor Injury Suspected,40.902276,-81.803218
Property Damage Only,40.95223,-82.084218
Property Damage Only,40.670749,-81.934723
Serious Injury Suspected,40.97584,-81.753272
Property Damage Only,40.945886,-81.763797
Injury Possible,40.94618,-81.76377
Property Damage Only,40.755967,-81.853655
Injury Possible,40.751393,-81.802056
Property Damage Only,40.844128,-81.725679
Property Damage Only,40.840996,-82.017602
Property Damage Only,40.792611,-81.984964
Property Damage Only,40.820756,-81.700151
Property Damage Only,40.828354,-81.699762
Property Damage Only,40.82502,-82.02327
Property Damage Only,40.829682,-81.790803
Property Damage Only,40.798158,-81.892841
Property Damage Only,40.722888,-81.894137
Property Damage Only,40.749865,-81.994736
Property Damage Only,40.763029,-81.931752
Property Damage Only,40.705821,-82.091399
Property Damage Only,40.699045,-82.103102
Property Damage Only,40.786026,-82.089759
Property Damage Only,40.79778,-81.655619
Property Damage Only,40.824832,-81.933342
Property Damage Only,40.933716,-82.081921
Property Damage Only,40.698811,-81.692141
Property Damage Only,40.676116,-81.746012
Property Damage Only,40.799393,-82.023016
Property Damage Only,40.702465,-82.049583
Minor Injury Suspected,40.783145,-82.090642
Property Damage Only,40.936869,-82.104268
Property Damage Only,40.972981,-82.048365
Property Damage Only,40.859532,-82.01062
Property Damage Only,40.704718,-81.687981
Property Damage Only,40.797478,-81.668434
Property Damage Only,40.948203,-81.902064
Minor Injury Suspected,40.945778,-81.801268
Property Damage Only,40.723028,-81.755824
Property Damage Only,40.938564,-82.014825
Minor Injury Suspected,40.700901,-81.67141
Property Damage Only,40.957363,-82.065538
Property Damage Only,40.933941,-82.113248
Minor Injury Suspected,40.8248,-81.700389
Property Damage Only,40.677302,-81.949311
Minor Injury Suspected,40.873264,-81.96103
Property Damage Only,40.887398,-81.820753
Property Damage Only,40.985,-81.9497
Property Damage Only,40.78309,-81.74532
Property Damage Only,40.975837,-81.662209
Injury Possible,40.725735,-81.942598
Property Damage Only,40.872855,-82.053673
Property Damage Only,40.89806,-81.68374
Property Damage Only,40.97881,-81.6601
Property Damage Only,40.951011,-81.739762
Minor Injury Suspected,40.977513,-81.775134
Property Damage Only,40.960359,-81.780016
Injury Possible,40.966294,-81.899234
Property Damage Only,40.977568,-81.793501
Property Damage Only,40.986522,-81.891539
Property Damage Only,40.978718,-81.701693
Property Damage Only,40.958234,-81.780534
Property Damage Only,40.9615,-82.10957
Injury Possible,40.975237,-81.704894
Property Damage Only,40.980266,-81.764933
Property Damage Only,40.974727,-81.781604
Property Damage Only,40.977428,-81.783125
Property Damage Only,40.945169,-81.753773
Property Damage Only,40.977594,-81.902427
Property Damage Only,40.957172,-81.773112
Property Damage Only,40.970667,-81.762289
Property Damage Only,40.978087,-81.899556
Property Damage Only,40.97252,-81.69589
Property Damage Only,40.971,-81.69557
Property Damage Only,40.970407,-81.695802
Property Damage Only,40.97069,-81.762232
Property Damage Only,40.984406,-81.894725
Minor Injury Suspected,40.973048,-81.780362
Property Damage Only,40.973051,-81.780426
Property Damage Only,40.980706,-81.776996
Minor Injury Suspected,40.965702,-81.781309
Property Damage Only,40.98825,-81.795779
Minor Injury Suspected,40.973035,-81.78043
Property Damage Only,40.979049,-81.894895
Property Damage Only,40.945913,-81.786762
Property Damage Only,40.975742,-81.780114
Property Damage Only,40.975482,-81.899494
Property Damage Only,40.98269,-81.895922
Property Damage Only,40.982796,-81.89598
Property Damage Only,40.987594,-81.796301
Minor Injury Suspected,40.96709,-81.78518
Property Damage Only,40.972502,-81.775365
Minor Injury Suspected,40.978248,-81.780884
Property Damage Only,40.974221,-81.899451
Injury Possible,40.977485,-81.787008
Property Damage Only,40.97292,-81.775594
Injury Possible,40.968901,-81.899402
Property Damage Only,40.989144,-81.893108
Property Damage Only,40.97525,-81.7054
Property Damage Only,40.970654,-81.76487
Property Damage Only,40.973034,-81.775231
Property Damage Only,40.96743,-81.78174
Property Damage Only,40.967488,-81.78563
Property Damage Only,40.966532,-81.788635
Property Damage Only,40.980186,-81.764736
Property Damage Only,40.861892,-81.861935
Property Damage Only,40.862976,-81.859047
Property Damage Only,40.957555,-81.735408
Property Damage Only,40.970571,-81.730706
Minor Injury Suspected,40.926084,-81.763342
Property Damage Only,40.954863,-81.772293
